customerid,systemloanid,loanamount,totaldue,termdays,good_bad_flag,bank_name_clients,bank_branch_clients,latitude_gps,longitude_gps,employment_status_clients,level_of_education_clients,num_prev_loans,total_borrowed,avg_loan_amount,max_loan_amount,min_loan_amount,avg_total_due,avg_term_days
CUST_000001,LOAN_00000001,73564,98974,180,Bad,Fidelity Bank,Port Harcourt,5.1757094340162375,9.564337757093371,Contract,HND/BSc,5.0,226754.0,45350.8,61315.0,24015.0,59272.2,96.0
CUST_000002,LOAN_00000002,28946,36276,30,Good,Zenith Bank,Kano,7.3465310610977745,3.640081956062202,Permanent,Secondary,6.0,155454.0,25909.0,37147.0,12143.0,33532.5,75.0
CUST_000003,LOAN_00000003,44231,55623,180,Good,UBA,Kaduna,4.232550749980101,7.78319595262147,Permanent,PhD,4.0,96125.0,24031.25,53578.0,12844.0,31528.75,127.5
CUST_000004,LOAN_00000004,39029,49891,90,Good,Fidelity Bank,Port Harcourt,5.996015427401918,6.24880478906079,Permanent,Secondary,4.0,2104609.0,526152.25,1953959.0,23570.0,721284.75,90.0
CUST_000005,LOAN_00000005,118950,153544,90,Bad,First Bank,Benin City,11.024240245421394,14.992021473973384,Self-Employed,PhD,1.0,17385.0,17385.0,17385.0,17385.0,22083.0,180.0
CUST_000006,LOAN_00000006,43027,57640,60,Good,Union Bank,Jos,5.810577090599916,6.700260847587723,Permanent,HND/BSc,4.0,81437.0,20359.25,28221.0,14387.0,25398.0,105.0
CUST_000007,LOAN_00000007,89192,117192,60,Bad,UBA,Kano,4.7205706227606905,13.613958417526362,Self-Employed,Secondary,5.0,118952.0,23790.4,44307.0,5000.0,30404.0,78.0
CUST_000008,LOAN_00000008,298988,381156,60,Good,UBA,Lagos,8.27007861860071,11.11480482048573,Contract,Masters,1.0,123772.0,123772.0,123772.0,123772.0,153049.0,30.0
CUST_000009,LOAN_00000009,164438,193733,180,Bad,Fidelity Bank,Lagos,4.089723112610667,7.090996910305085,Contract,Secondary,2.0,26715.0,13357.5,20602.0,6113.0,17613.5,45.0
CUST_000010,LOAN_00000010,42134,49903,60,Good,Access Bank,Lagos,4.762895389836999,9.522412540489483,Permanent,Masters,4.0,365769.0,91442.25,192975.0,6863.0,120302.75,75.0
CUST_000011,LOAN_00000011,45381,59983,90,Good,First Bank,Lagos,11.268632826066776,13.086430559390326,Permanent,Secondary,0.0,0.0,0.0,0.0,0.0,0.0,0.0
CUST_000012,LOAN_00000012,86185,104905,180,Bad,Fidelity Bank,Jos,10.943260103736456,13.600419576370944,Contract,Masters,3.0,107466.0,35822.0,74395.0,15036.0,42436.333333333336,100.0
CUST_000013,LOAN_00000013,15757,19607,90,Good,First Bank,Port Harcourt,12.236249383644063,4.924726500073742,Permanent,HND/BSc,7.0,201635.0,28805.0,66511.0,10482.0,36463.42857142857,107.14285714285714
CUST_000014,LOAN_00000014,30041,38769,90,Good,First Bank,Enugu,11.690638923196746,7.074877694498035,Permanent,HND/BSc,2.0,677066.0,338533.0,631557.0,45509.0,437546.5,180.0
CUST_000015,LOAN_00000015,88816,104712,180,Good,Union Bank,Port Harcourt,10.148580069158363,7.02267816256286,Permanent,HND/BSc,2.0,26787.0,13393.5,19207.0,7580.0,16598.0,45.0
CUST_000016,LOAN_00000016,54206,68069,180,Bad,UBA,Ibadan,4.470995715705966,3.5045375529113363,Self-Employed,Secondary,5.0,356593.0,71318.6,202837.0,10469.0,98201.8,84.0
CUST_000017,LOAN_00000017,281562,340284,30,Good,Zenith Bank,Kaduna,11.045637561879918,10.178853118222758,Contract,Masters,1.0,12128.0,12128.0,12128.0,12128.0,16461.0,90.0
CUST_000018,LOAN_00000018,36506,45677,365,Good,Union Bank,Abuja,11.609597297565044,13.257840635906255,Contract,Secondary,3.0,90134.0,30044.666666666668,75739.0,7001.0,39303.333333333336,180.0
CUST_000019,LOAN_00000019,25913,30335,180,Good,Union Bank,Enugu,11.19173931194759,7.578892653906213,Contract,HND/BSc,2.0,71813.0,35906.5,36114.0,35699.0,47267.0,180.0
CUST_000020,LOAN_00000020,29386,37330,365,Good,First Bank,Enugu,8.576311317772234,11.880431339810125,Self-Employed,HND/BSc,1.0,22048.0,22048.0,22048.0,22048.0,27226.0,90.0
CUST_000021,LOAN_00000021,60550,81486,60,Good,Stanbic IBTC,Port Harcourt,6.096116547845335,10.53240496320888,Contract,HND/BSc,1.0,39382.0,39382.0,39382.0,39382.0,49364.0,30.0
CUST_000022,LOAN_00000022,52645,67716,180,Good,UBA,Enugu,11.60796978119854,7.50778482591601,Contract,Secondary,5.0,214301.0,42860.2,76761.0,7970.0,52696.6,42.0
CUST_000023,LOAN_00000023,356570,435780,90,Bad,Access Bank,Calabar,10.544465287661248,4.692717593907565,Temporary,Secondary,2.0,22565.0,11282.5,17565.0,5000.0,14564.5,45.0
CUST_000024,LOAN_00000024,43508,57145,365,Good,Union Bank,Calabar,12.826850569499664,11.511886233311609,Self-Employed,Secondary,3.0,188884.0,62961.333333333336,93094.0,30137.0,84221.33333333333,70.0
CUST_000025,LOAN_00000025,62539,82280,30,Good,Zenith Bank,Ibadan,5.401233379803396,13.254782027294883,Permanent,Masters,1.0,20883.0,20883.0,20883.0,20883.0,24366.0,30.0
CUST_000026,LOAN_00000026,121460,148737,60,Good,Stanbic IBTC,Abuja,6.030981247468496,11.230253908817902,Permanent,Secondary,2.0,59703.0,29851.5,37461.0,22242.0,35630.5,120.0
CUST_000027,LOAN_00000027,54919,73572,60,Good,Stanbic IBTC,Benin City,5.906183348933524,3.214541808417817,Self-Employed,,4.0,272369.0,68092.25,77591.0,47977.0,90329.0,112.5
CUST_000028,LOAN_00000028,93384,114964,30,Bad,Access Bank,Jos,11.13285790859203,5.594794732691895,Self-Employed,Secondary,1.0,110490.0,110490.0,110490.0,110490.0,127967.0,60.0
CUST_000029,LOAN_00000029,82119,104479,90,Bad,Union Bank,Port Harcourt,5.682165668051064,3.833759818602383,Contract,Secondary,2.0,89463.0,44731.5,63368.0,26095.0,53003.5,75.0
CUST_000030,LOAN_00000030,116980,149895,90,Bad,Zenith Bank,Jos,4.599938468409755,9.84463319491472,Contract,HND/BSc,5.0,256966.0,51393.2,67473.0,18116.0,68049.8,84.0
CUST_000031,LOAN_00000031,19412,24600,60,Good,UBA,Benin City,12.987047259270655,12.077732146084948,Contract,Secondary,0.0,0.0,0.0,0.0,0.0,0.0,0.0
CUST_000032,LOAN_00000032,114265,139653,60,Good,GTBank,Port Harcourt,4.223354903006342,4.326950244823913,Contract,HND/BSc,6.0,166519.0,27753.166666666668,64862.0,5000.0,35749.833333333336,110.0
CUST_000033,LOAN_00000033,53603,62411,180,Good,Zenith Bank,Port Harcourt,11.51719654142979,13.060053847120622,Self-Employed,Masters,1.0,170137.0,170137.0,170137.0,170137.0,207603.0,60.0
CUST_000034,LOAN_00000034,69545,93664,180,Bad,Access Bank,Abuja,7.288301573955875,9.666107740745796,Permanent,Secondary,1.0,25337.0,25337.0,25337.0,25337.0,33958.0,30.0
CUST_000035,LOAN_00000035,43944,54887,180,Good,Stanbic IBTC,Jos,11.574539137820338,11.279628145700698,Temporary,Masters,2.0,51404.0,25702.0,37572.0,13832.0,30845.5,120.0
CUST_000036,LOAN_00000036,225762,289618,60,Good,UBA,Calabar,8.991584420900304,14.656822183303754,Self-Employed,HND/BSc,0.0,0.0,0.0,0.0,0.0,0.0,0.0
CUST_000037,LOAN_00000037,11641,13573,60,Good,Zenith Bank,Lagos,12.11468106537724,4.004171858972368,Contract,Secondary,3.0,257075.0,85691.66666666667,155463.0,14649.0,112333.33333333333,70.0
CUST_000038,LOAN_00000038,183405,243145,365,Bad,GTBank,Jos,12.33573687773164,13.81468827573347,Permanent,Secondary,1.0,49181.0,49181.0,49181.0,49181.0,58088.0,60.0
CUST_000039,LOAN_00000039,34779,41906,90,Good,GTBank,Kaduna,4.081883631526984,4.513232351848911,Permanent,PhD,1.0,12961.0,12961.0,12961.0,12961.0,17214.0,180.0
CUST_000040,LOAN_00000040,203452,273545,30,Good,First Bank,Kaduna,4.678709583935095,7.715505679640187,Contract,Secondary,5.0,329714.0,65942.8,167063.0,7740.0,85016.2,120.0
CUST_000041,LOAN_00000041,159049,212187,60,Good,First Bank,Port Harcourt,6.253228566137699,13.217264355973372,Self-Employed,Masters,5.0,282178.0,56435.6,91578.0,15565.0,75531.6,126.0
CUST_000042,LOAN_00000042,134859,161266,180,Good,Fidelity Bank,Lagos,10.023838747271515,13.87505084085442,Contract,HND/BSc,0.0,0.0,0.0,0.0,0.0,0.0,0.0
CUST_000043,LOAN_00000043,116134,138948,30,Good,Access Bank,Kano,11.994449768603555,9.076460082541743,Permanent,Secondary,1.0,42232.0,42232.0,42232.0,42232.0,51428.0,60.0
CUST_000044,LOAN_00000044,366969,481131,90,Good,Union Bank,Benin City,8.139477561645664,10.129255659305102,Contract,HND/BSc,3.0,300111.0,100037.0,191472.0,44941.0,128496.33333333333,50.0
CUST_000045,LOAN_00000045,37198,43617,180,Good,Zenith Bank,Ibadan,9.46275804646839,11.497768015182686,Self-Employed,Masters,6.0,195179.0,32529.833333333332,92943.0,10667.0,42416.333333333336,80.0
CUST_000046,LOAN_00000046,37608,49423,30,Good,Zenith Bank,Lagos,5.696498675160051,12.99310402143257,Permanent,Masters,5.0,149574.0,29914.8,75676.0,7491.0,39415.2,108.0
CUST_000047,LOAN_00000047,35428,41807,180,Good,Union Bank,Ibadan,11.244701504935168,4.458134034451994,Contract,HND/BSc,2.0,225618.0,112809.0,144072.0,81546.0,150921.0,90.0
CUST_000048,LOAN_00000048,125507,146237,60,Good,Fidelity Bank,Jos,12.705953002181229,12.720831698750732,Self-Employed,Masters,7.0,394398.0,56342.57142857143,155594.0,20868.0,70102.14285714286,98.57142857142857
CUST_000049,LOAN_00000049,21176,27112,365,Good,Stanbic IBTC,Jos,6.417390396231378,8.775313806139401,Contract,Secondary,8.0,456455.0,57056.875,105374.0,12255.0,72704.75,90.0
CUST_000050,LOAN_00000050,134448,179304,180,Bad,Stanbic IBTC,Ibadan,8.453433564404918,8.407481101298028,Self-Employed,PhD,2.0,83821.0,41910.5,59771.0,24050.0,55232.5,30.0
CUST_000051,LOAN_00000051,47536,56257,60,Good,Fidelity Bank,Benin City,4.775044994557364,8.086797023963978,Contract,Masters,0.0,0.0,0.0,0.0,0.0,0.0,0.0
CUST_000052,LOAN_00000052,25484,31223,180,Bad,Stanbic IBTC,Lagos,9.032229908166716,9.110539022952512,Temporary,Masters,5.0,139197.0,27839.4,66855.0,15412.0,33314.6,84.0
CUST_000053,LOAN_00000053,25283,31551,60,Good,First Bank,Kano,8.525050976620125,14.340606640735242,Permanent,Masters,1.0,100225.0,100225.0,100225.0,100225.0,126876.0,180.0
CUST_000054,LOAN_00000054,31652,41019,60,Good,Zenith Bank,Port Harcourt,5.299928357395698,9.57844527350582,Contract,HND/BSc,5.0,411588.0,82317.6,252363.0,11105.0,103696.0,114.0
CUST_000055,LOAN_00000055,18236,21761,60,Good,Fidelity Bank,Abuja,7.978595918062675,14.438130459157671,Permanent,HND/BSc,5.0,334465.0,66893.0,107918.0,25229.0,87589.4,102.0
CUST_000056,LOAN_00000056,90337,104055,60,Good,Zenith Bank,Jos,7.006941868779069,5.163481567387687,Permanent,HND/BSc,1.0,65387.0,65387.0,65387.0,65387.0,81193.0,180.0
CUST_000057,LOAN_00000057,118353,138461,180,Good,Union Bank,Kaduna,8.696477877746705,11.689631745991598,Permanent,HND/BSc,1.0,10290.0,10290.0,10290.0,10290.0,13068.0,30.0
CUST_000058,LOAN_00000058,128918,172622,30,Good,GTBank,Benin City,9.270889018859194,12.746874463304966,Permanent,HND/BSc,2.0,51879.0,25939.5,44101.0,7778.0,31379.0,60.0
CUST_000059,LOAN_00000059,36272,42174,90,Good,First Bank,Abuja,4.076460207464885,11.149545976018343,Temporary,Secondary,1.0,7159.0,7159.0,7159.0,7159.0,9311.0,30.0
CUST_000060,LOAN_00000060,76599,88300,30,Bad,UBA,Kano,10.849053846546,10.283067362718484,Temporary,HND/BSc,2.0,52309.0,26154.5,36618.0,15691.0,32668.5,135.0
CUST_000061,LOAN_00000061,60124,76959,30,Good,First Bank,Enugu,10.417128626755668,9.777753373034187,Permanent,Secondary,3.0,293640.0,97880.0,197012.0,21356.0,125430.0,180.0
CUST_000062,LOAN_00000062,104112,133304,180,Bad,Fidelity Bank,Port Harcourt,7.2965774758587,13.331165790944352,Contract,Secondary,2.0,34158.0,17079.0,22664.0,11494.0,22692.0,120.0
CUST_000063,LOAN_00000063,85467,104169,60,Good,UBA,Jos,4.476423420119365,12.859759165974,Contract,HND/BSc,8.0,666669.0,83333.625,229897.0,13777.0,103749.0,90.0
CUST_000064,LOAN_00000064,64358,85416,90,Good,GTBank,Port Harcourt,10.794392858065454,4.467464654167195,Self-Employed,Masters,9.0,530253.0,58917.0,130140.0,21310.0,75537.11111111111,106.66666666666667
CUST_000065,LOAN_00000065,13538,16265,365,Good,Fidelity Bank,Abuja,12.596576444303192,13.183051884370538,Contract,HND/BSc,7.0,217246.0,31035.14285714286,84369.0,6548.0,40934.0,85.71428571428571
CUST_000066,LOAN_00000066,52403,69825,60,Good,Access Bank,Port Harcourt,6.161364364198128,7.96882343328531,Permanent,Masters,0.0,0.0,0.0,0.0,0.0,0.0,0.0
CUST_000067,LOAN_00000067,65427,85767,90,Bad,Zenith Bank,Enugu,6.911721523633341,6.044361959949729,Self-Employed,Secondary,3.0,135567.0,45189.0,102703.0,5000.0,60833.333333333336,70.0
CUST_000068,LOAN_00000068,34343,40571,90,Good,GTBank,Abuja,5.654316005336335,13.437222816167113,Self-Employed,HND/BSc,2.0,64425.0,32212.5,44170.0,20255.0,37981.5,105.0
CUST_000069,LOAN_00000069,48274,63829,60,Good,Zenith Bank,Jos,9.192425110103557,8.1842975956049,Contract,Secondary,2.0,62459.0,31229.5,44001.0,18458.0,41699.5,45.0
CUST_000070,LOAN_00000070,21175,26991,365,Bad,Stanbic IBTC,Lagos,5.393572551827095,12.7003762821218,Temporary,Secondary,1.0,12746.0,12746.0,12746.0,12746.0,16518.0,90.0
CUST_000071,LOAN_00000071,46310,61841,60,Good,Access Bank,Kaduna,7.205745491152415,6.160843343470134,Temporary,HND/BSc,5.0,222584.0,44516.8,109095.0,24075.0,55493.8,90.0
CUST_000072,LOAN_00000072,89742,108853,365,Good,Access Bank,Abuja,10.273117125408366,3.0471518570666136,Contract,HND/BSc,6.0,501748.0,83624.66666666667,161023.0,21942.0,107761.83333333333,85.0
CUST_000073,LOAN_00000073,318458,429201,60,Good,GTBank,Calabar,9.041043847084136,8.945510314835332,Contract,Secondary,0.0,0.0,0.0,0.0,0.0,0.0,0.0
CUST_000074,LOAN_00000074,26631,33423,60,Good,Access Bank,Enugu,7.478163078951417,4.202739079714611,Temporary,HND/BSc,8.0,384454.0,48056.75,111104.0,8176.0,62246.25,67.5
CUST_000075,LOAN_00000075,58736,76044,180,Good,UBA,Abuja,7.782246416267877,12.052511466298917,Permanent,Masters,1.0,19025.0,19025.0,19025.0,19025.0,26365.0,30.0
CUST_000076,LOAN_00000076,27745,33943,30,Bad,Access Bank,Abuja,9.058997943609064,6.312901632832924,Permanent,Secondary,2.0,149247.0,74623.5,80041.0,69206.0,93496.0,45.0
CUST_000077,LOAN_00000077,55600,71401,180,Good,Zenith Bank,Calabar,4.052782550984452,8.323747759241744,Permanent,Secondary,2.0,66223.0,33111.5,56587.0,9636.0,45381.5,60.0
CUST_000078,LOAN_00000078,50061,64187,90,Bad,Zenith Bank,Jos,4.706588816082489,4.0444027810986505,Self-Employed,HND/BSc,6.0,338500.0,56416.666666666664,102126.0,16169.0,72390.83333333333,95.0
CUST_000079,LOAN_00000079,116577,150198,60,Bad,Fidelity Bank,Abuja,11.931322609867106,6.439910981367031,Self-Employed,Secondary,1.0,9465.0,9465.0,9465.0,9465.0,11888.0,180.0
CUST_000080,LOAN_00000080,130521,172508,30,Bad,Zenith Bank,Kaduna,4.700910901821617,12.377882919102865,Permanent,,1.0,52460.0,52460.0,52460.0,52460.0,62569.0,180.0
CUST_000081,LOAN_00000081,68203,80850,365,Bad,Fidelity Bank,Port Harcourt,10.361232365894546,4.819054942827833,Temporary,HND/BSc,2.0,86874.0,43437.0,65644.0,21230.0,55622.0,105.0
CUST_000082,LOAN_00000082,54633,65539,30,Good,Zenith Bank,Jos,12.280343476981471,10.765914733523488,Self-Employed,HND/BSc,0.0,0.0,0.0,0.0,0.0,0.0,0.0
CUST_000083,LOAN_00000083,154689,187649,60,Good,UBA,Kaduna,6.43615243871558,14.009110233654011,Self-Employed,HND/BSc,3.0,170856.0,56952.0,132334.0,17540.0,72572.66666666667,120.0
CUST_000084,LOAN_00000084,69136,92831,60,Good,Union Bank,Jos,7.334422933535628,11.158041117092644,Permanent,HND/BSc,1.0,42942.0,42942.0,42942.0,42942.0,51340.0,90.0
CUST_000085,LOAN_00000085,201421,269052,180,Bad,Fidelity Bank,Kaduna,9.120292652602448,12.73226027150672,Contract,Secondary,1.0,182770.0,182770.0,182770.0,182770.0,211827.0,180.0
CUST_000086,LOAN_00000086,16200,20701,90,Good,First Bank,Enugu,11.935380726747262,4.3076595516469895,Self-Employed,PhD,6.0,250438.0,41739.666666666664,131180.0,8806.0,53399.5,60.0
CUST_000087,LOAN_00000087,249091,324752,365,Good,Stanbic IBTC,Kaduna,12.477150285343782,6.008781912024654,Contract,HND/BSc,5.0,227401.0,45480.2,79207.0,15475.0,59080.8,84.0
CUST_000088,LOAN_00000088,36527,45564,60,Good,GTBank,Ibadan,10.656069233001412,13.734466226887092,Self-Employed,Secondary,4.0,131186.0,32796.5,81727.0,6093.0,42538.5,82.5
CUST_000089,LOAN_00000089,25106,32720,90,Good,Zenith Bank,Kaduna,4.779577847692246,11.581267363417073,Self-Employed,HND/BSc,0.0,0.0,0.0,0.0,0.0,0.0,0.0
CUST_000090,LOAN_00000090,57768,77071,30,Good,Access Bank,Lagos,10.022387399813656,10.674645916527734,Permanent,Secondary,8.0,399501.0,49937.625,155344.0,14420.0,64907.25,101.25
CUST_000091,LOAN_00000091,23600,27845,180,Bad,Union Bank,Lagos,7.6927334968539585,10.9652008334604,Self-Employed,Secondary,2.0,50320.0,25160.0,26835.0,23485.0,34198.0,45.0
CUST_000092,LOAN_00000092,94386,111920,180,Bad,Zenith Bank,Benin City,8.236308995419554,7.970406651655721,Permanent,HND/BSc,7.0,201015.0,28716.428571428572,69256.0,6901.0,36242.0,51.42857142857143
CUST_000093,LOAN_00000093,41352,51758,90,Good,Access Bank,Ibadan,4.442335513106594,3.534679579411838,Permanent,HND/BSc,5.0,151018.0,30203.6,68137.0,12627.0,36194.2,78.0
CUST_000094,LOAN_00000094,75348,101065,365,Good,Stanbic IBTC,Ibadan,5.719559254117224,12.413298504848749,Permanent,HND/BSc,4.0,229022.0,57255.5,104584.0,23632.0,77419.25,97.5
CUST_000095,LOAN_00000095,27395,33192,90,Good,Stanbic IBTC,Port Harcourt,11.11462246780283,11.144558834584243,Permanent,Secondary,2.0,90091.0,45045.5,73801.0,16290.0,56199.5,45.0
CUST_000096,LOAN_00000096,50113,64806,30,Good,Stanbic IBTC,Ibadan,8.085629497430737,8.673653569352696,Permanent,HND/BSc,4.0,181591.0,45397.75,113872.0,20038.0,60063.0,75.0
CUST_000097,LOAN_00000097,64701,74674,60,Bad,Access Bank,Port Harcourt,6.714960174680339,13.79711538441909,Self-Employed,Secondary,1.0,22592.0,22592.0,22592.0,22592.0,26804.0,90.0
CUST_000098,LOAN_00000098,51497,67587,365,Good,Zenith Bank,Benin City,7.456171665684623,7.033915979821186,Self-Employed,HND/BSc,10.0,469444.0,46944.4,127952.0,9298.0,59268.3,123.0
CUST_000099,LOAN_00000099,213903,250050,30,Bad,Stanbic IBTC,Benin City,11.689595619931122,6.531860930774831,Contract,HND/BSc,6.0,214708.0,35784.666666666664,74375.0,9350.0,44390.333333333336,90.0
CUST_000100,LOAN_00000100,95668,127995,90,Good,UBA,Enugu,10.740991156644611,13.473555900953317,Self-Employed,HND/BSc,1.0,106153.0,106153.0,106153.0,106153.0,122461.0,30.0
CUST_000101,LOAN_00000101,70469,89601,60,Good,Fidelity Bank,Lagos,6.450838574629745,12.563851857107826,Permanent,Masters,2.0,105877.0,52938.5,61507.0,44370.0,69377.5,30.0
CUST_000102,LOAN_00000102,13558,18290,60,Good,Access Bank,Kaduna,5.05751656191136,9.179757727780135,Permanent,Masters,5.0,133751.0,26750.2,44645.0,10731.0,34699.0,90.0
CUST_000103,LOAN_00000103,81028,108501,90,Good,Access Bank,Kaduna,6.267983994796645,4.5688168734942,Contract,,1.0,5034.0,5034.0,5034.0,5034.0,5928.0,180.0
CUST_000104,LOAN_00000104,160960,203525,90,Bad,Zenith Bank,Calabar,12.286808059492603,5.58085765758063,Contract,,1.0,28283.0,28283.0,28283.0,28283.0,38939.0,30.0
CUST_000105,LOAN_00000105,34476,46117,30,Good,Access Bank,Calabar,9.2342995406478,10.87473588490568,Self-Employed,Masters,1.0,18759.0,18759.0,18759.0,18759.0,22395.0,60.0
CUST_000106,LOAN_00000106,51088,61828,60,Good,Access Bank,Kano,8.801321878703046,7.62049485408494,Contract,,0.0,0.0,0.0,0.0,0.0,0.0,0.0
CUST_000107,LOAN_00000107,10000,12767,60,Good,Stanbic IBTC,Jos,9.367542397232151,13.037678299991654,Self-Employed,Masters,0.0,0.0,0.0,0.0,0.0,0.0,0.0
CUST_000108,LOAN_00000108,22103,26039,60,Good,Zenith Bank,Enugu,7.294254391718637,14.39946011198645,Self-Employed,Masters,1.0,18990.0,18990.0,18990.0,18990.0,23267.0,60.0
CUST_000109,LOAN_00000109,11302,14465,30,Bad,Stanbic IBTC,Kano,11.263963182875614,12.66764310329902,Temporary,Secondary,6.0,547913.0,91318.83333333333,290803.0,10866.0,115342.66666666667,95.0
CUST_000110,LOAN_00000110,65075,75098,365,Bad,Fidelity Bank,Kano,8.709576243702248,7.530545075946685,Permanent,Secondary,5.0,824002.0,164800.4,616544.0,14500.0,211517.2,48.0
CUST_000111,LOAN_00000111,53093,63291,30,Good,Union Bank,Abuja,5.05073112491916,12.46423715077709,Contract,Masters,1.0,25309.0,25309.0,25309.0,25309.0,33004.0,60.0
CUST_000112,LOAN_00000112,55014,65755,180,Good,Fidelity Bank,Abuja,5.161586123461566,7.217300081648201,Contract,HND/BSc,1.0,12287.0,12287.0,12287.0,12287.0,15663.0,90.0
CUST_000113,LOAN_00000113,42211,56703,90,Good,Union Bank,Kano,8.831732318523565,5.005201053187607,Temporary,Masters,0.0,0.0,0.0,0.0,0.0,0.0,0.0
CUST_000114,LOAN_00000114,135308,175880,180,Good,Stanbic IBTC,Ibadan,12.429131962637552,3.4007184583902887,Permanent,HND/BSc,5.0,164260.0,32852.0,68916.0,12089.0,42170.6,138.0
CUST_000115,LOAN_00000115,22331,28118,30,Good,Fidelity Bank,Jos,6.775169095085788,7.628600553132241,Contract,HND/BSc,8.0,382778.0,47847.25,153304.0,9405.0,61852.125,105.0
CUST_000116,LOAN_00000116,56426,68195,365,Good,Zenith Bank,Enugu,11.825870519732964,13.842711644367382,Permanent,Masters,2.0,51214.0,25607.0,36676.0,14538.0,32615.0,120.0
CUST_000117,LOAN_00000117,96481,111224,60,Good,GTBank,Kano,10.876860279209914,5.867839053068118,Contract,PhD,7.0,208167.0,29738.14285714286,58861.0,5990.0,39339.42857142857,90.0
CUST_000118,LOAN_00000118,51869,64397,90,Good,Stanbic IBTC,Kaduna,6.230311986162162,5.478157979157408,Permanent,Secondary,3.0,236692.0,78897.33333333333,185950.0,19522.0,106114.66666666667,110.0
CUST_000119,LOAN_00000119,55679,68073,90,Good,Union Bank,Jos,4.327066734846182,14.637849422892485,Permanent,Masters,0.0,0.0,0.0,0.0,0.0,0.0,0.0
CUST_000120,LOAN_00000120,30944,40089,30,Good,UBA,Abuja,4.916625386281445,3.300049354207105,Contract,Masters,0.0,0.0,0.0,0.0,0.0,0.0,0.0
CUST_000121,LOAN_00000121,45799,54635,365,Good,Union Bank,Kaduna,10.556445404626963,12.429385804725053,Permanent,HND/BSc,3.0,149128.0,49709.333333333336,73276.0,25830.0,59441.666666666664,100.0
CUST_000122,LOAN_00000122,106370,142666,365,Bad,UBA,Abuja,5.79702764236582,6.856439468890445,Permanent,HND/BSc,3.0,186485.0,62161.666666666664,97469.0,37464.0,73675.66666666667,110.0
CUST_000123,LOAN_00000123,11901,15733,365,Good,Access Bank,Abuja,7.341438284548544,3.449855482435912,Permanent,Secondary,4.0,182447.0,45611.75,72180.0,14776.0,59200.5,75.0
CUST_000124,LOAN_00000124,52763,66746,60,Good,Fidelity Bank,Jos,8.515292494057825,14.013630482515005,Permanent,Secondary,4.0,117337.0,29334.25,49257.0,14125.0,36916.0,97.5
CUST_000125,LOAN_00000125,37519,47823,30,Good,UBA,Abuja,10.529213516051463,4.675707962515004,Temporary,HND/BSc,5.0,430516.0,86103.2,173548.0,23424.0,108064.0,78.0
CUST_000126,LOAN_00000126,56599,71619,90,Good,Union Bank,Benin City,5.019081009332128,9.621351404708346,Contract,Secondary,6.0,553076.0,92179.33333333333,340495.0,10723.0,120527.66666666667,110.0
CUST_000127,LOAN_00000127,247346,300553,30,Bad,Access Bank,Lagos,7.6572976474971535,6.288650489154573,Self-Employed,Secondary,6.0,203013.0,33835.5,44412.0,21182.0,42699.166666666664,130.0
CUST_000128,LOAN_00000128,41885,53207,30,Good,GTBank,Benin City,8.365656182284258,3.782313626216293,Contract,Masters,1.0,199496.0,199496.0,199496.0,199496.0,263215.0,60.0
CUST_000129,LOAN_00000129,197106,264409,60,Good,Zenith Bank,Lagos,8.867443575743856,3.599069827960549,Temporary,HND/BSc,2.0,32282.0,16141.0,22170.0,10112.0,20188.0,60.0
CUST_000130,LOAN_00000130,144386,172056,60,Good,Zenith Bank,Calabar,11.36524577255695,4.3866803860360655,Contract,HND/BSc,3.0,103326.0,34442.0,53320.0,19863.0,44001.0,60.0
CUST_000131,LOAN_00000131,61323,77092,30,Good,Zenith Bank,Calabar,5.545103755388952,3.8564041666725606,Contract,Secondary,2.0,65525.0,32762.5,45730.0,19795.0,39673.0,105.0
CUST_000132,LOAN_00000132,64195,76341,30,Good,UBA,Abuja,11.2704830664396,12.126697386239076,Contract,Masters,1.0,22334.0,22334.0,22334.0,22334.0,29828.0,90.0
CUST_000133,LOAN_00000133,69216,88585,60,Bad,GTBank,Enugu,10.23590584926987,8.82679442740115,Self-Employed,Masters,0.0,0.0,0.0,0.0,0.0,0.0,0.0
CUST_000134,LOAN_00000134,30941,36314,365,Good,UBA,Enugu,9.002837327790633,7.114705096187756,Contract,HND/BSc,7.0,565152.0,80736.0,174254.0,5000.0,100536.85714285714,77.14285714285714
CUST_000135,LOAN_00000135,98861,129789,180,Bad,Fidelity Bank,Lagos,10.295750833623147,8.020426921584086,Permanent,PhD,3.0,46689.0,15563.0,26763.0,6196.0,19638.0,80.0
CUST_000136,LOAN_00000136,36674,46920,365,Good,UBA,Kaduna,7.708159650564907,14.14736082687148,Permanent,Masters,1.0,111925.0,111925.0,111925.0,111925.0,129508.0,60.0
CUST_000137,LOAN_00000137,61610,72351,90,Good,GTBank,Jos,5.245578273713122,13.929021752857766,Contract,Masters,2.0,65041.0,32520.5,46743.0,18298.0,43010.0,60.0
CUST_000138,LOAN_00000138,10334,12430,30,Good,GTBank,Abuja,9.991887162388306,11.588117761470922,Contract,Masters,1.0,10867.0,10867.0,10867.0,10867.0,12684.0,30.0
CUST_000139,LOAN_00000139,30012,38614,30,Good,Fidelity Bank,Jos,8.7220507601706,13.616188529060253,Permanent,Secondary,9.0,418748.0,46527.555555555555,116176.0,5000.0,59729.11111111111,110.0
CUST_000140,LOAN_00000140,91865,117388,365,Bad,GTBank,Benin City,9.75437320488498,6.835776331051497,Permanent,Secondary,1.0,88588.0,88588.0,88588.0,88588.0,105037.0,180.0
CUST_000141,LOAN_00000141,24372,32709,30,Good,Union Bank,Enugu,7.04198902925641,7.573311912099394,Contract,Secondary,5.0,373098.0,74619.6,238292.0,5000.0,96773.8,54.0
CUST_000142,LOAN_00000142,78211,93197,60,Bad,GTBank,Ibadan,12.161799196058524,10.364546182250736,Self-Employed,Secondary,2.0,117265.0,58632.5,69515.0,47750.0,73229.5,60.0
CUST_000143,LOAN_00000143,39903,46732,90,Good,Zenith Bank,Benin City,9.286328817180191,10.48351136756717,Permanent,Secondary,3.0,164677.0,54892.333333333336,81619.0,29136.0,64417.333333333336,90.0
CUST_000144,LOAN_00000144,132206,165099,60,Good,Union Bank,Benin City,4.768622358617865,8.78039805614809,Permanent,Masters,5.0,407831.0,81566.2,145902.0,13994.0,102176.8,78.0
CUST_000145,LOAN_00000145,163792,206479,90,Bad,Union Bank,Lagos,8.04823591633986,7.807894181255439,Self-Employed,Secondary,2.0,252883.0,126441.5,159697.0,93186.0,160981.0,30.0
CUST_000146,LOAN_00000146,69016,91015,180,Bad,Fidelity Bank,Port Harcourt,10.807204492692708,14.83416373930434,Contract,,0.0,0.0,0.0,0.0,0.0,0.0,0.0
CUST_000147,LOAN_00000147,59166,70708,30,Good,First Bank,Benin City,11.147211055590452,12.853483513412693,Permanent,HND/BSc,1.0,115468.0,115468.0,115468.0,115468.0,140247.0,90.0
CUST_000148,LOAN_00000148,61842,77248,60,Bad,First Bank,Abuja,8.45137347487383,8.219762374656543,Self-Employed,Secondary,3.0,179116.0,59705.333333333336,69212.0,43946.0,74797.33333333333,90.0
CUST_000149,LOAN_00000149,58855,74228,90,Good,GTBank,Kano,12.05272813748171,11.72750972687482,Contract,HND/BSc,0.0,0.0,0.0,0.0,0.0,0.0,0.0
CUST_000150,LOAN_00000150,155332,204468,180,Bad,Union Bank,Kano,6.409015934748679,6.234740319029514,Contract,Secondary,1.0,6976.0,6976.0,6976.0,6976.0,9744.0,180.0
CUST_000151,LOAN_00000151,444138,523225,30,Bad,First Bank,Abuja,7.695388275144399,4.202031914847959,Temporary,,3.0,111917.0,37305.666666666664,53378.0,11941.0,48396.333333333336,60.0
CUST_000152,LOAN_00000152,20603,23951,60,Good,First Bank,Port Harcourt,12.08737219512073,7.229172306632888,Temporary,Masters,5.0,190475.0,38095.0,77109.0,18274.0,49977.6,72.0
CUST_000153,LOAN_00000153,26301,33340,60,Good,GTBank,Port Harcourt,12.06631044824421,7.83567360148073,Permanent,Secondary,2.0,52184.0,26092.0,35888.0,16296.0,32097.0,45.0
CUST_000154,LOAN_00000154,178177,234048,90,Good,First Bank,Lagos,10.171414919422128,3.1984454947280496,Permanent,PhD,5.0,196392.0,39278.4,101181.0,8862.0,50873.8,84.0
CUST_000155,LOAN_00000155,24008,29259,30,Good,UBA,Enugu,11.73082492409998,12.777504019630753,Permanent,Masters,1.0,60242.0,60242.0,60242.0,60242.0,70637.0,60.0
CUST_000156,LOAN_00000156,19977,24552,365,Good,Access Bank,Jos,4.798959402606094,7.310320828670179,Permanent,Secondary,1.0,51380.0,51380.0,51380.0,51380.0,71419.0,90.0
CUST_000157,LOAN_00000157,325233,436935,30,Good,Fidelity Bank,Port Harcourt,11.784954785869989,9.965017989361764,Permanent,HND/BSc,4.0,106507.0,26626.75,45525.0,15945.0,33615.0,90.0
CUST_000158,LOAN_00000158,48078,63011,60,Good,Access Bank,Ibadan,6.885579158952041,3.887558247251472,Permanent,HND/BSc,9.0,739831.0,82203.44444444444,400519.0,5054.0,104432.55555555556,80.0
CUST_000159,LOAN_00000159,49015,63945,90,Bad,GTBank,Lagos,5.604983611853947,5.099961945007008,Temporary,Secondary,1.0,80142.0,80142.0,80142.0,80142.0,109181.0,30.0
CUST_000160,LOAN_00000160,39852,46399,30,Good,Zenith Bank,Calabar,6.154328527078417,13.67632470393072,Self-Employed,Masters,3.0,129107.0,43035.666666666664,61094.0,15575.0,53949.333333333336,120.0
CUST_000161,LOAN_00000161,95327,120369,90,Good,Fidelity Bank,Kaduna,7.761716572124984,10.30425033459361,Contract,Secondary,3.0,186157.0,62052.333333333336,113468.0,30437.0,80579.33333333333,40.0
CUST_000162,LOAN_00000162,24185,27908,365,Good,GTBank,Calabar,6.2607280414402044,14.403408602045827,Contract,HND/BSc,3.0,149534.0,49844.666666666664,62120.0,34497.0,64035.666666666664,150.0
CUST_000163,LOAN_00000163,247585,296382,60,Good,Union Bank,Lagos,6.885108274148491,14.985000412695804,Permanent,Secondary,3.0,149516.0,49838.666666666664,87900.0,5393.0,62192.0,120.0
CUST_000164,LOAN_00000164,109364,136311,30,Good,Zenith Bank,Benin City,5.214806374644779,7.462321383997132,Permanent,,9.0,401278.0,44586.444444444445,76586.0,17558.0,56973.555555555555,73.33333333333333
CUST_000165,LOAN_00000165,57443,75170,60,Good,Access Bank,Jos,6.665590890030987,6.585636768999295,Permanent,Masters,9.0,428028.0,47558.666666666664,238284.0,10679.0,60207.11111111111,110.0
CUST_000166,LOAN_00000166,38508,47364,365,Bad,GTBank,Kaduna,9.15055433087801,13.300272661909162,Self-Employed,Secondary,4.0,203309.0,50827.25,85670.0,36037.0,63742.25,90.0
CUST_000167,LOAN_00000167,65290,85059,90,Good,Union Bank,Calabar,7.976683372819576,14.98333712444945,Permanent,HND/BSc,3.0,72328.0,24109.333333333332,29817.0,12914.0,31529.333333333332,50.0
CUST_000168,LOAN_00000168,138023,180586,60,Bad,Fidelity Bank,Kaduna,7.120468851123201,10.555694810789488,Self-Employed,Secondary,2.0,65171.0,32585.5,40285.0,24886.0,39934.5,45.0
CUST_000169,LOAN_00000169,485995,571984,60,Good,Fidelity Bank,Ibadan,10.718069159714029,12.541688670138267,Contract,Masters,3.0,165320.0,55106.666666666664,90604.0,29608.0,73983.0,150.0
CUST_000170,LOAN_00000170,200188,255616,30,Bad,Stanbic IBTC,Ibadan,12.04158974253986,12.380950305783294,Permanent,Secondary,0.0,0.0,0.0,0.0,0.0,0.0,0.0
CUST_000171,LOAN_00000171,134634,174047,180,Good,Union Bank,Ibadan,10.811103006121574,7.264076498634564,Permanent,Masters,5.0,207343.0,41468.6,58910.0,22113.0,53817.6,84.0
CUST_000172,LOAN_00000172,61971,76448,60,Good,UBA,Lagos,6.988006319059113,9.891244563085046,Contract,PhD,3.0,73556.0,24518.666666666668,48644.0,8090.0,29745.0,30.0
CUST_000173,LOAN_00000173,160492,186199,365,Bad,First Bank,Jos,10.699979510537982,12.996683295170564,Temporary,HND/BSc,1.0,22724.0,22724.0,22724.0,22724.0,29955.0,30.0
CUST_000174,LOAN_00000174,45382,54878,90,Good,Zenith Bank,Lagos,5.367821642266461,11.257366515132668,Self-Employed,Secondary,2.0,40542.0,20271.0,24729.0,15813.0,25812.5,30.0
CUST_000175,LOAN_00000175,78081,98604,180,Good,Union Bank,Kano,5.172861892821619,3.253965767784459,Permanent,HND/BSc,5.0,500060.0,100012.0,248523.0,21603.0,123924.4,84.0
CUST_000176,LOAN_00000176,152749,197748,60,Good,Stanbic IBTC,Benin City,7.110643333325431,7.040468026770402,Contract,HND/BSc,2.0,53022.0,26511.0,38114.0,14908.0,35473.0,45.0
CUST_000177,LOAN_00000177,97286,112164,90,Good,First Bank,Benin City,11.269321321396513,4.733708359135264,Permanent,HND/BSc,3.0,92909.0,30969.666666666668,54444.0,16570.0,37610.666666666664,80.0
CUST_000178,LOAN_00000178,35180,40657,60,Good,First Bank,Ibadan,6.2171342251807165,5.795666544936469,Temporary,HND/BSc,4.0,258877.0,64719.25,109463.0,25607.0,82402.0,105.0
CUST_000179,LOAN_00000179,17567,23259,60,Good,GTBank,Kano,4.5692806800881165,13.865873729895908,Self-Employed,HND/BSc,2.0,86367.0,43183.5,72508.0,13859.0,52396.0,30.0
CUST_000180,LOAN_00000180,89428,107274,30,Good,First Bank,Port Harcourt,5.185385816857195,3.442719466929218,Contract,HND/BSc,3.0,260122.0,86707.33333333333,137828.0,37237.0,107245.33333333333,50.0
CUST_000181,LOAN_00000181,66683,80352,60,Good,UBA,Port Harcourt,11.72870471676622,5.6376085435430845,Contract,Masters,1.0,40812.0,40812.0,40812.0,40812.0,57003.0,30.0
CUST_000182,LOAN_00000182,125994,156809,60,Bad,Fidelity Bank,Ibadan,9.704049562725588,6.7148322268587775,Contract,Secondary,5.0,308333.0,61666.6,135490.0,12199.0,77180.2,96.0
CUST_000183,LOAN_00000183,62712,81065,90,Good,Stanbic IBTC,Calabar,6.27881047032979,10.402608863596738,Permanent,HND/BSc,5.0,230513.0,46102.6,56270.0,33882.0,59968.6,102.0
CUST_000184,LOAN_00000184,44193,54138,60,Good,First Bank,Lagos,8.997662427953632,9.409220281030386,Permanent,Masters,8.0,704041.0,88005.125,384819.0,7187.0,116011.125,116.25
CUST_000185,LOAN_00000185,139129,172398,180,Bad,GTBank,Ibadan,8.748216601828155,5.619233794240634,Permanent,Secondary,2.0,78153.0,39076.5,54220.0,23933.0,47899.5,135.0
CUST_000186,LOAN_00000186,132859,174034,90,Bad,UBA,Enugu,9.898923805965952,4.9708928066778535,Temporary,Masters,2.0,106269.0,53134.5,77281.0,28988.0,69387.0,75.0
CUST_000187,LOAN_00000187,11077,13325,90,Good,Access Bank,Kaduna,6.098687989794547,5.841576415153426,Contract,Masters,3.0,116444.0,38814.666666666664,85199.0,10272.0,48207.0,70.0
CUST_000188,LOAN_00000188,17760,22376,60,Good,Fidelity Bank,Benin City,11.77962688474958,9.030355520419867,Permanent,HND/BSc,8.0,435946.0,54493.25,181767.0,11603.0,72268.5,97.5
CUST_000189,LOAN_00000189,66427,80806,180,Bad,Fidelity Bank,Port Harcourt,6.784317058720116,6.254133428534441,Self-Employed,Secondary,2.0,47198.0,23599.0,28939.0,18259.0,29611.0,105.0
CUST_000190,LOAN_00000190,56829,75316,365,Good,Stanbic IBTC,Abuja,10.247184885786131,14.371230019292666,Permanent,Secondary,2.0,20058.0,10029.0,10287.0,9771.0,13120.0,60.0
CUST_000191,LOAN_00000191,51555,63097,30,Good,Fidelity Bank,Port Harcourt,4.145121817349934,8.566382657146171,Permanent,HND/BSc,2.0,121652.0,60826.0,85841.0,35811.0,80129.0,120.0
CUST_000192,LOAN_00000192,115745,140551,365,Bad,First Bank,Benin City,7.353914169047325,3.7055521985356448,Permanent,Secondary,2.0,99188.0,49594.0,68004.0,31184.0,65615.0,75.0
CUST_000193,LOAN_00000193,300258,400682,60,Bad,GTBank,Kaduna,7.165388361629274,11.7511968700396,Contract,,2.0,30237.0,15118.5,16309.0,13928.0,19075.5,45.0
CUST_000194,LOAN_00000194,26234,32902,30,Good,Fidelity Bank,Benin City,8.891359857247132,6.946143458507875,Contract,HND/BSc,6.0,238826.0,39804.333333333336,100435.0,16757.0,51993.833333333336,115.0
CUST_000195,LOAN_00000195,56725,68678,60,Good,Fidelity Bank,Abuja,4.654626355994768,10.84186718469897,Contract,Secondary,2.0,85090.0,42545.0,60832.0,24258.0,54815.5,120.0
CUST_000196,LOAN_00000196,58670,78581,30,Good,Access Bank,Ibadan,11.111182363534976,6.355132446278784,Self-Employed,PhD,0.0,0.0,0.0,0.0,0.0,0.0,0.0
CUST_000197,LOAN_00000197,70561,92137,60,Good,Access Bank,Kano,5.9600272159081165,9.84892490079984,Permanent,Masters,4.0,228822.0,57205.5,73404.0,37767.0,75820.0,127.5
CUST_000198,LOAN_00000198,22495,29671,90,Good,Zenith Bank,Abuja,10.093340333938093,12.265830057689575,Self-Employed,Secondary,0.0,0.0,0.0,0.0,0.0,0.0,0.0
CUST_000199,LOAN_00000199,87024,117033,30,Good,UBA,Benin City,11.228909109196838,14.136104901294647,Permanent,HND/BSc,2.0,54908.0,27454.0,34517.0,20391.0,34277.0,60.0
CUST_000200,LOAN_00000200,61658,79576,365,Bad,First Bank,Benin City,9.05689260617362,6.133525733196924,Self-Employed,Secondary,5.0,351998.0,70399.6,115510.0,32970.0,93982.4,54.0
CUST_000201,LOAN_00000201,305932,404012,30,Bad,Fidelity Bank,Enugu,10.66794886049787,7.018283411987774,Self-Employed,,2.0,72708.0,36354.0,67708.0,5000.0,48331.0,30.0
CUST_000202,LOAN_00000202,81458,97388,60,Bad,Union Bank,Enugu,9.95674280993505,8.571197043431276,Self-Employed,HND/BSc,2.0,113592.0,56796.0,60226.0,53366.0,74712.0,60.0
CUST_000203,LOAN_00000203,34186,40718,180,Good,Fidelity Bank,Jos,7.199768174368069,14.126098052831866,Contract,Masters,3.0,239078.0,79692.66666666667,124274.0,37040.0,95407.0,70.0
CUST_000204,LOAN_00000204,18074,21282,90,Good,GTBank,Enugu,11.279726851302089,13.816642281727884,Self-Employed,HND/BSc,10.0,574133.0,57413.3,129008.0,14646.0,73543.6,81.0
CUST_000205,LOAN_00000205,55361,63980,180,Good,Zenith Bank,Lagos,6.652312328969751,4.078539361207657,Permanent,Masters,2.0,108875.0,54437.5,103875.0,5000.0,66894.5,135.0
CUST_000206,LOAN_00000206,32868,42450,180,Bad,UBA,Kano,9.140916259763657,4.58315790904573,Self-Employed,Secondary,2.0,386825.0,193412.5,277893.0,108932.0,259609.0,30.0
CUST_000207,LOAN_00000207,42661,53081,30,Good,Union Bank,Kaduna,10.708579652273857,8.946110127967659,Permanent,,0.0,0.0,0.0,0.0,0.0,0.0,0.0
CUST_000208,LOAN_00000208,78946,94690,90,Good,Zenith Bank,Abuja,7.410603188312568,4.279431273665082,Permanent,PhD,1.0,84712.0,84712.0,84712.0,84712.0,114222.0,180.0
CUST_000209,LOAN_00000209,72259,90534,30,Good,Stanbic IBTC,Benin City,6.7249084685568254,7.14697048018437,Contract,HND/BSc,5.0,179448.0,35889.6,52999.0,10107.0,46255.0,132.0
CUST_000210,LOAN_00000210,69920,88632,180,Good,UBA,Jos,8.134114091555404,4.780624538609732,Self-Employed,Masters,2.0,154774.0,77387.0,99699.0,55075.0,96198.0,75.0
CUST_000211,LOAN_00000211,182373,228420,90,Good,Fidelity Bank,Jos,11.36167144914238,10.63248426158263,Permanent,Masters,9.0,475591.0,52843.444444444445,213865.0,5665.0,68751.55555555556,76.66666666666667
CUST_000212,LOAN_00000212,82980,103421,90,Bad,Fidelity Bank,Kaduna,12.369295868310983,14.393945180869942,Temporary,PhD,2.0,35373.0,17686.5,28740.0,6633.0,21030.0,60.0
CUST_000213,LOAN_00000213,524806,643999,60,Bad,UBA,Kano,8.90575071573901,14.960805243532578,Temporary,HND/BSc,1.0,16814.0,16814.0,16814.0,16814.0,22337.0,90.0
CUST_000214,LOAN_00000214,68122,91858,30,Good,Fidelity Bank,Abuja,9.953195847912866,7.502893589962978,Contract,HND/BSc,5.0,131140.0,26228.0,66877.0,13658.0,31917.2,96.0
CUST_000215,LOAN_00000215,43238,57245,90,Good,First Bank,Port Harcourt,12.129462600150228,10.188151645375347,Contract,Masters,2.0,80707.0,40353.5,52392.0,28315.0,51452.0,180.0
CUST_000216,LOAN_00000216,18075,24084,60,Good,UBA,Enugu,4.886921662716482,13.275211842288977,Self-Employed,Masters,1.0,207366.0,207366.0,207366.0,207366.0,251529.0,90.0
CUST_000217,LOAN_00000217,20920,24243,365,Good,Zenith Bank,Ibadan,6.088707200795485,4.409544873556608,Permanent,HND/BSc,2.0,63205.0,31602.5,46091.0,17114.0,40134.5,90.0
CUST_000218,LOAN_00000218,123679,143889,180,Bad,UBA,Jos,10.380100056264242,11.27477293262358,Contract,Masters,3.0,151764.0,50588.0,94790.0,15211.0,65015.666666666664,60.0
CUST_000219,LOAN_00000219,100623,126246,365,Bad,Union Bank,Enugu,11.413700157210698,7.9061239407008195,Temporary,Secondary,1.0,9370.0,9370.0,9370.0,9370.0,12914.0,60.0
CUST_000220,LOAN_00000220,55728,73808,30,Bad,Fidelity Bank,Enugu,11.7132612549752,5.4737539233619685,Temporary,Masters,2.0,69146.0,34573.0,48421.0,20725.0,46785.5,135.0
CUST_000221,LOAN_00000221,50035,57690,365,Bad,First Bank,Lagos,7.735964591694393,7.833043424969304,Temporary,Secondary,6.0,239086.0,39847.666666666664,116994.0,8383.0,51264.333333333336,60.0
CUST_000222,LOAN_00000222,29434,35901,365,Good,First Bank,Kano,4.8040591206268015,3.9115234435790014,Permanent,Secondary,1.0,79826.0,79826.0,79826.0,79826.0,99487.0,90.0
CUST_000223,LOAN_00000223,52412,70273,60,Good,Stanbic IBTC,Ibadan,7.94003329569658,11.34488578307167,Permanent,HND/BSc,3.0,166824.0,55608.0,84164.0,10530.0,73670.66666666667,50.0
CUST_000224,LOAN_00000224,66091,84059,90,Good,Zenith Bank,Port Harcourt,6.076611311863484,6.032912024981437,Permanent,HND/BSc,2.0,189977.0,94988.5,156412.0,33565.0,117867.5,30.0
CUST_000225,LOAN_00000225,11918,15888,365,Good,Access Bank,Benin City,6.620768094969618,6.736867740538536,Contract,HND/BSc,1.0,19100.0,19100.0,19100.0,19100.0,23333.0,30.0
CUST_000226,LOAN_00000226,106954,130392,60,Good,Access Bank,Lagos,10.950408011537553,4.4529755788975525,Permanent,HND/BSc,2.0,550725.0,275362.5,545725.0,5000.0,343237.5,90.0
CUST_000227,LOAN_00000227,11827,13627,30,Good,UBA,Enugu,4.679743774232982,13.3759093666787,Permanent,HND/BSc,7.0,248050.0,35435.71428571428,77341.0,13870.0,46122.142857142855,77.14285714285714
CUST_000228,LOAN_00000228,78400,95521,60,Bad,Stanbic IBTC,Enugu,11.44823095732632,8.921331351392864,Contract,Secondary,2.0,64995.0,32497.5,40121.0,24874.0,39965.0,45.0
CUST_000229,LOAN_00000229,57770,74067,90,Good,GTBank,Calabar,7.8490217724175215,9.865762533436804,Self-Employed,Masters,1.0,22232.0,22232.0,22232.0,22232.0,26138.0,90.0
CUST_000230,LOAN_00000230,75633,99752,180,Bad,UBA,Ibadan,9.364575379905355,9.833192197138256,Self-Employed,HND/BSc,7.0,290238.0,41462.57142857143,84260.0,9173.0,51891.0,51.42857142857143
CUST_000231,LOAN_00000231,35639,41216,180,Good,Stanbic IBTC,Ibadan,4.806870081121111,7.925917374496101,Self-Employed,HND/BSc,4.0,95148.0,23787.0,47960.0,8878.0,29728.75,75.0
CUST_000232,LOAN_00000232,232067,272174,30,Good,Zenith Bank,Calabar,7.036231705215517,5.310358985257674,Permanent,HND/BSc,5.0,122511.0,24502.2,43742.0,10566.0,32057.6,102.0
CUST_000233,LOAN_00000233,106348,137131,365,Bad,Zenith Bank,Ibadan,4.807308271133612,11.9415929819808,Permanent,PhD,3.0,410459.0,136819.66666666666,299453.0,42333.0,163072.0,100.0
CUST_000234,LOAN_00000234,99541,116168,60,Bad,Zenith Bank,Enugu,12.653893505929986,4.524675184292092,Self-Employed,Masters,3.0,113295.0,37765.0,73994.0,8172.0,52159.666666666664,110.0
CUST_000235,LOAN_00000235,51888,66624,90,Good,Zenith Bank,Jos,11.265354843936256,4.246485483345726,Contract,Secondary,5.0,272551.0,54510.2,113506.0,30103.0,70378.2,144.0
CUST_000236,LOAN_00000236,56375,65763,365,Good,Zenith Bank,Abuja,8.136694789208143,11.52174045115804,Contract,Masters,5.0,149799.0,29959.8,60427.0,11221.0,39400.4,108.0
CUST_000237,LOAN_00000237,121608,162860,60,Bad,Stanbic IBTC,Enugu,6.01242293491304,5.506044245423806,Permanent,,5.0,95696.0,19139.2,40636.0,7339.0,24487.2,72.0
CUST_000238,LOAN_00000238,169707,207154,365,Good,Stanbic IBTC,Lagos,12.40109594724867,6.681273016233988,Permanent,HND/BSc,5.0,193077.0,38615.4,65942.0,21821.0,48413.2,84.0
CUST_000239,LOAN_00000239,183531,215543,60,Good,First Bank,Kano,7.101369361542746,8.702729604020883,Contract,,4.0,205303.0,51325.75,115631.0,20995.0,66985.75,75.0
CUST_000240,LOAN_00000240,57692,66481,60,Good,Union Bank,Calabar,5.448859885186373,8.392215800754554,Self-Employed,HND/BSc,4.0,244679.0,61169.75,143076.0,13446.0,77660.5,60.0
CUST_000241,LOAN_00000241,62652,83574,90,Bad,Access Bank,Port Harcourt,9.068479496085594,11.502949500779993,Temporary,HND/BSc,3.0,212476.0,70825.33333333333,126266.0,36737.0,83631.33333333333,120.0
CUST_000242,LOAN_00000242,78031,99685,60,Good,Fidelity Bank,Benin City,12.493967083103344,10.481181521320332,Contract,HND/BSc,2.0,289865.0,144932.5,244256.0,45609.0,172080.0,180.0
CUST_000243,LOAN_00000243,48560,59044,90,Good,Zenith Bank,Port Harcourt,4.034472614502903,10.732753947382388,Contract,HND/BSc,1.0,39231.0,39231.0,39231.0,39231.0,49936.0,30.0
CUST_000244,LOAN_00000244,33948,40366,60,Good,GTBank,Enugu,6.143123589285988,11.568651967865488,Self-Employed,Secondary,2.0,61120.0,30560.0,39415.0,21705.0,37663.5,75.0
CUST_000245,LOAN_00000245,68402,86221,90,Bad,Fidelity Bank,Lagos,12.446028763693668,6.511352729081584,Contract,Secondary,5.0,194618.0,38923.6,84325.0,11874.0,48824.8,144.0
CUST_000246,LOAN_00000246,87435,111719,30,Good,Stanbic IBTC,Enugu,5.539773701714458,6.867999741605684,Contract,Secondary,9.0,586983.0,65220.333333333336,179232.0,5823.0,83361.0,83.33333333333333
CUST_000247,LOAN_00000247,91031,105718,30,Bad,GTBank,Kano,5.019191064758379,8.25597297474665,Temporary,Secondary,8.0,380364.0,47545.5,88902.0,23677.0,61244.375,123.75
CUST_000248,LOAN_00000248,56363,74563,60,Good,GTBank,Jos,9.13168494219824,6.689546076402313,Self-Employed,HND/BSc,4.0,204922.0,51230.5,76332.0,31175.0,62810.0,105.0
CUST_000249,LOAN_00000249,35368,43618,90,Bad,GTBank,Benin City,11.75659440965347,14.81925442765036,Temporary,HND/BSc,8.0,776126.0,97015.75,287955.0,14566.0,126886.25,75.0
CUST_000250,LOAN_00000250,89269,112855,60,Bad,First Bank,Kano,8.293988359245336,12.768623117057157,Permanent,Secondary,9.0,563157.0,62573.0,208862.0,7867.0,77412.88888888889,103.33333333333333
CUST_000251,LOAN_00000251,82520,107022,60,Bad,Stanbic IBTC,Calabar,12.951078310160725,4.975856259072355,Contract,,4.0,117094.0,29273.5,65079.0,10840.0,38029.0,75.0
CUST_000252,LOAN_00000252,28703,35284,180,Bad,GTBank,Calabar,10.112545295841937,3.067129870582434,Self-Employed,Secondary,5.0,293474.0,58694.8,162207.0,12245.0,71133.8,102.0
CUST_000253,LOAN_00000253,127907,167819,60,Good,Zenith Bank,Enugu,4.6666741648940295,3.5133992189672143,Permanent,HND/BSc,1.0,63144.0,63144.0,63144.0,63144.0,78700.0,180.0
CUST_000254,LOAN_00000254,109959,144925,60,Bad,UBA,Lagos,12.935489185137778,5.928761412515103,Self-Employed,Secondary,4.0,144756.0,36189.0,67027.0,17029.0,44184.0,45.0
CUST_000255,LOAN_00000255,57901,76445,60,Good,GTBank,Kano,7.671048131021713,4.371495430042279,Permanent,Secondary,3.0,153601.0,51200.333333333336,129732.0,5847.0,63141.666666666664,80.0
CUST_000256,LOAN_00000256,21951,26837,30,Bad,First Bank,Kaduna,6.586622804609343,9.400057378710866,Self-Employed,Secondary,6.0,561524.0,93587.33333333333,264178.0,26221.0,117180.16666666667,95.0
CUST_000257,LOAN_00000257,22667,26872,30,Good,Fidelity Bank,Lagos,9.02091265220097,13.295942672728303,Contract,HND/BSc,2.0,81740.0,40870.0,58767.0,22973.0,55376.5,105.0
CUST_000258,LOAN_00000258,84758,108385,60,Good,Stanbic IBTC,Jos,6.738768326387779,11.841002650958728,Permanent,Masters,5.0,286389.0,57277.8,99039.0,32341.0,75963.8,120.0
CUST_000259,LOAN_00000259,39326,52672,60,Good,Union Bank,Calabar,4.778117564081371,5.587308756986285,Contract,Secondary,5.0,182009.0,36401.8,84763.0,19374.0,47760.2,84.0
CUST_000260,LOAN_00000260,48084,62826,30,Good,First Bank,Enugu,4.01285508771259,7.79159107230943,Self-Employed,HND/BSc,1.0,41826.0,41826.0,41826.0,41826.0,51725.0,60.0
CUST_000261,LOAN_00000261,24267,31200,180,Good,GTBank,Ibadan,8.04625017628236,9.094730514375332,Contract,Secondary,5.0,178786.0,35757.2,71461.0,22497.0,46068.4,72.0
CUST_000262,LOAN_00000262,115682,143565,30,Good,Stanbic IBTC,Calabar,11.53177080003933,12.722470194040026,Contract,Masters,2.0,117105.0,58552.5,97708.0,19397.0,76694.5,135.0
CUST_000263,LOAN_00000263,13181,16284,60,Good,UBA,Benin City,9.150836670670689,13.069459237273978,Self-Employed,Masters,1.0,5000.0,5000.0,5000.0,5000.0,6724.0,60.0
CUST_000264,LOAN_00000264,57633,76573,90,Good,GTBank,Abuja,12.992865690490968,13.916619742893312,Contract,Secondary,1.0,37106.0,37106.0,37106.0,37106.0,45074.0,30.0
CUST_000265,LOAN_00000265,79551,106734,180,Bad,First Bank,Ibadan,6.581619810824799,9.110943006034502,Contract,HND/BSc,2.0,166798.0,83399.0,124379.0,42419.0,105524.0,30.0
CUST_000266,LOAN_00000266,97689,113331,365,Bad,Access Bank,Enugu,6.5240955828404985,11.331296957230355,Permanent,,8.0,415847.0,51980.875,225183.0,7846.0,66718.75,123.75
CUST_000267,LOAN_00000267,88062,115329,90,Bad,Zenith Bank,Kaduna,5.437745142105498,4.341604454807246,Temporary,HND/BSc,1.0,21584.0,21584.0,21584.0,21584.0,25805.0,90.0
CUST_000268,LOAN_00000268,22569,30043,180,Good,Union Bank,Ibadan,5.476572294388017,9.783467519447786,Permanent,HND/BSc,2.0,91186.0,45593.0,47183.0,44003.0,57986.5,45.0
CUST_000269,LOAN_00000269,43045,55532,30,Good,Fidelity Bank,Benin City,6.56667936409043,5.984301713653622,Contract,HND/BSc,0.0,0.0,0.0,0.0,0.0,0.0,0.0
CUST_000270,LOAN_00000270,33003,44120,90,Good,First Bank,Lagos,11.135560407461744,8.180602620319334,Self-Employed,HND/BSc,1.0,57135.0,57135.0,57135.0,57135.0,77256.0,30.0
CUST_000271,LOAN_00000271,23442,27833,180,Good,Stanbic IBTC,Kaduna,12.15181111572803,10.608606099680632,Permanent,,7.0,394297.0,56328.142857142855,109985.0,16974.0,70529.28571428571,85.71428571428571
CUST_000272,LOAN_00000272,14643,17748,365,Good,Union Bank,Calabar,12.775784527369131,6.083831254245373,Contract,,2.0,38928.0,19464.0,33402.0,5526.0,23909.5,120.0
CUST_000273,LOAN_00000273,87804,103767,60,Good,Union Bank,Kaduna,6.090606886868073,3.626220693561133,Permanent,Masters,0.0,0.0,0.0,0.0,0.0,0.0,0.0
CUST_000274,LOAN_00000274,153840,207105,90,Good,Union Bank,Kano,11.931677910526826,3.12280627690509,Self-Employed,HND/BSc,5.0,229653.0,45930.6,86861.0,13592.0,59585.2,84.0
CUST_000275,LOAN_00000275,37906,46838,180,Good,GTBank,Benin City,6.954295803496033,3.2659144265342586,Contract,HND/BSc,7.0,289139.0,41305.57142857143,123855.0,12541.0,53528.0,51.42857142857143
CUST_000276,LOAN_00000276,110554,141460,60,Bad,Zenith Bank,Ibadan,5.01556490065196,3.100196850165236,Self-Employed,HND/BSc,0.0,0.0,0.0,0.0,0.0,0.0,0.0
CUST_000277,LOAN_00000277,91976,105871,90,Bad,GTBank,Kano,11.83022432968149,4.324260678694506,Self-Employed,,2.0,77427.0,38713.5,48969.0,28458.0,46044.5,75.0
CUST_000278,LOAN_00000278,29046,37148,60,Good,Stanbic IBTC,Kaduna,9.724950711792566,5.873864574841559,Contract,Masters,2.0,52631.0,26315.5,40125.0,12506.0,33592.0,135.0
CUST_000279,LOAN_00000279,54634,69930,180,Bad,GTBank,Kano,5.482578064729555,5.65465817018759,Self-Employed,HND/BSc,0.0,0.0,0.0,0.0,0.0,0.0,0.0
CUST_000280,LOAN_00000280,61898,81817,60,Good,Access Bank,Port Harcourt,7.868481317617023,14.84155913015876,Contract,Secondary,5.0,212011.0,42402.2,109005.0,7977.0,53713.4,96.0
CUST_000281,LOAN_00000281,108155,125014,30,Good,Zenith Bank,Benin City,6.5853192538936085,6.672073262507318,Permanent,HND/BSc,2.0,197192.0,98596.0,164720.0,32472.0,127345.5,90.0
CUST_000282,LOAN_00000282,65366,80528,60,Bad,Zenith Bank,Jos,10.631151118391774,4.52904940031279,Contract,,9.0,414625.0,46069.444444444445,203171.0,14185.0,56638.0,110.0
CUST_000283,LOAN_00000283,14848,17748,90,Good,Stanbic IBTC,Lagos,8.080746075618412,9.546750530013096,Temporary,HND/BSc,1.0,113719.0,113719.0,113719.0,113719.0,156137.0,60.0
CUST_000284,LOAN_00000284,259034,304389,60,Good,Fidelity Bank,Kaduna,12.903519505957464,13.2954894647701,Contract,Secondary,1.0,43206.0,43206.0,43206.0,43206.0,54657.0,180.0
CUST_000285,LOAN_00000285,81732,94266,30,Bad,Access Bank,Benin City,4.492704840336356,11.136724521452102,Permanent,Secondary,8.0,604443.0,75555.375,231559.0,17509.0,101004.125,78.75
CUST_000286,LOAN_00000286,27027,31599,30,Good,First Bank,Jos,7.1951373952262205,6.552985069625404,Permanent,HND/BSc,2.0,48342.0,24171.0,24849.0,23493.0,29308.0,135.0
CUST_000287,LOAN_00000287,17502,22748,90,Good,GTBank,Jos,8.337101503989796,9.73939391749746,Contract,PhD,1.0,20391.0,20391.0,20391.0,20391.0,25972.0,30.0
CUST_000288,LOAN_00000288,29816,34768,90,Good,UBA,Enugu,8.528201992734878,11.57827169040491,Permanent,,0.0,0.0,0.0,0.0,0.0,0.0,0.0
CUST_000289,LOAN_00000289,45230,52164,60,Good,GTBank,Kano,6.843422401470731,11.737253908412908,Contract,PhD,1.0,97321.0,97321.0,97321.0,97321.0,120113.0,60.0
CUST_000290,LOAN_00000290,34775,46237,60,Good,Union Bank,Jos,10.563162241878112,10.998461463572266,Contract,Masters,2.0,122745.0,61372.5,109710.0,13035.0,80517.5,120.0
CUST_000291,LOAN_00000291,40935,52002,180,Good,GTBank,Port Harcourt,11.872723661400771,13.449725097307416,Contract,HND/BSc,2.0,37849.0,18924.5,21365.0,16484.0,22334.0,30.0
CUST_000292,LOAN_00000292,26487,31431,60,Good,First Bank,Benin City,12.448473717800766,13.441265500129251,Permanent,HND/BSc,2.0,52194.0,26097.0,46773.0,5421.0,32145.0,30.0
CUST_000293,LOAN_00000293,93374,110730,90,Good,GTBank,Abuja,11.245840391195737,9.94723871288404,Contract,HND/BSc,9.0,383117.0,42568.555555555555,111196.0,9118.0,52983.333333333336,50.0
CUST_000294,LOAN_00000294,25881,31658,180,Good,Access Bank,Abuja,11.655221775759394,8.158276429334547,Self-Employed,Masters,0.0,0.0,0.0,0.0,0.0,0.0,0.0
CUST_000295,LOAN_00000295,92143,117509,60,Bad,Access Bank,Kaduna,8.95490770557996,10.698843546781198,Temporary,HND/BSc,3.0,132546.0,44182.0,98292.0,9055.0,54355.666666666664,50.0
CUST_000296,LOAN_00000296,103058,134924,60,Good,Zenith Bank,Calabar,11.43299403784133,12.818544016445555,Contract,HND/BSc,2.0,201368.0,100684.0,188897.0,12471.0,126477.0,60.0
CUST_000297,LOAN_00000297,17980,22570,90,Good,Stanbic IBTC,Kano,6.7315351823315694,3.0678252580942167,Permanent,Secondary,8.0,591682.0,73960.25,168376.0,7898.0,93759.0,90.0
CUST_000298,LOAN_00000298,41031,51082,30,Good,Fidelity Bank,Calabar,7.58630885898293,14.903964108178211,Temporary,Secondary,4.0,349892.0,87473.0,132138.0,47195.0,113793.25,60.0
CUST_000299,LOAN_00000299,123923,143716,365,Bad,UBA,Jos,6.852217124366899,5.194725267950391,Self-Employed,Masters,1.0,33451.0,33451.0,33451.0,33451.0,41598.0,60.0
CUST_000300,LOAN_00000300,67932,89927,90,Good,Union Bank,Benin City,8.20648601903133,8.642987827919715,Permanent,PhD,3.0,108690.0,36230.0,50152.0,28071.0,48732.666666666664,50.0
CUST_000301,LOAN_00000301,119737,159082,60,Good,GTBank,Kaduna,6.570216546147727,13.4643568181144,Permanent,HND/BSc,3.0,166072.0,55357.333333333336,137222.0,11986.0,69122.0,60.0
CUST_000302,LOAN_00000302,142481,173827,60,Good,GTBank,Ibadan,12.654502980290022,5.700484788530392,Permanent,Secondary,5.0,331188.0,66237.6,224425.0,6384.0,82894.0,78.0
CUST_000303,LOAN_00000303,24305,29496,180,Good,First Bank,Jos,6.815601652051013,8.721542686804598,Permanent,PhD,2.0,24725.0,12362.5,17911.0,6814.0,16494.0,120.0
CUST_000304,LOAN_00000304,42235,54923,60,Good,Stanbic IBTC,Kano,4.882400842998458,4.590986162174151,Permanent,Masters,0.0,0.0,0.0,0.0,0.0,0.0,0.0
CUST_000305,LOAN_00000305,75467,89837,30,Good,Access Bank,Abuja,8.74135449445372,7.740915904658311,Temporary,HND/BSc,1.0,99346.0,99346.0,99346.0,99346.0,116277.0,60.0
CUST_000306,LOAN_00000306,47718,59747,60,Good,UBA,Enugu,4.513891706006588,5.12562545751603,Contract,HND/BSc,0.0,0.0,0.0,0.0,0.0,0.0,0.0
CUST_000307,LOAN_00000307,77975,97712,180,Bad,Zenith Bank,Benin City,4.994888496777225,7.363532985253884,Self-Employed,HND/BSc,1.0,61621.0,61621.0,61621.0,61621.0,81318.0,180.0
CUST_000308,LOAN_00000308,192864,245805,365,Good,Access Bank,Lagos,5.974504502766217,7.481570601512664,Self-Employed,HND/BSc,1.0,13924.0,13924.0,13924.0,13924.0,19396.0,60.0
CUST_000309,LOAN_00000309,50811,62405,30,Bad,Union Bank,Calabar,8.179152248939275,14.918049475179991,Self-Employed,Masters,1.0,143643.0,143643.0,143643.0,143643.0,171051.0,60.0
CUST_000310,LOAN_00000310,70992,95737,90,Good,Stanbic IBTC,Kaduna,7.899258390781251,14.937756351645266,Self-Employed,Secondary,5.0,287179.0,57435.8,83704.0,24018.0,73339.6,78.0
CUST_000311,LOAN_00000311,53814,62716,180,Bad,Union Bank,Calabar,11.19722675802512,4.377435343927349,Temporary,Secondary,0.0,0.0,0.0,0.0,0.0,0.0,0.0
CUST_000312,LOAN_00000312,11485,13396,180,Bad,Fidelity Bank,Benin City,10.65527188495702,11.711625351940167,Contract,Secondary,1.0,39090.0,39090.0,39090.0,39090.0,52582.0,180.0
CUST_000313,LOAN_00000313,30428,38616,90,Good,Zenith Bank,Calabar,7.836864645916312,3.6209457560292138,Temporary,HND/BSc,4.0,661908.0,165477.0,501438.0,20589.0,214225.75,75.0
CUST_000314,LOAN_00000314,50105,62510,30,Bad,Fidelity Bank,Benin City,7.003337868180669,3.3623041840462635,Self-Employed,Secondary,2.0,61531.0,30765.5,49208.0,12323.0,35987.5,105.0
CUST_000315,LOAN_00000315,41107,47330,30,Good,First Bank,Calabar,6.848219056553488,4.264006730939572,Permanent,Secondary,6.0,229443.0,38240.5,71276.0,5000.0,49993.833333333336,100.0
CUST_000316,LOAN_00000316,112075,130353,365,Bad,Union Bank,Port Harcourt,10.96595578564608,14.585827884095208,Self-Employed,Secondary,8.0,343229.0,42903.625,145050.0,7519.0,53780.375,63.75
CUST_000317,LOAN_00000317,140866,185681,60,Bad,First Bank,Ibadan,4.468651655991428,14.290362574736369,Self-Employed,Secondary,1.0,10246.0,10246.0,10246.0,10246.0,12611.0,30.0
CUST_000318,LOAN_00000318,34045,39943,30,Bad,GTBank,Jos,4.1153948455954525,5.327133843368165,Temporary,HND/BSc,3.0,230945.0,76981.66666666667,185289.0,6002.0,90085.33333333333,60.0
CUST_000319,LOAN_00000319,139290,177261,90,Good,Fidelity Bank,Jos,11.159899527339832,4.940068026644538,Permanent,Secondary,2.0,44782.0,22391.0,22882.0,21900.0,27393.0,60.0
CUST_000320,LOAN_00000320,38965,50819,90,Good,Stanbic IBTC,Kano,8.294317383901443,5.886421038191364,Contract,HND/BSc,2.0,76993.0,38496.5,62938.0,14055.0,45148.5,30.0
CUST_000321,LOAN_00000321,75531,95886,60,Good,Union Bank,Lagos,5.177930246982184,9.186563928901704,Permanent,HND/BSc,3.0,100327.0,33442.333333333336,49665.0,17751.0,43022.333333333336,70.0
CUST_000322,LOAN_00000322,43187,50051,60,Good,UBA,Lagos,6.120093411350512,9.836455584424918,Permanent,Secondary,3.0,206281.0,68760.33333333333,136148.0,30869.0,85688.33333333333,100.0
CUST_000323,LOAN_00000323,20159,24633,90,Good,Zenith Bank,Kano,12.392535577876442,5.659121165273368,Permanent,HND/BSc,7.0,318349.0,45478.42857142857,86507.0,10451.0,57872.142857142855,85.71428571428571
CUST_000324,LOAN_00000324,31679,36786,180,Good,Access Bank,Enugu,11.73552678062408,12.079473457079342,Contract,,7.0,453342.0,64763.142857142855,175184.0,15451.0,83405.71428571429,111.42857142857143
CUST_000325,LOAN_00000325,15805,19722,30,Good,Stanbic IBTC,Jos,10.388065452015752,6.714638032831809,Self-Employed,PhD,1.0,59979.0,59979.0,59979.0,59979.0,81278.0,30.0
CUST_000326,LOAN_00000326,113276,139677,90,Bad,Stanbic IBTC,Enugu,8.34002707303594,14.065575906352924,Permanent,Secondary,2.0,115706.0,57853.0,74346.0,41360.0,76559.0,105.0
CUST_000327,LOAN_00000327,175983,211294,90,Good,First Bank,Benin City,8.682912635722472,10.880672477480768,Contract,Masters,1.0,25129.0,25129.0,25129.0,25129.0,34989.0,90.0
CUST_000328,LOAN_00000328,122780,162230,90,Good,Fidelity Bank,Benin City,12.777200817555627,8.23621433164334,Permanent,HND/BSc,3.0,119051.0,39683.666666666664,61667.0,13971.0,53522.666666666664,140.0
CUST_000329,LOAN_00000329,46424,56621,365,Good,Union Bank,Abuja,12.691933994958584,12.478944020434144,Permanent,Secondary,7.0,306409.0,43772.71428571428,77184.0,19337.0,53564.0,90.0
CUST_000330,LOAN_00000330,104244,126873,60,Good,Union Bank,Calabar,5.937421412072508,12.814975512559975,Contract,Secondary,0.0,0.0,0.0,0.0,0.0,0.0,0.0
CUST_000331,LOAN_00000331,12480,16703,60,Good,GTBank,Lagos,11.299941096747864,6.485779267307324,Permanent,HND/BSc,8.0,336398.0,42049.75,123909.0,18578.0,56335.875,67.5
CUST_000332,LOAN_00000332,135725,161627,180,Good,GTBank,Abuja,5.775183995503151,7.076574526033012,Contract,HND/BSc,0.0,0.0,0.0,0.0,0.0,0.0,0.0
CUST_000333,LOAN_00000333,263031,315987,30,Good,Zenith Bank,Ibadan,5.921837300955563,14.23146184474324,Permanent,HND/BSc,0.0,0.0,0.0,0.0,0.0,0.0,0.0
CUST_000334,LOAN_00000334,101823,134515,30,Good,First Bank,Kano,10.084837307481193,4.976892460359263,Permanent,Masters,5.0,420248.0,84049.6,157237.0,5577.0,102405.8,78.0
CUST_000335,LOAN_00000335,39783,48399,30,Good,Stanbic IBTC,Kano,7.645009887287935,3.5058050035552104,Contract,Secondary,0.0,0.0,0.0,0.0,0.0,0.0,0.0
CUST_000336,LOAN_00000336,116547,135621,90,Good,Union Bank,Benin City,12.38389966395868,8.44866387131459,Contract,HND/BSc,5.0,177270.0,35454.0,103891.0,13774.0,45985.4,108.0
CUST_000337,LOAN_00000337,62541,81557,180,Good,UBA,Jos,4.80108761406408,12.614518802923548,Permanent,HND/BSc,1.0,34381.0,34381.0,34381.0,34381.0,41852.0,180.0
CUST_000338,LOAN_00000338,25985,29965,90,Good,First Bank,Enugu,8.603730767285438,12.260017275728949,Contract,HND/BSc,4.0,335964.0,83991.0,194404.0,36426.0,111601.25,97.5
CUST_000339,LOAN_00000339,20158,26949,90,Good,Zenith Bank,Lagos,12.266693773988091,14.034367546953993,Self-Employed,,5.0,145748.0,29149.6,48024.0,9550.0,36996.4,54.0
CUST_000340,LOAN_00000340,49667,62438,60,Good,Zenith Bank,Abuja,12.137022944315548,9.398407972428483,Self-Employed,Masters,1.0,23135.0,23135.0,23135.0,23135.0,27713.0,60.0
CUST_000341,LOAN_00000341,60892,76711,180,Good,First Bank,Enugu,5.408762920741671,4.2007760587984,Permanent,,0.0,0.0,0.0,0.0,0.0,0.0,0.0
CUST_000342,LOAN_00000342,10000,12808,60,Good,Zenith Bank,Abuja,7.299739300868108,10.064267692032193,Contract,HND/BSc,2.0,149623.0,74811.5,86775.0,62848.0,93083.5,45.0
CUST_000343,LOAN_00000343,613924,729221,30,Good,First Bank,Calabar,9.572092600420266,12.34074737223854,Self-Employed,HND/BSc,3.0,126626.0,42208.666666666664,81269.0,7815.0,53885.0,80.0
CUST_000344,LOAN_00000344,41925,48325,90,Good,Access Bank,Ibadan,5.434553962942619,4.119937443237917,Permanent,HND/BSc,9.0,734845.0,81649.44444444444,224658.0,14203.0,106428.22222222222,76.66666666666667
CUST_000345,LOAN_00000345,168814,197646,90,Bad,First Bank,Ibadan,12.712199548411649,5.071888813171077,Self-Employed,HND/BSc,0.0,0.0,0.0,0.0,0.0,0.0,0.0
CUST_000346,LOAN_00000346,61061,80186,60,Good,Fidelity Bank,Enugu,12.232743958548944,3.147487933868051,Temporary,HND/BSc,3.0,107240.0,35746.666666666664,63995.0,7559.0,46196.333333333336,100.0
CUST_000347,LOAN_00000347,164988,201347,60,Bad,First Bank,Enugu,5.502551611310222,10.123830953361724,Self-Employed,Masters,3.0,361295.0,120431.66666666667,324499.0,16461.0,142632.33333333334,70.0
CUST_000348,LOAN_00000348,352462,456843,60,Bad,Zenith Bank,Enugu,5.090399151348869,13.640812703350852,Self-Employed,HND/BSc,6.0,487264.0,81210.66666666667,245284.0,8247.0,108298.16666666667,110.0
CUST_000349,LOAN_00000349,38612,47565,30,Bad,Union Bank,Abuja,4.768676345274388,11.047959792025194,Self-Employed,Secondary,1.0,47076.0,47076.0,47076.0,47076.0,65223.0,180.0
CUST_000350,LOAN_00000350,45439,52316,90,Good,Fidelity Bank,Calabar,12.18499297632968,14.784481051091785,Contract,Masters,3.0,215366.0,71788.66666666667,131184.0,30593.0,92093.0,70.0
CUST_000351,LOAN_00000351,96253,125200,60,Bad,Zenith Bank,Port Harcourt,5.742614288159147,3.7564038299971383,Self-Employed,Masters,7.0,237665.0,33952.142857142855,73493.0,10399.0,43209.57142857143,81.42857142857143
CUST_000352,LOAN_00000352,130943,161653,180,Bad,GTBank,Enugu,7.746564356899192,13.836013021817957,Self-Employed,HND/BSc,0.0,0.0,0.0,0.0,0.0,0.0,0.0
CUST_000353,LOAN_00000353,71144,92791,180,Bad,GTBank,Jos,8.039662290868026,12.76881944864017,Self-Employed,HND/BSc,4.0,242930.0,60732.5,135754.0,23314.0,72570.5,90.0
CUST_000354,LOAN_00000354,52476,64908,60,Good,Union Bank,Lagos,9.391099397922108,6.77089824599406,Permanent,Secondary,1.0,13729.0,13729.0,13729.0,13729.0,18554.0,90.0
CUST_000355,LOAN_00000355,19517,24110,180,Good,Union Bank,Lagos,4.645618093726824,14.68231862204702,Permanent,HND/BSc,9.0,316496.0,35166.22222222222,96294.0,8967.0,45726.22222222222,100.0
CUST_000356,LOAN_00000356,64214,80981,180,Bad,Fidelity Bank,Abuja,6.040827556604643,6.455252978056981,Self-Employed,Secondary,2.0,40671.0,20335.5,27671.0,13000.0,23588.0,135.0
CUST_000357,LOAN_00000357,26264,35382,30,Good,Access Bank,Enugu,12.383413482270337,13.671656685938622,Permanent,Secondary,1.0,105394.0,105394.0,105394.0,105394.0,125424.0,90.0
CUST_000358,LOAN_00000358,59962,69470,90,Good,Union Bank,Benin City,12.175690965417123,13.568982924890271,Self-Employed,HND/BSc,6.0,363276.0,60546.0,151783.0,10958.0,73623.16666666667,110.0
CUST_000359,LOAN_00000359,157862,213016,180,Bad,GTBank,Kano,11.03161582665123,12.09189139923567,Temporary,HND/BSc,0.0,0.0,0.0,0.0,0.0,0.0,0.0
CUST_000360,LOAN_00000360,81391,103139,365,Bad,First Bank,Port Harcourt,4.174611210563939,9.761645685754225,Self-Employed,Masters,2.0,88842.0,44421.0,65649.0,23193.0,55222.5,120.0
CUST_000361,LOAN_00000361,79123,104830,30,Good,Zenith Bank,Jos,6.943060916464919,4.440032995402657,Temporary,Masters,0.0,0.0,0.0,0.0,0.0,0.0,0.0
CUST_000362,LOAN_00000362,17303,22227,90,Good,GTBank,Calabar,9.651628618086171,9.38366081395798,Self-Employed,Secondary,3.0,135805.0,45268.333333333336,59903.0,27112.0,54814.666666666664,130.0
CUST_000363,LOAN_00000363,87851,101830,30,Good,GTBank,Benin City,6.476711905961281,7.281555067859214,Permanent,Masters,7.0,415811.0,59401.57142857143,120699.0,11260.0,76759.0,81.42857142857143
CUST_000364,LOAN_00000364,38976,48343,60,Good,Access Bank,Ibadan,12.186280255483997,12.50660439786422,Self-Employed,HND/BSc,1.0,31206.0,31206.0,31206.0,31206.0,38855.0,90.0
CUST_000365,LOAN_00000365,12620,15569,60,Good,Fidelity Bank,Benin City,9.705005156491977,12.09755047796214,Permanent,Secondary,5.0,143549.0,28709.8,39294.0,12693.0,36633.8,78.0
CUST_000366,LOAN_00000366,172495,207610,365,Bad,Fidelity Bank,Abuja,4.64716045584801,13.927350088471265,Contract,HND/BSc,5.0,105669.0,21133.8,36435.0,6824.0,25270.6,90.0
CUST_000367,LOAN_00000367,48816,62286,90,Good,Stanbic IBTC,Port Harcourt,12.181050299521328,3.1779619491804945,Permanent,HND/BSc,3.0,237373.0,79124.33333333333,128067.0,37892.0,96294.33333333333,100.0
CUST_000368,LOAN_00000368,61797,81491,60,Good,Access Bank,Kaduna,12.619899923586004,12.709238601876551,Permanent,HND/BSc,2.0,55654.0,27827.0,29929.0,25725.0,34292.5,135.0
CUST_000369,LOAN_00000369,87336,108573,60,Good,First Bank,Kaduna,4.69941176552553,14.261544637496026,Contract,PhD,9.0,606151.0,67350.11111111111,242864.0,5000.0,84140.66666666667,100.0
CUST_000370,LOAN_00000370,163862,209509,60,Good,Fidelity Bank,Enugu,8.791242113751835,12.4716053892978,Permanent,HND/BSc,0.0,0.0,0.0,0.0,0.0,0.0,0.0
CUST_000371,LOAN_00000371,32730,38529,180,Good,Zenith Bank,Enugu,6.730278539927534,4.562333518444401,Contract,,1.0,18202.0,18202.0,18202.0,18202.0,22987.0,60.0
CUST_000372,LOAN_00000372,192234,247225,60,Good,Union Bank,Abuja,7.535551688332621,3.975349258090653,Self-Employed,HND/BSc,6.0,621352.0,103558.66666666667,282363.0,9418.0,133418.66666666666,120.0
CUST_000373,LOAN_00000373,57758,76879,90,Good,Access Bank,Calabar,5.616860961598077,3.2501428776924097,Permanent,Secondary,0.0,0.0,0.0,0.0,0.0,0.0,0.0
CUST_000374,LOAN_00000374,31452,38256,60,Good,Union Bank,Enugu,9.202648918111713,10.544942709936851,Permanent,HND/BSc,1.0,28148.0,28148.0,28148.0,28148.0,39137.0,90.0
CUST_000375,LOAN_00000375,65353,83480,180,Bad,GTBank,Kano,12.621814179240015,10.556071822318648,Self-Employed,Secondary,2.0,203448.0,101724.0,146300.0,57148.0,131534.0,135.0
CUST_000376,LOAN_00000376,35969,44480,60,Good,Zenith Bank,Port Harcourt,8.527653402444482,14.842964570618548,Self-Employed,HND/BSc,1.0,55078.0,55078.0,55078.0,55078.0,77083.0,60.0
CUST_000377,LOAN_00000377,55137,70434,60,Good,Zenith Bank,Abuja,4.746231232550331,7.776518089249149,Temporary,HND/BSc,4.0,222583.0,55645.75,94606.0,21147.0,70209.0,45.0
CUST_000378,LOAN_00000378,199575,267920,60,Good,GTBank,Lagos,9.580012001296677,6.982875418769961,Permanent,HND/BSc,6.0,118201.0,19700.166666666668,63673.0,5217.0,26239.666666666668,40.0
CUST_000379,LOAN_00000379,13187,15201,30,Bad,Access Bank,Ibadan,7.062006950061313,10.493099126212709,Self-Employed,Secondary,5.0,268991.0,53798.2,59798.0,41739.0,67618.2,108.0
CUST_000380,LOAN_00000380,63098,74258,90,Good,GTBank,Abuja,11.70332670632168,12.907304070091127,Contract,HND/BSc,7.0,327761.0,46823.0,142859.0,15144.0,63247.142857142855,102.85714285714286
CUST_000381,LOAN_00000381,59064,71380,180,Good,Union Bank,Abuja,7.912103334848232,14.24128739427602,Contract,Secondary,2.0,114908.0,57454.0,83869.0,31039.0,78336.0,75.0
CUST_000382,LOAN_00000382,46515,55976,60,Good,Stanbic IBTC,Kaduna,5.735556480480211,12.637489994148464,Permanent,HND/BSc,1.0,9310.0,9310.0,9310.0,9310.0,12999.0,180.0
CUST_000383,LOAN_00000383,41236,52823,90,Good,Zenith Bank,Jos,5.719950604220305,8.120087767389657,Contract,Masters,2.0,38189.0,19094.5,32100.0,6089.0,26307.0,135.0
CUST_000384,LOAN_00000384,103191,130089,90,Good,UBA,Calabar,10.918877626490444,10.61897082374477,Permanent,,1.0,7166.0,7166.0,7166.0,7166.0,8268.0,30.0
CUST_000385,LOAN_00000385,36869,48839,60,Good,UBA,Jos,6.390288384766239,13.275591920593405,Permanent,Secondary,0.0,0.0,0.0,0.0,0.0,0.0,0.0
CUST_000386,LOAN_00000386,10000,12288,60,Good,Union Bank,Kano,10.905100547433006,8.887316259740874,Contract,HND/BSc,1.0,32615.0,32615.0,32615.0,32615.0,43122.0,90.0
CUST_000387,LOAN_00000387,17894,23643,30,Good,First Bank,Lagos,5.852985796899395,5.600239724464712,Self-Employed,HND/BSc,8.0,306943.0,38367.875,86259.0,13917.0,47020.75,90.0
CUST_000388,LOAN_00000388,46726,53834,60,Good,Fidelity Bank,Kaduna,6.895177318311784,5.036681276974475,Self-Employed,PhD,8.0,259698.0,32462.25,58416.0,5119.0,42991.0,78.75
CUST_000389,LOAN_00000389,123538,142683,60,Good,GTBank,Lagos,8.189382751957295,3.0018929349366807,Contract,HND/BSc,1.0,53156.0,53156.0,53156.0,53156.0,63612.0,180.0
CUST_000390,LOAN_00000390,93281,111417,30,Good,GTBank,Kano,12.488762647241057,11.618855939775411,Contract,Secondary,1.0,51486.0,51486.0,51486.0,51486.0,71408.0,90.0
CUST_000391,LOAN_00000391,10647,12360,180,Good,First Bank,Jos,12.38558282278442,4.333166506151886,Contract,HND/BSc,3.0,65161.0,21720.333333333332,28953.0,9564.0,26878.333333333332,100.0
CUST_000392,LOAN_00000392,93236,119097,60,Bad,First Bank,Abuja,5.86184687880059,5.9260691963512855,Temporary,HND/BSc,1.0,8762.0,8762.0,8762.0,8762.0,11503.0,90.0
CUST_000393,LOAN_00000393,65254,85332,30,Good,Union Bank,Enugu,7.223971371187655,6.574515978273521,Contract,Masters,2.0,146718.0,73359.0,92806.0,53912.0,99099.0,120.0
CUST_000394,LOAN_00000394,39250,48289,30,Good,Union Bank,Enugu,5.344594496083951,9.72455832164122,Permanent,Masters,1.0,6234.0,6234.0,6234.0,6234.0,7570.0,180.0
CUST_000395,LOAN_00000395,39809,49266,90,Good,First Bank,Benin City,8.589865713821474,7.77548732754923,Permanent,Secondary,3.0,226061.0,75353.66666666667,120430.0,15651.0,100471.33333333333,70.0
CUST_000396,LOAN_00000396,95667,117426,30,Bad,Zenith Bank,Ibadan,8.145242956251998,11.096087904277942,Contract,,9.0,429793.0,47754.77777777778,115637.0,9498.0,63394.666666666664,120.0
CUST_000397,LOAN_00000397,75595,93184,90,Bad,Union Bank,Calabar,12.106841462056591,3.667663911944433,Contract,Secondary,7.0,758321.0,108331.57142857143,292691.0,7118.0,145491.57142857142,111.42857142857143
CUST_000398,LOAN_00000398,26676,32258,180,Good,Stanbic IBTC,Kano,12.370048400119654,4.487270331173273,Permanent,,2.0,100571.0,50285.5,53192.0,47379.0,60907.5,90.0
CUST_000399,LOAN_00000399,25055,30148,90,Good,Union Bank,Ibadan,7.452106519065628,8.990538042399201,Self-Employed,Masters,3.0,150229.0,50076.333333333336,103593.0,12296.0,60721.0,100.0
CUST_000400,LOAN_00000400,65409,85723,180,Bad,GTBank,Calabar,8.425641487170905,7.043577454161958,Self-Employed,HND/BSc,2.0,65733.0,32866.5,50904.0,14829.0,42479.5,120.0
CUST_000401,LOAN_00000401,263529,314903,90,Good,Union Bank,Ibadan,12.066126242315198,6.549760353016317,Self-Employed,Masters,5.0,424651.0,84930.2,137434.0,27992.0,111649.8,84.0
CUST_000402,LOAN_00000402,138713,170127,90,Bad,Zenith Bank,Jos,11.260370269705554,3.8043369484502727,Permanent,Secondary,4.0,219314.0,54828.5,128112.0,11837.0,72075.0,82.5
CUST_000403,LOAN_00000403,96313,114131,90,Good,First Bank,Calabar,4.032906802101843,13.748630096976015,Permanent,Secondary,4.0,147472.0,36868.0,58404.0,22280.0,46310.25,180.0
CUST_000404,LOAN_00000404,25489,32430,365,Bad,GTBank,Jos,6.880536077652243,11.30182303350061,Temporary,Secondary,4.0,77446.0,19361.5,33729.0,8858.0,24864.5,142.5
CUST_000405,LOAN_00000405,31199,36607,60,Good,Union Bank,Abuja,7.795968177425133,4.459417881835792,Self-Employed,Secondary,2.0,53782.0,26891.0,44007.0,9775.0,35157.0,45.0
CUST_000406,LOAN_00000406,101603,128854,90,Good,Zenith Bank,Kaduna,6.067446553149086,3.780551492845688,Permanent,HND/BSc,2.0,49012.0,24506.0,34053.0,14959.0,31465.5,105.0
CUST_000407,LOAN_00000407,113528,148247,180,Bad,Stanbic IBTC,Jos,5.796144543063448,14.698470401174916,Permanent,Secondary,3.0,58618.0,19539.333333333332,25042.0,12185.0,24411.0,60.0
CUST_000408,LOAN_00000408,31344,39593,30,Good,Union Bank,Enugu,4.340060559361117,11.17407060527406,Contract,Masters,1.0,192660.0,192660.0,192660.0,192660.0,257319.0,60.0
CUST_000409,LOAN_00000409,52342,69796,90,Good,Zenith Bank,Ibadan,9.790327525627845,8.009472853124898,Permanent,HND/BSc,1.0,37719.0,37719.0,37719.0,37719.0,50389.0,60.0
CUST_000410,LOAN_00000410,30616,37493,30,Good,Stanbic IBTC,Benin City,6.362592614348491,11.420772489069416,Self-Employed,HND/BSc,2.0,37596.0,18798.0,19310.0,18286.0,24298.0,135.0
CUST_000411,LOAN_00000411,37644,45855,90,Good,First Bank,Port Harcourt,4.471124605881818,12.075981437761907,Temporary,HND/BSc,1.0,53676.0,53676.0,53676.0,53676.0,64639.0,60.0
CUST_000412,LOAN_00000412,133844,160692,180,Good,Union Bank,Calabar,6.078813794752573,12.359546428665352,Permanent,HND/BSc,10.0,512167.0,51216.7,170507.0,10374.0,67059.1,87.0
CUST_000413,LOAN_00000413,47726,63648,60,Good,Stanbic IBTC,Kano,11.217225575525138,8.73452766783669,Permanent,Secondary,1.0,50960.0,50960.0,50960.0,50960.0,67179.0,30.0
CUST_000414,LOAN_00000414,28461,37689,365,Bad,GTBank,Benin City,11.66340263481892,8.158593097498176,Self-Employed,HND/BSc,3.0,776013.0,258671.0,447829.0,44419.0,322129.6666666667,90.0
CUST_000415,LOAN_00000415,18250,21724,90,Good,First Bank,Enugu,8.347596206739723,3.132337011226804,Permanent,Masters,2.0,55267.0,27633.5,35324.0,19943.0,32721.0,105.0
CUST_000416,LOAN_00000416,53231,65740,60,Good,GTBank,Jos,7.744636033678176,14.118685381702056,Temporary,HND/BSc,6.0,202425.0,33737.5,59733.0,7617.0,43072.333333333336,95.0
CUST_000417,LOAN_00000417,46729,63033,60,Bad,UBA,Kaduna,12.800683241516037,10.239694540667315,Self-Employed,Secondary,5.0,181446.0,36289.2,58771.0,10313.0,45915.0,126.0
CUST_000418,LOAN_00000418,190183,242840,365,Bad,Access Bank,Abuja,5.805081936292629,5.437847246279617,Temporary,Masters,2.0,477148.0,238574.0,459834.0,17314.0,333667.5,180.0
CUST_000419,LOAN_00000419,30265,38944,180,Good,Union Bank,Port Harcourt,5.938233545691476,14.03524103305724,Permanent,Secondary,5.0,322103.0,64420.6,147489.0,7073.0,78308.4,84.0
CUST_000420,LOAN_00000420,27827,36786,90,Good,Stanbic IBTC,Lagos,6.626804593327598,13.979182821243556,Permanent,HND/BSc,0.0,0.0,0.0,0.0,0.0,0.0,0.0
CUST_000421,LOAN_00000421,98845,125310,30,Good,Access Bank,Benin City,5.554815864529786,14.870209972393152,Contract,HND/BSc,5.0,564116.0,112823.2,279825.0,42367.0,148401.0,72.0
CUST_000422,LOAN_00000422,71278,88810,60,Good,Access Bank,Kaduna,7.414290383837679,13.488678757667746,Contract,Masters,2.0,57403.0,28701.5,32983.0,24420.0,37853.0,30.0
CUST_000423,LOAN_00000423,59590,74383,180,Good,Stanbic IBTC,Lagos,12.197508042907783,14.973412653840777,Permanent,PhD,1.0,142905.0,142905.0,142905.0,142905.0,183651.0,180.0
CUST_000424,LOAN_00000424,68105,78885,60,Bad,First Bank,Port Harcourt,9.53813056565717,5.936234257479271,Temporary,Masters,2.0,224561.0,112280.5,122706.0,101855.0,148340.0,135.0
CUST_000425,LOAN_00000425,41374,49031,90,Good,Union Bank,Kano,7.707518937510373,13.106995022390809,Self-Employed,HND/BSc,0.0,0.0,0.0,0.0,0.0,0.0,0.0
CUST_000426,LOAN_00000426,63634,79639,180,Bad,UBA,Kano,12.409697151140932,12.876339705549174,Self-Employed,Secondary,3.0,263954.0,87984.66666666667,183884.0,25891.0,109630.66666666667,90.0
CUST_000427,LOAN_00000427,110258,128400,180,Good,GTBank,Ibadan,4.436178092282401,5.771284310648805,Permanent,Masters,5.0,287346.0,57469.2,97114.0,11942.0,75156.6,84.0
CUST_000428,LOAN_00000428,24406,29566,365,Bad,Zenith Bank,Port Harcourt,5.892485601116753,4.181250588011889,Self-Employed,HND/BSc,8.0,454798.0,56849.75,144285.0,13531.0,73083.75,71.25
CUST_000429,LOAN_00000429,121759,141353,60,Bad,GTBank,Port Harcourt,9.092997445915833,14.753046164131195,Self-Employed,Secondary,0.0,0.0,0.0,0.0,0.0,0.0,0.0
CUST_000430,LOAN_00000430,140731,161851,90,Good,Zenith Bank,Lagos,9.539973608738611,6.552294618247324,Contract,Masters,2.0,116792.0,58396.0,90802.0,25990.0,71848.5,75.0
CUST_000431,LOAN_00000431,39504,51119,365,Bad,GTBank,Kaduna,4.356017559063519,13.450701485613672,Temporary,Secondary,3.0,110955.0,36985.0,69042.0,13417.0,44323.0,60.0
CUST_000432,LOAN_00000432,607722,737375,60,Good,Stanbic IBTC,Calabar,7.627348821164189,3.0495258560952467,Permanent,Secondary,5.0,285642.0,57128.4,166753.0,8069.0,69965.2,84.0
CUST_000433,LOAN_00000433,270879,312889,180,Good,UBA,Lagos,9.842385683477854,3.2522976866352264,Permanent,PhD,1.0,115629.0,115629.0,115629.0,115629.0,146298.0,30.0
CUST_000434,LOAN_00000434,15327,18796,60,Good,Union Bank,Abuja,10.282634917630617,8.59045570435642,Permanent,HND/BSc,0.0,0.0,0.0,0.0,0.0,0.0,0.0
CUST_000435,LOAN_00000435,135366,167995,60,Bad,Zenith Bank,Kano,9.743259122646425,5.864576207220763,Self-Employed,Secondary,1.0,32491.0,32491.0,32491.0,32491.0,37606.0,180.0
CUST_000436,LOAN_00000436,109284,140351,90,Bad,Union Bank,Kano,6.885069019248321,11.278095401231573,Contract,Masters,0.0,0.0,0.0,0.0,0.0,0.0,0.0
CUST_000437,LOAN_00000437,25188,33576,180,Good,Union Bank,Ibadan,4.841681112381186,9.786771906815453,Permanent,Masters,0.0,0.0,0.0,0.0,0.0,0.0,0.0
CUST_000438,LOAN_00000438,90396,112243,30,Good,Union Bank,Abuja,7.844012017774007,3.929829569405897,Permanent,Secondary,4.0,475061.0,118765.25,408647.0,15961.0,158129.75,120.0
CUST_000439,LOAN_00000439,41092,54457,365,Good,Fidelity Bank,Kano,5.158789936312499,4.951539555788605,Permanent,HND/BSc,4.0,92078.0,23019.5,32671.0,17772.0,29444.25,82.5
CUST_000440,LOAN_00000440,122596,150343,30,Good,First Bank,Lagos,12.528612926686003,7.656591240700971,Permanent,Masters,1.0,23793.0,23793.0,23793.0,23793.0,31620.0,30.0
CUST_000441,LOAN_00000441,27530,36041,365,Good,GTBank,Abuja,8.276537794203655,5.227248767465198,Contract,Secondary,1.0,42791.0,42791.0,42791.0,42791.0,52351.0,180.0
CUST_000442,LOAN_00000442,27127,34085,90,Good,Union Bank,Lagos,6.855332569211808,12.506668166927144,Permanent,HND/BSc,4.0,449877.0,112469.25,197889.0,39989.0,141518.75,180.0
CUST_000443,LOAN_00000443,271117,346816,30,Bad,GTBank,Calabar,10.8967366400701,7.992842826639361,Permanent,Secondary,0.0,0.0,0.0,0.0,0.0,0.0,0.0
CUST_000444,LOAN_00000444,61764,81202,90,Bad,Union Bank,Calabar,8.481537333240375,4.121182402109991,Self-Employed,Masters,7.0,182552.0,26078.85714285714,35528.0,6140.0,33433.42857142857,111.42857142857143
CUST_000445,LOAN_00000445,111393,136497,30,Good,Zenith Bank,Kano,6.79030621611205,8.812114827265498,Contract,Masters,1.0,33441.0,33441.0,33441.0,33441.0,45364.0,180.0
CUST_000446,LOAN_00000446,131999,163601,90,Bad,First Bank,Kano,11.307709681517215,4.0900581727369705,Self-Employed,Secondary,5.0,219226.0,43845.2,96451.0,9644.0,56965.4,126.0
CUST_000447,LOAN_00000447,53880,64779,30,Good,First Bank,Kaduna,11.804369359010098,4.547247665037807,Permanent,Masters,2.0,99100.0,49550.0,79164.0,19936.0,60253.5,90.0
CUST_000448,LOAN_00000448,42874,52192,180,Good,Stanbic IBTC,Calabar,10.057073496598091,5.875317984338464,Permanent,Masters,2.0,62113.0,31056.5,45604.0,16509.0,38234.0,90.0
CUST_000449,LOAN_00000449,90130,107293,60,Bad,Fidelity Bank,Benin City,4.422679801669005,13.314332462969878,Contract,HND/BSc,4.0,400286.0,100071.5,292980.0,5784.0,127492.5,90.0
CUST_000450,LOAN_00000450,250438,334576,90,Good,Stanbic IBTC,Benin City,9.096905921498788,14.095350387995662,Permanent,HND/BSc,1.0,181716.0,181716.0,181716.0,181716.0,210175.0,30.0
CUST_000451,LOAN_00000451,67975,87185,60,Good,Stanbic IBTC,Ibadan,10.869654207975534,12.91509275198483,Permanent,Secondary,1.0,13163.0,13163.0,13163.0,13163.0,16091.0,90.0
CUST_000452,LOAN_00000452,84355,104553,60,Bad,Stanbic IBTC,Calabar,5.22852710875224,7.008926609014167,Self-Employed,PhD,5.0,303934.0,60786.8,128423.0,16412.0,79505.2,48.0
CUST_000453,LOAN_00000453,51754,69245,90,Good,Stanbic IBTC,Lagos,6.05803676246143,6.26935729330598,Temporary,HND/BSc,2.0,67656.0,33828.0,41083.0,26573.0,43836.5,60.0
CUST_000454,LOAN_00000454,79106,98793,90,Good,Stanbic IBTC,Lagos,11.942455945613228,9.58986828948287,Permanent,HND/BSc,9.0,298606.0,33178.444444444445,65983.0,11289.0,42213.11111111111,110.0
CUST_000455,LOAN_00000455,40223,47131,30,Good,UBA,Enugu,4.181095496677666,11.662237926397347,Permanent,HND/BSc,2.0,146576.0,73288.0,101137.0,45439.0,92347.0,60.0
CUST_000456,LOAN_00000456,80532,93767,60,Bad,First Bank,Abuja,10.774544240433784,14.920473457922098,Temporary,HND/BSc,1.0,27509.0,27509.0,27509.0,27509.0,34922.0,180.0
CUST_000457,LOAN_00000457,132439,164387,180,Good,Stanbic IBTC,Jos,8.263959632629806,4.578848542547115,Permanent,Masters,1.0,5318.0,5318.0,5318.0,5318.0,6842.0,60.0
CUST_000458,LOAN_00000458,189775,249937,90,Good,Union Bank,Benin City,8.020949429556461,3.591503988285653,Contract,HND/BSc,0.0,0.0,0.0,0.0,0.0,0.0,0.0
CUST_000459,LOAN_00000459,127737,148745,365,Bad,First Bank,Kano,4.0638687924539845,11.332270667943252,Temporary,PhD,3.0,83000.0,27666.666666666668,43639.0,15737.0,36585.666666666664,90.0
CUST_000460,LOAN_00000460,86953,109752,180,Bad,First Bank,Ibadan,11.374584078698437,12.986709402046866,Temporary,HND/BSc,6.0,215721.0,35953.5,58274.0,24034.0,45821.0,85.0
CUST_000461,LOAN_00000461,292587,356890,365,Bad,Access Bank,Jos,7.238424105729099,13.156185358397078,Contract,Secondary,5.0,373922.0,74784.4,147579.0,32903.0,100764.2,126.0
CUST_000462,LOAN_00000462,57332,75377,365,Good,UBA,Port Harcourt,8.866890681704886,11.141562588925929,Permanent,PhD,4.0,411104.0,102776.0,197628.0,39763.0,124862.5,90.0
CUST_000463,LOAN_00000463,52257,66770,90,Good,Stanbic IBTC,Ibadan,10.095706177020936,14.448189649430244,Permanent,HND/BSc,1.0,33952.0,33952.0,33952.0,33952.0,39192.0,180.0
CUST_000464,LOAN_00000464,13947,18193,90,Good,GTBank,Port Harcourt,10.323666187941242,9.132057162535045,Self-Employed,HND/BSc,0.0,0.0,0.0,0.0,0.0,0.0,0.0
CUST_000465,LOAN_00000465,78116,92785,60,Bad,Zenith Bank,Calabar,12.60382052943465,13.96577758003455,Temporary,,2.0,49748.0,24874.0,33199.0,16549.0,30543.0,60.0
CUST_000466,LOAN_00000466,103293,138329,30,Good,Fidelity Bank,Port Harcourt,8.78205957912948,14.613745643898277,Contract,Secondary,5.0,144011.0,28802.2,54600.0,13434.0,36128.8,108.0
CUST_000467,LOAN_00000467,147489,178097,180,Bad,Union Bank,Port Harcourt,7.597475958769849,13.165889484037294,Self-Employed,HND/BSc,0.0,0.0,0.0,0.0,0.0,0.0,0.0
CUST_000468,LOAN_00000468,55156,64396,30,Good,GTBank,Kaduna,12.583332638425372,6.717102759103447,Self-Employed,Secondary,7.0,300406.0,42915.142857142855,144471.0,19686.0,52480.28571428572,128.57142857142858
CUST_000469,LOAN_00000469,387172,517990,60,Good,UBA,Kaduna,9.778992115229691,5.354587814043543,Self-Employed,HND/BSc,3.0,196846.0,65615.33333333333,95573.0,14443.0,89304.66666666667,120.0
CUST_000470,LOAN_00000470,122473,149126,90,Bad,Zenith Bank,Kaduna,6.683353206489,9.57744077978182,Self-Employed,Masters,5.0,152568.0,30513.6,50155.0,18707.0,41421.6,108.0
CUST_000471,LOAN_00000471,25724,32655,60,Bad,UBA,Calabar,5.138178208632141,8.43617700456226,Self-Employed,,1.0,110576.0,110576.0,110576.0,110576.0,147758.0,90.0
CUST_000472,LOAN_00000472,82648,103721,60,Good,Union Bank,Jos,11.582990513186632,13.533100106312796,Contract,HND/BSc,4.0,85025.0,21256.25,28872.0,10766.0,28043.75,30.0
CUST_000473,LOAN_00000473,59639,79474,30,Good,First Bank,Ibadan,7.259634425147365,4.200380052805844,Permanent,Masters,10.0,642273.0,64227.3,143010.0,5000.0,84918.7,75.0
CUST_000474,LOAN_00000474,175666,213631,30,Bad,Zenith Bank,Ibadan,9.94422749227988,6.092880735738223,Self-Employed,PhD,1.0,13870.0,13870.0,13870.0,13870.0,18524.0,30.0
CUST_000475,LOAN_00000475,62623,77274,180,Good,First Bank,Kano,8.237347774293083,12.021587334224504,Contract,HND/BSc,1.0,32591.0,32591.0,32591.0,32591.0,43891.0,30.0
CUST_000476,LOAN_00000476,30955,41298,365,Good,Union Bank,Kaduna,5.790368018155345,4.139839739727746,Permanent,Secondary,2.0,32958.0,16479.0,16928.0,16030.0,19525.5,45.0
CUST_000477,LOAN_00000477,77712,93634,180,Bad,GTBank,Calabar,9.415179477584186,6.849172968260403,Self-Employed,HND/BSc,4.0,228491.0,57122.75,99552.0,7364.0,72562.25,97.5
CUST_000478,LOAN_00000478,39071,51518,60,Good,Union Bank,Kano,4.546147620556141,7.645864728647798,Self-Employed,,2.0,167317.0,83658.5,87565.0,79752.0,107302.5,60.0
CUST_000479,LOAN_00000479,14846,18594,60,Bad,GTBank,Abuja,7.720082138840731,10.47112555875228,Temporary,,2.0,71328.0,35664.0,36249.0,35079.0,45632.5,180.0
CUST_000480,LOAN_00000480,30664,39590,60,Good,Zenith Bank,Kano,8.91953445697304,4.897591748632375,Permanent,HND/BSc,1.0,19839.0,19839.0,19839.0,19839.0,25195.0,180.0
CUST_000481,LOAN_00000481,68022,85335,365,Good,Zenith Bank,Jos,7.924422767067211,13.327253884196514,Contract,Masters,2.0,104344.0,52172.0,53942.0,50402.0,71132.5,180.0
CUST_000482,LOAN_00000482,38933,50614,30,Good,Stanbic IBTC,Benin City,10.738049577258916,8.37050682559529,Permanent,Secondary,8.0,489709.0,61213.625,148155.0,9550.0,78217.375,97.5
CUST_000483,LOAN_00000483,170896,223827,30,Bad,UBA,Port Harcourt,11.451324590907811,14.004260542566678,Temporary,Secondary,0.0,0.0,0.0,0.0,0.0,0.0,0.0
CUST_000484,LOAN_00000484,20909,25055,30,Good,Stanbic IBTC,Kaduna,10.941187666298603,8.61443896360718,Permanent,,5.0,439670.0,87934.0,311348.0,10550.0,109782.8,90.0
CUST_000485,LOAN_00000485,32401,38897,60,Bad,UBA,Benin City,4.349316530306219,6.3004831072888,Self-Employed,Secondary,8.0,526179.0,65772.375,168321.0,14948.0,85657.375,97.5
CUST_000486,LOAN_00000486,27014,35524,60,Bad,Stanbic IBTC,Kano,5.74715893401375,4.701945944252099,Self-Employed,Secondary,5.0,371105.0,74221.0,210193.0,13773.0,90653.8,72.0
CUST_000487,LOAN_00000487,68672,83961,60,Good,First Bank,Calabar,8.829467583373969,3.0449411365354178,Permanent,HND/BSc,1.0,40127.0,40127.0,40127.0,40127.0,49577.0,60.0
CUST_000488,LOAN_00000488,181556,219474,365,Bad,Zenith Bank,Port Harcourt,12.413398363994212,9.385889819818027,Temporary,HND/BSc,5.0,433036.0,86607.2,255783.0,9296.0,105050.2,78.0
CUST_000489,LOAN_00000489,60985,70898,90,Bad,GTBank,Ibadan,11.51461097546905,4.285880363123081,Self-Employed,HND/BSc,2.0,57779.0,28889.5,39771.0,18008.0,36756.5,75.0
CUST_000490,LOAN_00000490,51335,68875,90,Good,UBA,Lagos,11.582810575166215,7.700733163574139,Permanent,Secondary,3.0,116705.0,38901.666666666664,83437.0,14913.0,46946.333333333336,70.0
CUST_000491,LOAN_00000491,163639,201578,365,Bad,Union Bank,Port Harcourt,6.728873743837074,10.07126113484504,Permanent,PhD,2.0,37978.0,18989.0,30239.0,7739.0,24421.5,60.0
CUST_000492,LOAN_00000492,382829,478750,180,Good,UBA,Jos,7.865031073708323,6.308230762832404,Permanent,PhD,5.0,276372.0,55274.4,107119.0,13396.0,69266.2,84.0
CUST_000493,LOAN_00000493,82424,105094,60,Good,GTBank,Jos,8.236353525843437,5.102691508393383,Permanent,HND/BSc,0.0,0.0,0.0,0.0,0.0,0.0,0.0
CUST_000494,LOAN_00000494,12773,15018,30,Good,Stanbic IBTC,Kano,5.416344250149194,12.2966594713121,Self-Employed,HND/BSc,1.0,20486.0,20486.0,20486.0,20486.0,27976.0,60.0
CUST_000495,LOAN_00000495,21960,27787,60,Good,UBA,Abuja,4.279613172200107,14.361494067379446,Temporary,Masters,2.0,60705.0,30352.5,48316.0,12389.0,35382.5,105.0
CUST_000496,LOAN_00000496,92952,120214,60,Bad,Fidelity Bank,Jos,12.522126095144651,4.205285014343592,Permanent,HND/BSc,3.0,203623.0,67874.33333333333,103776.0,31068.0,82726.66666666667,120.0
CUST_000497,LOAN_00000497,81144,95080,180,Good,First Bank,Jos,6.16641327097156,4.867083892620094,Contract,HND/BSc,2.0,45200.0,22600.0,39355.0,5845.0,28043.0,60.0
CUST_000498,LOAN_00000498,10896,12821,365,Good,Zenith Bank,Calabar,6.159540133512682,14.520151887032624,Contract,HND/BSc,3.0,157550.0,52516.666666666664,92257.0,11812.0,65468.333333333336,90.0
CUST_000499,LOAN_00000499,90705,120929,90,Good,GTBank,Kano,4.750411483918835,3.4534106617469558,Permanent,HND/BSc,0.0,0.0,0.0,0.0,0.0,0.0,0.0
CUST_000500,LOAN_00000500,100311,118784,30,Bad,Zenith Bank,Port Harcourt,12.356569767494006,14.731588038605668,Permanent,Secondary,7.0,508896.0,72699.42857142857,293700.0,12044.0,91644.28571428571,102.85714285714286
CUST_000501,LOAN_00000501,20471,24912,180,Good,Fidelity Bank,Abuja,9.217634034457948,3.055733797019865,Permanent,HND/BSc,3.0,77562.0,25854.0,57024.0,9415.0,34980.0,70.0
CUST_000502,LOAN_00000502,222242,277627,60,Good,UBA,Benin City,10.003331714128183,13.484023867815976,Contract,HND/BSc,0.0,0.0,0.0,0.0,0.0,0.0,0.0
CUST_000503,LOAN_00000503,69018,82925,90,Bad,UBA,Lagos,12.204191985367473,6.687902171852994,Self-Employed,Masters,1.0,120989.0,120989.0,120989.0,120989.0,147064.0,90.0
CUST_000504,LOAN_00000504,93999,121569,60,Bad,Union Bank,Kaduna,7.110581520107106,14.263066298127558,Self-Employed,Masters,1.0,71384.0,71384.0,71384.0,71384.0,91538.0,30.0
CUST_000505,LOAN_00000505,38813,46387,30,Good,Fidelity Bank,Ibadan,9.593565800242756,6.803343463627026,Permanent,HND/BSc,4.0,199165.0,49791.25,84744.0,24589.0,60345.25,127.5
CUST_000506,LOAN_00000506,236104,301906,60,Bad,GTBank,Jos,4.349195092559987,10.851675858408672,Self-Employed,Masters,1.0,139909.0,139909.0,139909.0,139909.0,177490.0,30.0
CUST_000507,LOAN_00000507,395086,454780,30,Bad,Union Bank,Kano,5.680952754080164,3.96039083719124,Self-Employed,Secondary,9.0,532486.0,59165.11111111111,277898.0,17681.0,72983.66666666667,93.33333333333333
CUST_000508,LOAN_00000508,70414,88700,180,Bad,First Bank,Kaduna,11.481212245809482,5.907957737444868,Self-Employed,HND/BSc,3.0,105609.0,35203.0,42376.0,26468.0,43767.0,90.0
CUST_000509,LOAN_00000509,204127,267977,90,Bad,Union Bank,Ibadan,10.90091520704502,12.28415215775101,Contract,Masters,3.0,223431.0,74477.0,116246.0,23971.0,92866.66666666667,100.0
CUST_000510,LOAN_00000510,24934,31517,180,Good,Access Bank,Ibadan,7.155784223114322,9.344230244145836,Self-Employed,HND/BSc,4.0,254641.0,63660.25,187693.0,9561.0,79683.25,105.0
CUST_000511,LOAN_00000511,63659,74441,180,Bad,GTBank,Benin City,7.391295649967912,14.135628741444537,Self-Employed,HND/BSc,3.0,142680.0,47560.0,78837.0,25271.0,56958.0,180.0
CUST_000512,LOAN_00000512,28776,37929,90,Good,Access Bank,Benin City,8.801989901982214,8.145016900096252,Contract,HND/BSc,5.0,172640.0,34528.0,45925.0,26196.0,44416.0,132.0
CUST_000513,LOAN_00000513,53190,65269,180,Good,Fidelity Bank,Benin City,4.002169042166211,13.437748389767076,Permanent,PhD,2.0,116639.0,58319.5,67997.0,48642.0,72257.0,30.0
CUST_000514,LOAN_00000514,29294,38965,30,Good,Stanbic IBTC,Enugu,6.1711990243422505,8.38746524973885,Temporary,HND/BSc,5.0,268760.0,53752.0,136985.0,5000.0,65484.8,90.0
CUST_000515,LOAN_00000515,48215,57783,60,Good,Access Bank,Enugu,5.87408627747393,14.750979344423824,Self-Employed,Masters,3.0,55782.0,18594.0,32380.0,8899.0,23362.666666666668,50.0
CUST_000516,LOAN_00000516,103378,132871,90,Bad,First Bank,Ibadan,6.254346520747872,14.51801257678652,Temporary,,6.0,241628.0,40271.333333333336,92798.0,5494.0,53959.333333333336,45.0
CUST_000517,LOAN_00000517,16465,21631,90,Good,Union Bank,Benin City,11.253152582800972,6.949640466672964,Self-Employed,Masters,1.0,43430.0,43430.0,43430.0,43430.0,56073.0,180.0
CUST_000518,LOAN_00000518,22363,25881,60,Good,Stanbic IBTC,Calabar,6.517064708917989,13.63108404500164,Contract,HND/BSc,4.0,124277.0,31069.25,46490.0,14952.0,40534.5,112.5
CUST_000519,LOAN_00000519,44029,56724,30,Good,Union Bank,Jos,5.723691898451333,13.171336490587793,Permanent,Secondary,4.0,102026.0,25506.5,55840.0,11724.0,34681.25,82.5
CUST_000520,LOAN_00000520,99622,125462,365,Good,Access Bank,Kaduna,8.538371147137283,5.528164767930754,Permanent,HND/BSc,0.0,0.0,0.0,0.0,0.0,0.0,0.0
CUST_000521,LOAN_00000521,247505,331882,90,Bad,Union Bank,Kaduna,11.790805327354589,10.491484809399235,Temporary,HND/BSc,6.0,315752.0,52625.333333333336,128930.0,11066.0,69244.0,85.0
CUST_000522,LOAN_00000522,44898,53853,90,Good,Fidelity Bank,Enugu,6.172147334537499,3.8721877870777774,Permanent,Masters,7.0,442589.0,63227.0,154699.0,32643.0,81349.57142857143,111.42857142857143
CUST_000523,LOAN_00000523,57999,69666,60,Good,Stanbic IBTC,Ibadan,4.7068261851351885,13.04052864700154,Permanent,HND/BSc,4.0,208349.0,52087.25,156905.0,7545.0,62439.0,75.0
CUST_000524,LOAN_00000524,41883,52625,180,Bad,Fidelity Bank,Kano,7.207642622646983,5.094550602041958,Self-Employed,,6.0,193524.0,32254.0,107221.0,9066.0,39826.666666666664,50.0
CUST_000525,LOAN_00000525,37350,46933,30,Good,Access Bank,Port Harcourt,10.7288664210848,3.849776416629174,Self-Employed,Secondary,0.0,0.0,0.0,0.0,0.0,0.0,0.0
CUST_000526,LOAN_00000526,67838,89351,90,Good,Fidelity Bank,Port Harcourt,8.956214902253151,7.802629146465734,Permanent,Masters,0.0,0.0,0.0,0.0,0.0,0.0,0.0
CUST_000527,LOAN_00000527,41474,49720,30,Good,First Bank,Enugu,11.351140326169126,9.923065663195722,Permanent,HND/BSc,3.0,134591.0,44863.666666666664,86593.0,20333.0,55200.0,140.0
CUST_000528,LOAN_00000528,113820,134544,365,Good,Access Bank,Kano,12.636329328483106,13.259003502717253,Contract,HND/BSc,4.0,121401.0,30350.25,55314.0,7852.0,38017.0,60.0
CUST_000529,LOAN_00000529,51350,60494,60,Good,Access Bank,Enugu,11.133962290764554,14.690910306260838,Permanent,Masters,9.0,599169.0,66574.33333333333,275146.0,5137.0,84047.33333333333,83.33333333333333
CUST_000530,LOAN_00000530,98547,115003,90,Good,Access Bank,Port Harcourt,9.43422770959378,8.273910150838365,Self-Employed,Secondary,3.0,80551.0,26850.333333333332,43846.0,13768.0,32482.333333333332,90.0
CUST_000531,LOAN_00000531,143250,187849,60,Good,GTBank,Kano,8.440074292471424,3.7253630758232426,Permanent,Secondary,9.0,680190.0,75576.66666666667,415229.0,6116.0,92721.44444444444,100.0
CUST_000532,LOAN_00000532,109644,127702,90,Bad,Union Bank,Benin City,4.3606217771344,11.989386948310448,Self-Employed,HND/BSc,4.0,206434.0,51608.5,121385.0,9046.0,63876.5,37.5
CUST_000533,LOAN_00000533,33344,40620,30,Good,GTBank,Ibadan,12.858897809326372,9.78207907468725,Self-Employed,HND/BSc,1.0,44334.0,44334.0,44334.0,44334.0,55976.0,60.0
CUST_000534,LOAN_00000534,86344,100571,60,Good,GTBank,Kaduna,7.4513301031753825,8.374696138133558,Self-Employed,Masters,5.0,248184.0,49636.8,90786.0,29777.0,65642.4,72.0
CUST_000535,LOAN_00000535,106382,140256,90,Good,First Bank,Calabar,5.370053925251801,6.7112265455062765,Permanent,,2.0,142340.0,71170.0,109597.0,32743.0,89077.5,180.0
CUST_000536,LOAN_00000536,51672,66618,90,Good,Stanbic IBTC,Abuja,10.00037969856811,9.028782334122427,Contract,Secondary,1.0,20396.0,20396.0,20396.0,20396.0,25484.0,60.0
CUST_000537,LOAN_00000537,198977,265563,30,Good,Union Bank,Ibadan,6.558594601859134,7.064155253484371,Contract,HND/BSc,3.0,167237.0,55745.666666666664,80887.0,32574.0,68036.33333333333,100.0
CUST_000538,LOAN_00000538,53673,72044,30,Good,Fidelity Bank,Benin City,9.27200443837943,12.084142412968324,Permanent,HND/BSc,4.0,219231.0,54807.75,88450.0,23256.0,70962.25,120.0
CUST_000539,LOAN_00000539,39834,48780,30,Good,UBA,Port Harcourt,9.28091117060132,9.526724357911691,Self-Employed,,1.0,51652.0,51652.0,51652.0,51652.0,62723.0,180.0
CUST_000540,LOAN_00000540,36818,46874,60,Good,Access Bank,Benin City,8.011568388125824,13.522173289849343,Contract,PhD,0.0,0.0,0.0,0.0,0.0,0.0,0.0
CUST_000541,LOAN_00000541,75889,87942,180,Bad,Fidelity Bank,Enugu,11.525067539905384,9.522526975793305,Self-Employed,Masters,2.0,34482.0,17241.0,20369.0,14113.0,21299.0,135.0
CUST_000542,LOAN_00000542,108151,131159,60,Good,Access Bank,Kano,6.384703553998987,5.85914896007916,Permanent,HND/BSc,4.0,129589.0,32397.25,40951.0,28870.0,40074.5,82.5
CUST_000543,LOAN_00000543,51378,61805,60,Good,First Bank,Kaduna,8.037693324559608,13.213102586785734,Permanent,Secondary,3.0,343973.0,114657.66666666667,304587.0,19579.0,135020.0,110.0
CUST_000544,LOAN_00000544,139041,173156,60,Bad,Access Bank,Jos,8.839229157318744,9.686628539160528,Temporary,HND/BSc,1.0,16232.0,16232.0,16232.0,16232.0,20592.0,180.0
CUST_000545,LOAN_00000545,287238,383341,180,Bad,GTBank,Enugu,9.972622486905696,5.482092457722735,Contract,HND/BSc,5.0,297515.0,59503.0,84629.0,31070.0,76405.8,114.0
CUST_000546,LOAN_00000546,31555,37730,365,Good,Union Bank,Ibadan,11.055746654550305,10.482093719474666,Contract,Masters,7.0,397851.0,56835.857142857145,121568.0,6879.0,71952.0,81.42857142857143
CUST_000547,LOAN_00000547,105014,122079,90,Good,UBA,Enugu,7.553265545904304,7.29260117930913,Contract,HND/BSc,0.0,0.0,0.0,0.0,0.0,0.0,0.0
CUST_000548,LOAN_00000548,188300,235058,60,Good,Zenith Bank,Ibadan,9.814422496869364,13.132867347504789,Permanent,Masters,5.0,183043.0,36608.6,55608.0,24878.0,46655.0,72.0
CUST_000549,LOAN_00000549,38904,45137,30,Good,Access Bank,Jos,5.355498577616672,8.439596863758513,Self-Employed,HND/BSc,5.0,98897.0,19779.4,38424.0,7189.0,24810.4,78.0
CUST_000550,LOAN_00000550,22484,29069,365,Good,Fidelity Bank,Lagos,12.393832904882307,11.717296297289,Permanent,Masters,4.0,128006.0,32001.5,52752.0,13471.0,43468.75,45.0
CUST_000551,LOAN_00000551,97421,129213,30,Good,GTBank,Kaduna,7.447529257789032,4.146434491634846,Contract,Secondary,1.0,28140.0,28140.0,28140.0,28140.0,34746.0,60.0
CUST_000552,LOAN_00000552,84210,110762,90,Good,Zenith Bank,Calabar,10.565692797787946,7.752292155628154,Contract,Secondary,4.0,221706.0,55426.5,88730.0,18034.0,69208.75,52.5
CUST_000553,LOAN_00000553,35491,44641,90,Good,UBA,Calabar,4.183069736939599,14.798897237668784,Temporary,Secondary,2.0,74199.0,37099.5,58261.0,15938.0,47997.0,180.0
CUST_000554,LOAN_00000554,92745,113942,30,Good,Zenith Bank,Abuja,5.846684286143264,12.70152347372578,Contract,Masters,2.0,90148.0,45074.0,76200.0,13948.0,52709.5,120.0
CUST_000555,LOAN_00000555,80063,95646,60,Good,GTBank,Benin City,8.383742898912203,4.919289628403144,Permanent,Secondary,5.0,532948.0,106589.6,217484.0,31022.0,140132.8,78.0
CUST_000556,LOAN_00000556,53138,68897,90,Good,Union Bank,Lagos,11.90427220959112,6.333168593727061,Contract,Masters,4.0,238670.0,59667.5,139521.0,12037.0,80443.75,127.5
CUST_000557,LOAN_00000557,97151,113006,90,Good,Union Bank,Calabar,8.745296349556094,6.957789706276333,Permanent,Secondary,3.0,152580.0,50860.0,133091.0,6222.0,69787.33333333333,30.0
CUST_000558,LOAN_00000558,48425,56235,60,Good,Stanbic IBTC,Enugu,12.368834340644913,10.80438672594535,Permanent,HND/BSc,6.0,426860.0,71143.33333333333,266638.0,5000.0,91951.66666666667,100.0
CUST_000559,LOAN_00000559,95280,120476,30,Good,Union Bank,Benin City,8.354172069245166,12.083937113875866,Permanent,PhD,8.0,353152.0,44144.0,100023.0,11758.0,58696.25,67.5
CUST_000560,LOAN_00000560,10000,12703,30,Good,Stanbic IBTC,Lagos,8.41404187062355,11.994319305694916,Contract,HND/BSc,3.0,193615.0,64538.333333333336,138445.0,26002.0,77236.33333333333,70.0
CUST_000561,LOAN_00000561,42075,48566,60,Good,Zenith Bank,Kano,5.077721096504787,9.118488675676833,Permanent,Secondary,1.0,225019.0,225019.0,225019.0,225019.0,283632.0,180.0
CUST_000562,LOAN_00000562,63516,82511,60,Good,First Bank,Kano,11.223906197369978,12.729846454057814,Contract,Secondary,3.0,95840.0,31946.666666666668,52403.0,14689.0,42663.666666666664,50.0
CUST_000563,LOAN_00000563,24145,30692,180,Bad,Fidelity Bank,Benin City,6.222688712203563,8.2449369930897,Temporary,PhD,9.0,413501.0,45944.555555555555,120620.0,10115.0,61142.555555555555,100.0
CUST_000564,LOAN_00000564,49225,62882,60,Good,Fidelity Bank,Ibadan,12.096512404350836,4.486566783546743,Self-Employed,HND/BSc,1.0,30036.0,30036.0,30036.0,30036.0,40737.0,30.0
CUST_000565,LOAN_00000565,36963,43852,180,Good,Zenith Bank,Ibadan,12.197417982973564,9.77330209984576,Permanent,HND/BSc,9.0,454432.0,50492.444444444445,89805.0,21826.0,64990.77777777778,126.66666666666667
CUST_000566,LOAN_00000566,62312,79009,365,Bad,Access Bank,Enugu,12.489791006867348,14.42761661521328,Permanent,HND/BSc,1.0,31738.0,31738.0,31738.0,31738.0,39796.0,180.0
CUST_000567,LOAN_00000567,21200,27594,60,Good,Access Bank,Lagos,8.68207440192781,12.515923816710137,Self-Employed,HND/BSc,7.0,552553.0,78936.14285714286,170148.0,21648.0,99090.71428571429,115.71428571428571
CUST_000568,LOAN_00000568,20971,25576,30,Bad,Union Bank,Lagos,10.0938440630528,9.944407772306908,Self-Employed,Secondary,2.0,148087.0,74043.5,127033.0,21054.0,90121.5,105.0
CUST_000569,LOAN_00000569,24453,29486,180,Good,Fidelity Bank,Benin City,11.00664292055497,10.761667924189164,Permanent,HND/BSc,1.0,16608.0,16608.0,16608.0,16608.0,19852.0,90.0
CUST_000570,LOAN_00000570,26776,33911,30,Good,Fidelity Bank,Port Harcourt,5.17913156785419,14.166744324426872,Self-Employed,Masters,2.0,106066.0,53033.0,59906.0,46160.0,67130.5,60.0
CUST_000571,LOAN_00000571,24080,28083,90,Good,Stanbic IBTC,Kano,9.408614754977474,8.140113533219527,Contract,Secondary,8.0,410731.0,51341.375,106173.0,6308.0,62600.875,120.0
CUST_000572,LOAN_00000572,56024,65297,90,Good,First Bank,Lagos,4.308681111729805,6.976729667311648,Contract,Masters,3.0,94280.0,31426.666666666668,54541.0,19723.0,43031.0,100.0
CUST_000573,LOAN_00000573,267413,332044,180,Bad,GTBank,Benin City,8.478094750498533,14.726898780005389,Temporary,Masters,4.0,216169.0,54042.25,118874.0,5897.0,68190.5,75.0
CUST_000574,LOAN_00000574,118844,145415,90,Good,Access Bank,Jos,5.393584134582047,13.361317602124,Self-Employed,PhD,2.0,137256.0,68628.0,128844.0,8412.0,82451.5,90.0
CUST_000575,LOAN_00000575,16546,19527,90,Bad,Fidelity Bank,Abuja,5.646306333658762,6.876523015423229,Self-Employed,Secondary,1.0,14400.0,14400.0,14400.0,14400.0,18325.0,90.0
CUST_000576,LOAN_00000576,164145,189261,60,Good,Stanbic IBTC,Jos,7.285428100233414,8.565367168331074,Permanent,HND/BSc,5.0,190745.0,38149.0,68516.0,14177.0,47866.2,66.0
CUST_000577,LOAN_00000577,101870,121501,365,Bad,UBA,Kaduna,7.891934500448527,7.980937548093589,Contract,Masters,4.0,290445.0,72611.25,133677.0,14270.0,93467.25,45.0
CUST_000578,LOAN_00000578,54604,72128,365,Bad,Stanbic IBTC,Enugu,9.608551820789684,4.789148144057207,Contract,Secondary,1.0,124035.0,124035.0,124035.0,124035.0,143465.0,90.0
CUST_000579,LOAN_00000579,24567,32411,365,Good,Access Bank,Lagos,4.669855765946641,14.493831885759109,Permanent,Secondary,2.0,27156.0,13578.0,18408.0,8748.0,17139.5,105.0
CUST_000580,LOAN_00000580,217704,289518,180,Good,Access Bank,Kaduna,8.533225851137,7.8517491746371055,Contract,Masters,2.0,53642.0,26821.0,29522.0,24120.0,36193.5,135.0
CUST_000581,LOAN_00000581,27551,36109,365,Good,Stanbic IBTC,Calabar,5.64362617227791,13.503948991654896,Permanent,HND/BSc,4.0,177631.0,44407.75,85082.0,14202.0,55419.25,60.0
CUST_000582,LOAN_00000582,45868,60659,90,Good,GTBank,Kaduna,9.165776575285676,5.272274732167981,Permanent,HND/BSc,0.0,0.0,0.0,0.0,0.0,0.0,0.0
CUST_000583,LOAN_00000583,229561,298042,365,Good,Zenith Bank,Benin City,9.736641510350651,9.574449727646638,Permanent,HND/BSc,4.0,125142.0,31285.5,32917.0,29668.0,39256.25,105.0
CUST_000584,LOAN_00000584,77277,91722,90,Bad,Access Bank,Lagos,9.010383308975683,3.287536621491238,Self-Employed,Masters,3.0,37721.0,12573.666666666666,16660.0,8022.0,16534.666666666668,110.0
CUST_000585,LOAN_00000585,107188,132869,60,Bad,Stanbic IBTC,Abuja,10.64465959430477,12.170645806107704,Temporary,HND/BSc,2.0,222547.0,111273.5,158487.0,64060.0,133437.5,120.0
CUST_000586,LOAN_00000586,59948,80802,30,Good,Fidelity Bank,Benin City,7.020483198168112,9.97096677895534,Contract,Masters,1.0,11640.0,11640.0,11640.0,11640.0,13758.0,30.0
CUST_000587,LOAN_00000587,52964,61042,30,Good,Stanbic IBTC,Benin City,10.885959324698176,10.507075001637032,Contract,HND/BSc,3.0,246090.0,82030.0,123262.0,29910.0,108015.0,100.0
CUST_000588,LOAN_00000588,66404,83850,30,Good,First Bank,Enugu,7.894903735373743,3.6206505906558415,Permanent,HND/BSc,3.0,130572.0,43524.0,66036.0,27798.0,53758.333333333336,40.0
CUST_000589,LOAN_00000589,175105,219816,90,Good,Zenith Bank,Enugu,8.35766048490337,5.532459962503385,Temporary,HND/BSc,0.0,0.0,0.0,0.0,0.0,0.0,0.0
CUST_000590,LOAN_00000590,61913,75245,90,Good,UBA,Kano,9.832919145349642,3.891970468242962,Contract,Secondary,7.0,392849.0,56121.28571428572,224046.0,5000.0,68338.71428571429,124.28571428571429
CUST_000591,LOAN_00000591,101998,132040,30,Good,GTBank,Kano,4.165225455993015,6.466971789645742,Self-Employed,HND/BSc,2.0,229936.0,114968.0,193576.0,36360.0,137771.0,135.0
CUST_000592,LOAN_00000592,21551,27832,60,Good,Union Bank,Ibadan,9.885947992782237,10.529268092185813,Self-Employed,HND/BSc,6.0,522862.0,87143.66666666667,212682.0,28484.0,107598.0,80.0
CUST_000593,LOAN_00000593,91621,113505,90,Good,UBA,Port Harcourt,9.567266341649038,9.794231811808505,Permanent,PhD,4.0,117161.0,29290.25,54739.0,5000.0,39447.5,127.5
CUST_000594,LOAN_00000594,80307,107161,60,Good,Zenith Bank,Lagos,6.78862405077952,10.345797859360683,Contract,HND/BSc,2.0,79637.0,39818.5,43344.0,36293.0,46698.0,60.0
CUST_000595,LOAN_00000595,66758,85629,90,Bad,Zenith Bank,Lagos,4.7721485640954056,9.591015256534732,Temporary,HND/BSc,3.0,326842.0,108947.33333333333,168084.0,17167.0,130371.66666666667,120.0
CUST_000596,LOAN_00000596,157233,205140,30,Good,Zenith Bank,Kaduna,4.81841904921737,6.276345548110312,Permanent,HND/BSc,2.0,321545.0,160772.5,296112.0,25433.0,200702.0,135.0
CUST_000597,LOAN_00000597,201220,238104,30,Good,UBA,Lagos,12.309013722867055,5.934089968133103,Self-Employed,Masters,3.0,52787.0,17595.666666666668,32926.0,8643.0,23747.0,110.0
CUST_000598,LOAN_00000598,140516,166578,60,Good,Fidelity Bank,Lagos,10.203513891032534,4.644716202438975,Temporary,HND/BSc,5.0,141312.0,28262.4,41667.0,17911.0,35618.8,90.0
CUST_000599,LOAN_00000599,68658,91166,365,Bad,Zenith Bank,Port Harcourt,5.143923523936664,13.188850498841903,Permanent,Secondary,1.0,29354.0,29354.0,29354.0,29354.0,34533.0,60.0
CUST_000600,LOAN_00000600,73177,88235,60,Good,Stanbic IBTC,Calabar,7.210508523780157,10.397752302494933,Self-Employed,Masters,5.0,220410.0,44082.0,130522.0,5619.0,53624.0,66.0
CUST_000601,LOAN_00000601,72997,94209,60,Good,UBA,Kano,9.332346945114368,5.238132150048717,Temporary,HND/BSc,1.0,14424.0,14424.0,14424.0,14424.0,18452.0,90.0
CUST_000602,LOAN_00000602,128012,152267,60,Bad,Union Bank,Kano,11.520145345815838,5.126512557854874,Self-Employed,HND/BSc,3.0,97357.0,32452.333333333332,51849.0,20936.0,42697.666666666664,70.0
CUST_000603,LOAN_00000603,27183,33814,90,Good,Zenith Bank,Abuja,4.392948358417077,13.47642721831364,Permanent,HND/BSc,4.0,157286.0,39321.5,85050.0,10828.0,48763.25,112.5
CUST_000604,LOAN_00000604,16524,22056,30,Good,Stanbic IBTC,Lagos,6.129698183230079,11.912770365159831,Permanent,Masters,4.0,98923.0,24730.75,43191.0,6252.0,30675.75,52.5
CUST_000605,LOAN_00000605,149303,198007,60,Good,Fidelity Bank,Port Harcourt,12.00774091265842,10.912788958864455,Permanent,HND/BSc,4.0,67359.0,16839.75,20294.0,8884.0,21468.75,75.0
CUST_000606,LOAN_00000606,18072,22320,30,Good,First Bank,Kano,4.082489951654348,7.882369290471598,Self-Employed,Secondary,8.0,338067.0,42258.375,67034.0,10898.0,54478.625,78.75
CUST_000607,LOAN_00000607,11544,15196,90,Good,Fidelity Bank,Port Harcourt,5.812591925144987,6.14370677134221,Self-Employed,Masters,3.0,121959.0,40653.0,61956.0,10616.0,52171.0,80.0
CUST_000608,LOAN_00000608,197227,233749,90,Bad,Union Bank,Jos,12.631217583756694,14.753409157353886,Contract,Secondary,5.0,183704.0,36740.8,53990.0,15477.0,47992.0,126.0
CUST_000609,LOAN_00000609,36978,45113,180,Good,Zenith Bank,Calabar,9.52061661869954,12.566874900273602,Permanent,Masters,4.0,165340.0,41335.0,59873.0,7758.0,51070.5,97.5
CUST_000610,LOAN_00000610,15440,18569,30,Good,Union Bank,Lagos,6.355042299737558,6.621350677635318,Permanent,Secondary,0.0,0.0,0.0,0.0,0.0,0.0,0.0
CUST_000611,LOAN_00000611,143916,193887,30,Bad,UBA,Abuja,4.602919849562628,13.170777555341935,Self-Employed,HND/BSc,1.0,19486.0,19486.0,19486.0,19486.0,26363.0,180.0
CUST_000612,LOAN_00000612,57092,66112,30,Good,Access Bank,Kaduna,4.253722064024999,12.107183383376178,Self-Employed,Secondary,2.0,154336.0,77168.0,99823.0,54513.0,90523.0,180.0
CUST_000613,LOAN_00000613,46183,61746,365,Good,Zenith Bank,Kano,6.202705716732345,6.56496659853598,Temporary,HND/BSc,3.0,119211.0,39737.0,78148.0,13224.0,49991.333333333336,100.0
CUST_000614,LOAN_00000614,51137,68073,30,Good,Access Bank,Jos,11.933372376300197,8.118634250899676,Self-Employed,HND/BSc,2.0,80228.0,40114.0,54708.0,25520.0,49174.5,180.0
CUST_000615,LOAN_00000615,58461,70681,60,Bad,Stanbic IBTC,Port Harcourt,7.743222888677585,5.231441344692319,Self-Employed,Secondary,2.0,62530.0,31265.0,45416.0,17114.0,40752.0,30.0
CUST_000616,LOAN_00000616,79350,101587,60,Bad,First Bank,Enugu,10.483000322493936,4.332629332537312,Self-Employed,HND/BSc,4.0,158003.0,39500.75,61740.0,7495.0,52483.5,135.0
CUST_000617,LOAN_00000617,38199,50177,60,Good,GTBank,Benin City,12.26456531841962,11.673144394076362,Contract,PhD,1.0,43040.0,43040.0,43040.0,43040.0,52631.0,60.0
CUST_000618,LOAN_00000618,70824,87983,90,Good,Union Bank,Lagos,7.672364154425349,6.2101422882464,Contract,HND/BSc,2.0,61356.0,30678.0,37221.0,24135.0,41134.0,90.0
CUST_000619,LOAN_00000619,59605,72070,180,Bad,Fidelity Bank,Lagos,5.721496339336573,12.840712388955044,Temporary,Masters,3.0,144672.0,48224.0,94253.0,21946.0,61683.0,40.0
CUST_000620,LOAN_00000620,10000,12589,60,Good,First Bank,Jos,8.654061377712274,14.947304538173114,Self-Employed,PhD,1.0,29791.0,29791.0,29791.0,29791.0,41159.0,60.0
CUST_000621,LOAN_00000621,18668,23890,30,Good,Zenith Bank,Port Harcourt,12.17275318353869,3.919437767155784,Permanent,,5.0,76351.0,15270.2,30945.0,5000.0,19738.0,96.0
CUST_000622,LOAN_00000622,26370,35042,90,Good,Access Bank,Ibadan,11.239369727239303,8.676421501004404,Permanent,Masters,1.0,28507.0,28507.0,28507.0,28507.0,39614.0,60.0
CUST_000623,LOAN_00000623,49835,58454,90,Good,Fidelity Bank,Lagos,4.592468590268384,12.624750711729636,Permanent,HND/BSc,3.0,26143.0,8714.333333333334,15856.0,5079.0,10680.666666666666,60.0
CUST_000624,LOAN_00000624,83666,103731,90,Good,Access Bank,Ibadan,10.233155200698237,12.467410758494802,Contract,,3.0,74269.0,24756.333333333332,55523.0,5000.0,33503.0,90.0
CUST_000625,LOAN_00000625,258230,326286,90,Good,UBA,Enugu,9.147077702130584,12.11996589997162,Permanent,Masters,2.0,125454.0,62727.0,107811.0,17643.0,82558.0,105.0
CUST_000626,LOAN_00000626,22317,26537,60,Good,Access Bank,Jos,12.16716858711783,7.187939223622932,Permanent,Masters,7.0,434573.0,62081.857142857145,220709.0,8961.0,74953.85714285714,124.28571428571429
CUST_000627,LOAN_00000627,74046,94634,180,Bad,UBA,Port Harcourt,5.102332751652675,8.446239068220628,Contract,Secondary,1.0,24522.0,24522.0,24522.0,24522.0,29558.0,30.0
CUST_000628,LOAN_00000628,90724,119176,90,Bad,Stanbic IBTC,Port Harcourt,8.80632501884191,10.139620288097642,Permanent,,0.0,0.0,0.0,0.0,0.0,0.0,0.0
CUST_000629,LOAN_00000629,133868,169031,90,Good,Fidelity Bank,Calabar,11.91516424160703,14.687287002879089,Self-Employed,Masters,5.0,239046.0,47809.2,111611.0,8008.0,59261.0,108.0
CUST_000630,LOAN_00000630,50476,58967,180,Good,Fidelity Bank,Benin City,7.690214080675688,6.930567251261914,Contract,Masters,2.0,156643.0,78321.5,123019.0,33624.0,98515.5,30.0
CUST_000631,LOAN_00000631,77232,101706,60,Bad,GTBank,Kano,8.337954259595804,14.077726652602292,Contract,Secondary,1.0,55698.0,55698.0,55698.0,55698.0,73280.0,90.0
CUST_000632,LOAN_00000632,72647,92015,30,Good,Zenith Bank,Kano,4.634146099002624,6.23228301816593,Permanent,Secondary,5.0,163230.0,32646.0,62377.0,6097.0,41739.8,90.0
CUST_000633,LOAN_00000633,99216,129138,180,Bad,UBA,Kaduna,6.503292764040197,14.868893585684456,Permanent,,5.0,217804.0,43560.8,90692.0,10423.0,53953.8,48.0
CUST_000634,LOAN_00000634,93880,109281,60,Good,GTBank,Abuja,6.920559842520526,11.043164241931102,Contract,HND/BSc,3.0,238308.0,79436.0,134194.0,8046.0,95308.33333333333,180.0
CUST_000635,LOAN_00000635,10000,11701,180,Good,Access Bank,Jos,12.506102038703984,8.562137764302612,Self-Employed,HND/BSc,3.0,78786.0,26262.0,36688.0,13692.0,30930.0,120.0
CUST_000636,LOAN_00000636,47774,58764,180,Bad,Access Bank,Enugu,6.544006244870431,10.36068513676326,Self-Employed,Masters,3.0,217868.0,72622.66666666667,158384.0,16261.0,86287.66666666667,80.0
CUST_000637,LOAN_00000637,74214,95265,60,Good,GTBank,Port Harcourt,8.147818617426868,6.270374028482482,Permanent,Secondary,0.0,0.0,0.0,0.0,0.0,0.0,0.0
CUST_000638,LOAN_00000638,16067,20369,30,Good,Fidelity Bank,Benin City,10.041739812078518,6.2900862901376,Contract,HND/BSc,6.0,142036.0,23672.666666666668,58747.0,10483.0,30333.333333333332,100.0
CUST_000639,LOAN_00000639,191068,239885,180,Good,Access Bank,Ibadan,5.459650351670897,4.362654526121926,Permanent,HND/BSc,7.0,211849.0,30264.14285714286,73019.0,5000.0,37063.71428571428,72.85714285714286
CUST_000640,LOAN_00000640,43402,57586,90,Good,Union Bank,Jos,8.37798148427687,4.368603572464785,Temporary,HND/BSc,4.0,203057.0,50764.25,70122.0,10902.0,65244.25,90.0
CUST_000641,LOAN_00000641,146178,176634,60,Bad,Stanbic IBTC,Kaduna,10.646851355283168,7.172060897626936,Temporary,HND/BSc,0.0,0.0,0.0,0.0,0.0,0.0,0.0
CUST_000642,LOAN_00000642,24950,33413,365,Bad,Stanbic IBTC,Jos,11.801696917243596,12.15426573475646,Contract,Secondary,1.0,22326.0,22326.0,22326.0,22326.0,29827.0,60.0
CUST_000643,LOAN_00000643,54409,65547,90,Bad,Union Bank,Kaduna,9.63633347196184,10.29565401117795,Self-Employed,Secondary,8.0,709348.0,88668.5,164937.0,51213.0,110407.0,97.5
CUST_000644,LOAN_00000644,62468,72658,60,Good,GTBank,Port Harcourt,10.021481637852531,4.231014723972249,Self-Employed,HND/BSc,4.0,458361.0,114590.25,215611.0,23386.0,135922.25,82.5
CUST_000645,LOAN_00000645,39313,51336,180,Good,Union Bank,Abuja,5.13655125326112,13.22683829971093,Self-Employed,PhD,5.0,238176.0,47635.2,135439.0,15234.0,57616.6,126.0
CUST_000646,LOAN_00000646,31114,41045,60,Good,UBA,Kaduna,12.511988475217125,10.216411523880796,Self-Employed,HND/BSc,1.0,8959.0,8959.0,8959.0,8959.0,10848.0,180.0
CUST_000647,LOAN_00000647,85823,108949,180,Bad,UBA,Port Harcourt,5.193166697360342,14.530266921417358,Temporary,Secondary,2.0,82068.0,41034.0,49396.0,32672.0,52631.0,30.0
CUST_000648,LOAN_00000648,73295,95741,60,Good,GTBank,Port Harcourt,10.972056434636183,11.04222560893449,Contract,Secondary,3.0,135202.0,45067.333333333336,71971.0,20045.0,55606.0,60.0
CUST_000649,LOAN_00000649,45946,60611,90,Good,Union Bank,Abuja,6.38334689600487,5.102098364450172,Contract,Masters,2.0,96619.0,48309.5,78104.0,18515.0,57775.0,90.0
CUST_000650,LOAN_00000650,138105,175154,60,Bad,UBA,Kano,12.402338293311264,8.685400347693868,Self-Employed,,4.0,153270.0,38317.5,75512.0,5000.0,49068.75,97.5
CUST_000651,LOAN_00000651,86847,114206,180,Bad,Fidelity Bank,Jos,10.479635854325316,10.78197117056645,Self-Employed,HND/BSc,3.0,291748.0,97249.33333333333,133628.0,31457.0,127875.33333333333,80.0
CUST_000652,LOAN_00000652,44499,56231,60,Good,Union Bank,Lagos,10.78432341680532,3.3391764125997323,Self-Employed,Secondary,1.0,80671.0,80671.0,80671.0,80671.0,93317.0,30.0
CUST_000653,LOAN_00000653,18324,22300,60,Good,Fidelity Bank,Lagos,5.97153255753895,3.1789231698576947,Permanent,HND/BSc,8.0,381464.0,47683.0,130720.0,19879.0,60727.0,127.5
CUST_000654,LOAN_00000654,132174,167985,365,Good,UBA,Ibadan,7.987359789716447,4.552836007182815,Permanent,Masters,3.0,238294.0,79431.33333333333,192623.0,17969.0,107288.66666666667,140.0
CUST_000655,LOAN_00000655,63251,81086,30,Good,Stanbic IBTC,Ibadan,9.560318751303578,6.0199732205456495,Permanent,HND/BSc,3.0,40636.0,13545.333333333334,29498.0,5000.0,17228.666666666668,120.0
CUST_000656,LOAN_00000656,29108,37302,60,Good,UBA,Lagos,10.92976256385941,8.154589482248106,Contract,HND/BSc,9.0,430465.0,47829.444444444445,87988.0,22812.0,60431.22222222222,90.0
CUST_000657,LOAN_00000657,15279,18316,365,Good,Fidelity Bank,Enugu,4.935634383211506,8.849285685117461,Contract,Masters,2.0,88411.0,44205.5,67161.0,21250.0,54471.5,105.0
CUST_000658,LOAN_00000658,216268,286156,30,Bad,First Bank,Lagos,12.661287848090756,4.656331307254762,Temporary,,1.0,62532.0,62532.0,62532.0,62532.0,73087.0,180.0
CUST_000659,LOAN_00000659,69127,82271,60,Bad,Zenith Bank,Ibadan,12.011986034991004,11.08069894938997,Contract,Secondary,0.0,0.0,0.0,0.0,0.0,0.0,0.0
CUST_000660,LOAN_00000660,31141,39322,60,Bad,Access Bank,Benin City,6.433137314460259,10.153656740358418,Self-Employed,,2.0,25491.0,12745.5,17069.0,8422.0,15939.5,180.0
CUST_000661,LOAN_00000661,48501,63824,90,Good,Union Bank,Ibadan,11.404842187290988,6.5335691860939225,Permanent,HND/BSc,3.0,129549.0,43183.0,93167.0,9925.0,58004.0,80.0
CUST_000662,LOAN_00000662,13100,15685,90,Good,First Bank,Enugu,8.664915307358411,3.163918601223504,Self-Employed,Masters,9.0,362084.0,40231.555555555555,91373.0,5000.0,50173.0,143.33333333333334
CUST_000663,LOAN_00000663,130729,163467,180,Good,UBA,Jos,8.156258334058169,3.931774984239489,Contract,HND/BSc,5.0,542318.0,108463.6,399849.0,8746.0,130620.4,78.0
CUST_000664,LOAN_00000664,69519,80117,90,Bad,Stanbic IBTC,Lagos,6.8299069523026485,7.7003373061300735,Self-Employed,HND/BSc,3.0,69814.0,23271.333333333332,32416.0,15766.0,31375.666666666668,110.0
CUST_000665,LOAN_00000665,116237,144457,30,Good,GTBank,Abuja,9.228717279684332,4.847692213988207,Permanent,HND/BSc,1.0,161571.0,161571.0,161571.0,161571.0,223648.0,180.0
CUST_000666,LOAN_00000666,14846,18928,30,Good,UBA,Benin City,10.56900205933238,7.52183527377565,Contract,HND/BSc,1.0,30524.0,30524.0,30524.0,30524.0,36942.0,30.0
CUST_000667,LOAN_00000667,77899,97744,90,Bad,Stanbic IBTC,Port Harcourt,7.698396144664825,10.53819125412426,Contract,Secondary,7.0,521538.0,74505.42857142857,248857.0,16179.0,92356.57142857143,102.85714285714286
CUST_000668,LOAN_00000668,44232,53808,180,Good,Zenith Bank,Enugu,9.662972737074629,9.566849134551402,Contract,HND/BSc,7.0,216381.0,30911.571428571428,92134.0,5000.0,39118.42857142857,68.57142857142857
CUST_000669,LOAN_00000669,92242,117897,90,Bad,UBA,Ibadan,10.293816290397734,5.774110597648731,Temporary,HND/BSc,0.0,0.0,0.0,0.0,0.0,0.0,0.0
CUST_000670,LOAN_00000670,64180,82078,365,Bad,Fidelity Bank,Abuja,10.400096353137574,7.125869895105029,Self-Employed,Secondary,3.0,201372.0,67124.0,92811.0,41290.0,88702.33333333333,100.0
CUST_000671,LOAN_00000671,45920,56790,90,Good,GTBank,Kaduna,4.467694883180622,10.368374381383807,Temporary,PhD,5.0,108205.0,21641.0,43298.0,5976.0,26354.2,132.0
CUST_000672,LOAN_00000672,30138,34697,30,Good,Stanbic IBTC,Kano,11.7377302511656,13.330260336521384,Self-Employed,Secondary,1.0,25085.0,25085.0,25085.0,25085.0,29353.0,180.0
CUST_000673,LOAN_00000673,39899,47119,30,Good,Stanbic IBTC,Lagos,8.124279832885431,12.038561264866528,Temporary,HND/BSc,1.0,51307.0,51307.0,51307.0,51307.0,65842.0,180.0
CUST_000674,LOAN_00000674,20103,26635,30,Bad,Stanbic IBTC,Kano,6.36174473526593,9.64080032200098,Self-Employed,Secondary,1.0,27942.0,27942.0,27942.0,27942.0,34538.0,90.0
CUST_000675,LOAN_00000675,52399,68604,365,Good,Zenith Bank,Enugu,6.175880567317135,7.347515979797834,Permanent,HND/BSc,5.0,616350.0,123270.0,266553.0,16345.0,155062.2,102.0
CUST_000676,LOAN_00000676,285566,330005,60,Good,UBA,Kaduna,8.347127015595554,7.380615330501666,Contract,HND/BSc,3.0,310097.0,103365.66666666667,239662.0,21835.0,130932.0,120.0
CUST_000677,LOAN_00000677,119996,150896,60,Good,Zenith Bank,Kaduna,11.981483855220633,13.553007723172753,Permanent,HND/BSc,1.0,6648.0,6648.0,6648.0,6648.0,8376.0,60.0
CUST_000678,LOAN_00000678,128899,170936,90,Bad,Union Bank,Kaduna,7.405128235143822,3.470922912486557,Permanent,Secondary,6.0,350497.0,58416.166666666664,138092.0,10366.0,76282.16666666667,70.0
CUST_000679,LOAN_00000679,78221,96402,90,Good,Access Bank,Port Harcourt,10.747531721051889,14.855791733043132,Permanent,Secondary,2.0,236584.0,118292.0,199113.0,37471.0,142992.5,120.0
CUST_000680,LOAN_00000680,100520,120184,30,Good,Access Bank,Enugu,4.871368578884967,10.972504930218747,Permanent,Masters,1.0,12341.0,12341.0,12341.0,12341.0,16447.0,30.0
CUST_000681,LOAN_00000681,57727,77892,90,Good,Union Bank,Jos,8.284510319359555,11.173652388868684,Self-Employed,HND/BSc,3.0,83730.0,27910.0,47637.0,10975.0,34106.0,70.0
CUST_000682,LOAN_00000682,26480,34540,90,Good,UBA,Kano,12.92517526353462,3.455974047656906,Contract,HND/BSc,3.0,331780.0,110593.33333333333,151885.0,49527.0,139330.0,110.0
CUST_000683,LOAN_00000683,29535,39649,90,Good,Fidelity Bank,Jos,10.933940225131032,10.266351298695266,Permanent,Secondary,5.0,260041.0,52008.2,81822.0,11841.0,63581.6,66.0
CUST_000684,LOAN_00000684,143029,175198,90,Good,Zenith Bank,Abuja,5.894756395965517,8.817336721085365,Self-Employed,Masters,4.0,226286.0,56571.5,158593.0,11277.0,68667.5,37.5
CUST_000685,LOAN_00000685,36842,43889,60,Good,GTBank,Calabar,8.512973263281197,4.269346882728804,Self-Employed,Secondary,2.0,52063.0,26031.5,42462.0,9601.0,31187.5,180.0
CUST_000686,LOAN_00000686,57486,68383,30,Good,Stanbic IBTC,Benin City,6.102622872837099,6.335064129232309,Temporary,PhD,7.0,311374.0,44482.0,79698.0,26808.0,57219.857142857145,72.85714285714286
CUST_000687,LOAN_00000687,115709,142915,180,Good,Stanbic IBTC,Benin City,7.686048345362583,13.683773474563814,Contract,HND/BSc,2.0,96971.0,48485.5,72661.0,24310.0,61556.5,135.0
CUST_000688,LOAN_00000688,43133,49913,60,Good,UBA,Jos,11.020756213614682,9.599860990391434,Contract,HND/BSc,1.0,130376.0,130376.0,130376.0,130376.0,156459.0,90.0
CUST_000689,LOAN_00000689,86442,105934,60,Good,Fidelity Bank,Calabar,10.941023337613633,7.960998902086905,Permanent,Masters,9.0,709121.0,78791.22222222222,439546.0,11846.0,93529.0,106.66666666666667
CUST_000690,LOAN_00000690,25878,33246,365,Good,Access Bank,Calabar,6.052903401121466,3.8721858700897314,Permanent,Masters,2.0,219944.0,109972.0,214273.0,5671.0,149243.5,60.0
CUST_000691,LOAN_00000691,45519,59351,30,Good,Access Bank,Lagos,12.300009863393742,11.569458328827668,Permanent,HND/BSc,3.0,91807.0,30602.333333333332,50696.0,8543.0,36938.333333333336,100.0
CUST_000692,LOAN_00000692,38362,50197,30,Good,Stanbic IBTC,Abuja,9.333113644883442,11.434209880752393,Contract,HND/BSc,1.0,80287.0,80287.0,80287.0,80287.0,108305.0,90.0
CUST_000693,LOAN_00000693,99855,127930,90,Bad,UBA,Enugu,7.419318618658131,10.368523283670765,Temporary,HND/BSc,4.0,175838.0,43959.5,67171.0,23472.0,52188.0,90.0
CUST_000694,LOAN_00000694,92827,108012,60,Good,Zenith Bank,Calabar,8.517420227027745,9.12315175464779,Permanent,PhD,1.0,91481.0,91481.0,91481.0,91481.0,128061.0,90.0
CUST_000695,LOAN_00000695,89746,117767,60,Good,Access Bank,Ibadan,9.445641280939691,8.205412826488473,Permanent,HND/BSc,3.0,181608.0,60536.0,111226.0,28716.0,78627.33333333333,50.0
CUST_000696,LOAN_00000696,57252,67090,365,Bad,Zenith Bank,Benin City,9.039014786612068,10.119253115855908,Permanent,Secondary,9.0,529710.0,58856.666666666664,105801.0,16170.0,73888.11111111111,80.0
CUST_000697,LOAN_00000697,88887,113838,180,Bad,Fidelity Bank,Ibadan,8.377645319825604,5.80074542074088,Self-Employed,Secondary,0.0,0.0,0.0,0.0,0.0,0.0,0.0
CUST_000698,LOAN_00000698,35697,46816,30,Good,Access Bank,Abuja,8.5443952368046,14.295108770131773,Permanent,Secondary,1.0,22485.0,22485.0,22485.0,22485.0,29562.0,60.0
CUST_000699,LOAN_00000699,42663,54280,180,Good,Access Bank,Calabar,5.587707193850976,10.065534350162755,Contract,Secondary,2.0,137816.0,68908.0,86542.0,51274.0,88838.0,180.0
CUST_000700,LOAN_00000700,104253,133670,180,Bad,First Bank,Kano,11.314596138742116,6.734309332252519,Permanent,Secondary,7.0,166160.0,23737.14285714286,43917.0,9023.0,30026.285714285714,102.85714285714286
CUST_000701,LOAN_00000701,54428,71080,365,Good,Access Bank,Benin City,8.875842879469138,8.396158210621888,Contract,HND/BSc,1.0,72534.0,72534.0,72534.0,72534.0,89079.0,30.0
CUST_000702,LOAN_00000702,30402,36357,90,Good,Union Bank,Lagos,5.179718755342328,12.668217466522709,Permanent,Secondary,3.0,72635.0,24211.666666666668,42689.0,14483.0,29569.333333333332,100.0
CUST_000703,LOAN_00000703,59663,73016,90,Good,GTBank,Lagos,10.895413914245,4.939392728763569,Contract,HND/BSc,4.0,382053.0,95513.25,295451.0,13603.0,125643.75,67.5
CUST_000704,LOAN_00000704,184550,244501,90,Good,Union Bank,Kaduna,12.391995805396157,6.514027469523125,Permanent,HND/BSc,0.0,0.0,0.0,0.0,0.0,0.0,0.0
CUST_000705,LOAN_00000705,48829,65066,90,Bad,UBA,Port Harcourt,12.52576209313266,11.154096272838665,Self-Employed,Secondary,2.0,161982.0,80991.0,140543.0,21439.0,109030.0,75.0
CUST_000706,LOAN_00000706,60650,72202,90,Good,UBA,Calabar,7.321159591700555,6.785870477786687,Contract,Secondary,3.0,136181.0,45393.666666666664,81567.0,9155.0,57040.333333333336,60.0
CUST_000707,LOAN_00000707,109997,144010,180,Bad,Zenith Bank,Abuja,5.219651862046787,12.510020182337591,Self-Employed,Secondary,1.0,13420.0,13420.0,13420.0,13420.0,17762.0,90.0
CUST_000708,LOAN_00000708,148081,194701,90,Good,Union Bank,Benin City,8.665596639697586,4.56544184612833,Contract,Secondary,3.0,148780.0,49593.333333333336,105245.0,19626.0,64815.333333333336,110.0
CUST_000709,LOAN_00000709,81778,108746,60,Good,Union Bank,Port Harcourt,5.013483064142986,12.152234045455302,Permanent,Masters,2.0,245273.0,122636.5,158743.0,86530.0,148494.5,120.0
CUST_000710,LOAN_00000710,44663,57981,60,Good,Union Bank,Abuja,12.405886766613555,3.820220578206795,Permanent,HND/BSc,1.0,53489.0,53489.0,53489.0,53489.0,63007.0,180.0
CUST_000711,LOAN_00000711,119256,144950,90,Good,Fidelity Bank,Jos,5.6522166461963135,3.1511113520099374,Contract,Secondary,3.0,181826.0,60608.666666666664,129987.0,15594.0,79772.0,90.0
CUST_000712,LOAN_00000712,35780,48109,60,Good,Access Bank,Calabar,6.274892739560476,13.778682225985946,Contract,HND/BSc,7.0,414887.0,59269.57142857143,199328.0,6678.0,71799.42857142857,94.28571428571429
CUST_000713,LOAN_00000713,319366,398705,180,Bad,GTBank,Enugu,7.659728741964734,9.976070603187583,Contract,Secondary,2.0,77219.0,38609.5,42994.0,34225.0,53205.0,60.0
CUST_000714,LOAN_00000714,31826,41327,60,Good,Zenith Bank,Enugu,7.448480217032132,7.221922765041738,Self-Employed,HND/BSc,2.0,49430.0,24715.0,31565.0,17865.0,32851.0,45.0
CUST_000715,LOAN_00000715,114156,153180,90,Bad,Union Bank,Calabar,11.151966031581,5.791135643566205,Self-Employed,HND/BSc,3.0,126534.0,42178.0,64852.0,29446.0,53802.0,110.0
CUST_000716,LOAN_00000716,29710,37432,90,Good,Union Bank,Kaduna,8.106851384958661,10.402629399129792,Self-Employed,HND/BSc,0.0,0.0,0.0,0.0,0.0,0.0,0.0
CUST_000717,LOAN_00000717,170539,228949,30,Good,First Bank,Kaduna,5.536914340030032,9.108026202440858,Permanent,HND/BSc,1.0,39273.0,39273.0,39273.0,39273.0,45292.0,30.0
CUST_000718,LOAN_00000718,10000,12840,180,Good,Zenith Bank,Enugu,6.404889059374667,14.899173306359822,Contract,Secondary,2.0,134266.0,67133.0,113316.0,20950.0,85860.5,60.0
CUST_000719,LOAN_00000719,33160,38681,365,Good,Union Bank,Kano,8.582020466687698,14.79859183984495,Permanent,Masters,5.0,488450.0,97690.0,381328.0,9248.0,117309.6,126.0
CUST_000720,LOAN_00000720,14024,16212,90,Good,Zenith Bank,Benin City,5.327085256835214,10.620294793699316,Self-Employed,Masters,1.0,28434.0,28434.0,28434.0,28434.0,39583.0,90.0
CUST_000721,LOAN_00000721,24211,30918,60,Good,Access Bank,Enugu,9.504901080814127,8.314446073270686,Permanent,PhD,7.0,250800.0,35828.57142857143,57167.0,20422.0,45726.28571428572,64.28571428571429
CUST_000722,LOAN_00000722,87747,111082,180,Good,First Bank,Kano,9.091725758960314,8.893691629615946,Permanent,Secondary,1.0,167636.0,167636.0,167636.0,167636.0,233617.0,60.0
CUST_000723,LOAN_00000723,246443,328067,60,Good,Zenith Bank,Port Harcourt,10.43232084744032,11.189748794842345,Self-Employed,Masters,8.0,383609.0,47951.125,100865.0,12793.0,62000.75,97.5
CUST_000724,LOAN_00000724,31504,41650,90,Good,GTBank,Kano,12.43934153841431,4.218894530824576,Contract,Masters,3.0,243575.0,81191.66666666667,135250.0,16532.0,102886.0,50.0
CUST_000725,LOAN_00000725,48312,60615,90,Good,GTBank,Port Harcourt,12.2102910499104,6.940224885728618,Permanent,PhD,2.0,51783.0,25891.5,35592.0,16191.0,33249.0,75.0
CUST_000726,LOAN_00000726,146981,183755,60,Bad,UBA,Abuja,12.514680562619482,3.9032668920432463,Permanent,Secondary,3.0,271625.0,90541.66666666667,201414.0,22503.0,118882.33333333333,100.0
CUST_000727,LOAN_00000727,48457,60357,60,Good,First Bank,Ibadan,6.202440373213308,3.8803291142030343,Contract,Masters,0.0,0.0,0.0,0.0,0.0,0.0,0.0
CUST_000728,LOAN_00000728,67423,88573,60,Bad,First Bank,Abuja,5.184087759754192,5.350070902730804,Temporary,Secondary,4.0,455163.0,113790.75,358838.0,22058.0,140325.5,82.5
CUST_000729,LOAN_00000729,11872,15677,60,Good,UBA,Enugu,6.720490304468036,8.823039055118723,Contract,HND/BSc,1.0,41404.0,41404.0,41404.0,41404.0,48680.0,180.0
CUST_000730,LOAN_00000730,92951,109028,30,Good,Zenith Bank,Port Harcourt,12.055766554896833,12.417291853953472,Temporary,HND/BSc,4.0,301474.0,75368.5,118646.0,44110.0,93986.75,45.0
CUST_000731,LOAN_00000731,22947,29170,30,Good,First Bank,Enugu,12.748481271611396,8.825950693990471,Permanent,Masters,3.0,356886.0,118962.0,327793.0,10125.0,147024.66666666666,110.0
CUST_000732,LOAN_00000732,51619,63150,90,Good,GTBank,Calabar,11.733924559634284,7.025719326730437,Contract,Masters,1.0,17257.0,17257.0,17257.0,17257.0,22103.0,60.0
CUST_000733,LOAN_00000733,57934,74528,365,Good,GTBank,Benin City,4.990159490147892,3.9882358840410976,Self-Employed,HND/BSc,3.0,86996.0,28998.666666666668,45350.0,13164.0,37848.0,90.0
CUST_000734,LOAN_00000734,22741,28528,180,Good,Union Bank,Lagos,12.52685198253814,9.603546278197555,Contract,HND/BSc,5.0,640506.0,128101.2,321011.0,12621.0,162765.8,60.0
CUST_000735,LOAN_00000735,130639,175834,90,Bad,Access Bank,Enugu,7.810222246157074,6.255223037798121,Permanent,Secondary,3.0,58056.0,19352.0,23579.0,11648.0,25957.0,90.0
CUST_000736,LOAN_00000736,81408,99423,90,Bad,First Bank,Benin City,4.083792616861183,10.379210135005769,Contract,HND/BSc,3.0,87015.0,29005.0,41882.0,15482.0,38088.0,50.0
CUST_000737,LOAN_00000737,69704,89304,60,Good,Zenith Bank,Kano,7.981543666733742,14.72625286958902,Contract,HND/BSc,3.0,113990.0,37996.666666666664,49839.0,15725.0,48410.333333333336,180.0
CUST_000738,LOAN_00000738,79689,106813,60,Bad,UBA,Abuja,4.414622527079208,4.335771857730602,Self-Employed,Secondary,6.0,527109.0,87851.5,155417.0,11144.0,110874.83333333333,110.0
CUST_000739,LOAN_00000739,27670,34911,90,Good,UBA,Kano,8.894901290450058,5.54550478466328,Self-Employed,Masters,1.0,50284.0,50284.0,50284.0,50284.0,69937.0,60.0
CUST_000740,LOAN_00000740,14756,17401,90,Bad,Zenith Bank,Lagos,7.046986246933462,8.677134457192498,Self-Employed,Secondary,2.0,42499.0,21249.5,25243.0,17256.0,27580.0,180.0
CUST_000741,LOAN_00000741,185882,218614,90,Bad,Fidelity Bank,Port Harcourt,8.260914402346438,14.623365784151154,Self-Employed,HND/BSc,3.0,128684.0,42894.666666666664,87571.0,18482.0,53218.0,110.0
CUST_000742,LOAN_00000742,101350,116906,30,Good,Stanbic IBTC,Calabar,9.518533246688056,12.261717315239949,Permanent,Masters,1.0,23708.0,23708.0,23708.0,23708.0,28681.0,30.0
CUST_000743,LOAN_00000743,308457,381723,90,Good,Access Bank,Benin City,11.819209862360385,13.77875031795396,Contract,PhD,5.0,223439.0,44687.8,99590.0,6111.0,58058.6,78.0
CUST_000744,LOAN_00000744,52483,62108,90,Good,UBA,Calabar,9.957114188247356,7.004578181709515,Self-Employed,Masters,1.0,144174.0,144174.0,144174.0,144174.0,172928.0,180.0
CUST_000745,LOAN_00000745,30808,35794,180,Bad,First Bank,Ibadan,7.906439816303626,14.904461685343136,Temporary,Secondary,3.0,285586.0,95195.33333333333,167630.0,6358.0,128328.0,80.0
CUST_000746,LOAN_00000746,41259,48599,30,Good,Access Bank,Enugu,11.374850683033284,4.233993792769889,Permanent,Masters,2.0,28306.0,14153.0,23306.0,5000.0,17965.0,75.0
CUST_000747,LOAN_00000747,37971,44848,90,Good,First Bank,Port Harcourt,12.15023923815819,3.63567487255321,Contract,Secondary,0.0,0.0,0.0,0.0,0.0,0.0,0.0
CUST_000748,LOAN_00000748,54939,66426,90,Good,Fidelity Bank,Ibadan,5.077839697889775,13.267231524648338,Permanent,PhD,7.0,519688.0,74241.14285714286,240357.0,16505.0,95973.85714285714,107.14285714285714
CUST_000749,LOAN_00000749,20772,27168,30,Good,GTBank,Jos,8.787396797975124,14.127178442483835,Permanent,Masters,2.0,68841.0,34420.5,36988.0,31853.0,42536.0,120.0
CUST_000750,LOAN_00000750,18610,23250,180,Good,Access Bank,Enugu,6.560607637681997,4.087024290553221,Contract,Masters,1.0,18276.0,18276.0,18276.0,18276.0,21568.0,180.0
CUST_000751,LOAN_00000751,52538,66011,365,Good,Union Bank,Kano,4.423550780892526,4.361129120950098,Contract,Secondary,4.0,244321.0,61080.25,176435.0,11326.0,76133.0,97.5
CUST_000752,LOAN_00000752,82388,96705,30,Good,UBA,Abuja,10.016920256025868,3.3980898930692858,Permanent,HND/BSc,2.0,127751.0,63875.5,114929.0,12822.0,82296.0,60.0
CUST_000753,LOAN_00000753,47812,63489,60,Good,Access Bank,Benin City,11.76493699713303,4.254090751712689,Self-Employed,Masters,0.0,0.0,0.0,0.0,0.0,0.0,0.0
CUST_000754,LOAN_00000754,142255,182383,180,Bad,Access Bank,Lagos,5.466123890296546,5.513037801603371,Self-Employed,Masters,5.0,220976.0,44195.2,92062.0,14194.0,54751.0,90.0
CUST_000755,LOAN_00000755,63116,79265,180,Bad,Access Bank,Lagos,11.311722918615104,14.64091942692001,Temporary,Secondary,0.0,0.0,0.0,0.0,0.0,0.0,0.0
CUST_000756,LOAN_00000756,41478,54270,90,Good,Stanbic IBTC,Kano,11.680561601832474,11.014322666876163,Permanent,PhD,1.0,6767.0,6767.0,6767.0,6767.0,8082.0,90.0
CUST_000757,LOAN_00000757,70932,85296,60,Bad,Access Bank,Kaduna,12.229063983998351,12.342636306222506,Contract,Secondary,8.0,340114.0,42514.25,85672.0,20478.0,55577.5,82.5
CUST_000758,LOAN_00000758,74697,89258,60,Good,First Bank,Lagos,6.387565801774471,12.313672844298264,Contract,HND/BSc,3.0,512453.0,170817.66666666666,352928.0,53180.0,220147.66666666666,120.0
CUST_000759,LOAN_00000759,223407,262282,90,Good,GTBank,Benin City,12.135577586709005,9.420884997350576,Permanent,HND/BSc,1.0,22617.0,22617.0,22617.0,22617.0,31355.0,60.0
CUST_000760,LOAN_00000760,20061,26911,365,Good,Fidelity Bank,Kano,6.88596479262789,12.569867732556206,Contract,Secondary,5.0,427209.0,85441.8,133204.0,24442.0,109839.6,114.0
CUST_000761,LOAN_00000761,113765,131570,90,Bad,Zenith Bank,Port Harcourt,8.971042121099526,10.149690388679636,Self-Employed,Secondary,1.0,28716.0,28716.0,28716.0,28716.0,36482.0,60.0
CUST_000762,LOAN_00000762,16024,21409,60,Good,Access Bank,Lagos,4.454567237490539,6.774553171240291,Permanent,Masters,1.0,206523.0,206523.0,206523.0,206523.0,263946.0,180.0
CUST_000763,LOAN_00000763,10250,13400,60,Good,UBA,Calabar,4.394929795318692,9.733321305220809,Temporary,HND/BSc,3.0,48072.0,16024.0,26607.0,10411.0,20086.0,90.0
CUST_000764,LOAN_00000764,16396,19390,30,Bad,Access Bank,Kano,10.483358914589823,9.40210303361416,Self-Employed,Secondary,5.0,541659.0,108331.8,437275.0,6299.0,142837.6,90.0
CUST_000765,LOAN_00000765,86843,101029,30,Good,UBA,Benin City,8.000319801800119,12.881436645111847,Self-Employed,Masters,2.0,187699.0,93849.5,142824.0,44875.0,126880.0,30.0
CUST_000766,LOAN_00000766,95376,127069,30,Bad,First Bank,Calabar,6.306631378322958,14.780726608579908,Self-Employed,Masters,4.0,163372.0,40843.0,63147.0,5365.0,48578.5,37.5
CUST_000767,LOAN_00000767,141019,177684,90,Good,UBA,Enugu,5.713721464224192,7.932510785051166,Permanent,HND/BSc,0.0,0.0,0.0,0.0,0.0,0.0,0.0
CUST_000768,LOAN_00000768,13208,17380,60,Good,Union Bank,Enugu,10.029581417732963,12.160688141296315,Self-Employed,Secondary,1.0,34130.0,34130.0,34130.0,34130.0,39413.0,60.0
CUST_000769,LOAN_00000769,28684,33855,180,Bad,Zenith Bank,Lagos,4.0036138962280585,4.197156048457602,Permanent,Secondary,1.0,26630.0,26630.0,26630.0,26630.0,33810.0,90.0
CUST_000770,LOAN_00000770,25151,30754,180,Good,GTBank,Calabar,11.253020522771688,12.321976433379463,Self-Employed,Masters,3.0,100665.0,33555.0,53846.0,5620.0,46378.0,90.0
CUST_000771,LOAN_00000771,26844,36083,180,Good,UBA,Abuja,4.71324645516936,7.457002943918786,Permanent,HND/BSc,1.0,209279.0,209279.0,209279.0,209279.0,288995.0,60.0
CUST_000772,LOAN_00000772,32444,38305,90,Good,UBA,Enugu,5.723406534173074,3.47268195467624,Permanent,HND/BSc,0.0,0.0,0.0,0.0,0.0,0.0,0.0
CUST_000773,LOAN_00000773,30134,36626,180,Good,GTBank,Abuja,7.4761275576918065,7.358954142746127,Contract,Masters,1.0,27728.0,27728.0,27728.0,27728.0,34661.0,60.0
CUST_000774,LOAN_00000774,101915,127069,60,Bad,Zenith Bank,Port Harcourt,8.363728657444932,10.327713011059735,Permanent,HND/BSc,2.0,100634.0,50317.0,65089.0,35545.0,66635.5,105.0
CUST_000775,LOAN_00000775,47649,63164,60,Good,Access Bank,Kano,7.194956042325476,4.431002012177599,Contract,Secondary,4.0,131745.0,32936.25,47814.0,11474.0,40020.75,45.0
CUST_000776,LOAN_00000776,45870,59886,60,Good,UBA,Ibadan,6.886409484858645,14.088413909163055,Contract,PhD,5.0,437568.0,87513.6,173454.0,20198.0,110739.6,96.0
CUST_000777,LOAN_00000777,43325,57189,60,Good,GTBank,Benin City,12.675244108658696,3.932068959274063,Self-Employed,HND/BSc,5.0,152288.0,30457.6,43905.0,9976.0,38172.4,120.0
CUST_000778,LOAN_00000778,86314,100775,30,Bad,Union Bank,Kano,9.774217131190548,14.160080637997996,Contract,HND/BSc,3.0,96990.0,32330.0,46106.0,12749.0,41859.333333333336,130.0
CUST_000779,LOAN_00000779,90575,120752,180,Bad,Union Bank,Benin City,4.210896598306494,11.485650215228237,Permanent,PhD,2.0,110934.0,55467.0,76740.0,34194.0,73280.5,45.0
CUST_000780,LOAN_00000780,129038,165475,60,Good,First Bank,Calabar,7.871583175998818,6.956546104970443,Permanent,PhD,2.0,171312.0,85656.0,160232.0,11080.0,116440.5,105.0
CUST_000781,LOAN_00000781,78394,94373,60,Good,GTBank,Port Harcourt,11.875078297695731,7.689004172509119,Contract,HND/BSc,4.0,105677.0,26419.25,37860.0,11258.0,32011.5,97.5
CUST_000782,LOAN_00000782,122736,160115,60,Good,First Bank,Jos,6.713105677696012,11.88971237679293,Contract,Secondary,4.0,123083.0,30770.75,56217.0,6817.0,41518.75,52.5
CUST_000783,LOAN_00000783,258835,329045,30,Bad,Union Bank,Lagos,4.851007102969494,10.217653210574488,Self-Employed,,1.0,12646.0,12646.0,12646.0,12646.0,16475.0,180.0
CUST_000784,LOAN_00000784,64318,79036,90,Good,Zenith Bank,Benin City,10.82546294430926,11.059715057459345,Permanent,HND/BSc,0.0,0.0,0.0,0.0,0.0,0.0,0.0
CUST_000785,LOAN_00000785,26738,31148,180,Good,Access Bank,Benin City,9.454124487424732,7.66997539816176,Permanent,HND/BSc,1.0,39865.0,39865.0,39865.0,39865.0,49055.0,30.0
CUST_000786,LOAN_00000786,17318,22819,30,Good,GTBank,Calabar,9.132812570438537,8.853761781691187,Permanent,HND/BSc,1.0,31168.0,31168.0,31168.0,31168.0,39051.0,180.0
CUST_000787,LOAN_00000787,26441,34721,180,Good,Fidelity Bank,Abuja,4.482189036466671,14.87840980845472,Permanent,HND/BSc,3.0,249657.0,83219.0,182899.0,25006.0,110861.33333333333,180.0
CUST_000788,LOAN_00000788,62471,77920,180,Bad,Union Bank,Kano,5.264491088159656,5.567074445996612,Permanent,Masters,2.0,158234.0,79117.0,141639.0,16595.0,99488.0,60.0
CUST_000789,LOAN_00000789,249484,317383,60,Bad,Union Bank,Jos,9.602944565918024,8.014274238265576,Self-Employed,HND/BSc,5.0,153476.0,30695.2,63969.0,8528.0,39002.6,42.0
CUST_000790,LOAN_00000790,41565,52091,365,Good,Fidelity Bank,Kaduna,5.870414573129523,6.501878250887607,Permanent,Masters,1.0,31237.0,31237.0,31237.0,31237.0,41490.0,30.0
CUST_000791,LOAN_00000791,267277,321055,60,Good,Stanbic IBTC,Lagos,8.536630717735818,12.1813381252782,Contract,Masters,9.0,935626.0,103958.44444444444,505826.0,10859.0,129547.0,80.0
CUST_000792,LOAN_00000792,64018,79233,60,Good,Union Bank,Ibadan,8.903935174264541,12.168151507988648,Contract,Masters,3.0,261835.0,87278.33333333333,118123.0,26008.0,107512.33333333333,90.0
CUST_000793,LOAN_00000793,24917,30697,90,Good,UBA,Kaduna,6.551564712438455,6.509345531968751,Permanent,Masters,3.0,145898.0,48632.666666666664,77521.0,31283.0,59829.0,70.0
CUST_000794,LOAN_00000794,30851,40413,60,Good,Zenith Bank,Kano,12.535826399873436,3.976683799595795,Self-Employed,Masters,1.0,37320.0,37320.0,37320.0,37320.0,48181.0,60.0
CUST_000795,LOAN_00000795,44775,58415,180,Good,GTBank,Lagos,11.582176961520176,3.1371921200664485,Contract,HND/BSc,3.0,144162.0,48054.0,96011.0,18451.0,63683.0,70.0
CUST_000796,LOAN_00000796,61273,78126,90,Bad,Fidelity Bank,Benin City,10.501361568695186,8.129406398909826,Contract,Secondary,2.0,32687.0,16343.5,18241.0,14446.0,21682.5,105.0
CUST_000797,LOAN_00000797,44647,53692,90,Good,UBA,Ibadan,4.701944797684682,7.92405113202925,Self-Employed,Masters,8.0,605079.0,75634.875,256537.0,8471.0,97843.5,112.5
CUST_000798,LOAN_00000798,60443,76604,30,Good,Fidelity Bank,Abuja,4.955170173781175,14.860678543678356,Permanent,HND/BSc,7.0,425207.0,60743.857142857145,241835.0,12055.0,80414.0,77.14285714285714
CUST_000799,LOAN_00000799,212401,281833,60,Bad,GTBank,Jos,8.4350321127846,8.637624908372155,Self-Employed,Secondary,1.0,49013.0,49013.0,49013.0,49013.0,65503.0,180.0
CUST_000800,LOAN_00000800,143124,189599,90,Bad,First Bank,Abuja,5.446420142718871,6.077020434905048,Contract,Secondary,5.0,111326.0,22265.2,34224.0,5909.0,29827.0,108.0
CUST_000801,LOAN_00000801,53139,63622,30,Good,GTBank,Port Harcourt,12.804389171765267,13.694753292377609,Contract,Secondary,2.0,101299.0,50649.5,59941.0,41358.0,63526.0,120.0
CUST_000802,LOAN_00000802,11688,13754,90,Good,Stanbic IBTC,Calabar,5.426682106246685,8.892815395842941,Self-Employed,Masters,5.0,184093.0,36818.6,74537.0,9354.0,47043.2,90.0
CUST_000803,LOAN_00000803,74144,93352,90,Good,GTBank,Lagos,8.387210519175767,10.190107622526934,Self-Employed,Masters,3.0,228309.0,76103.0,111631.0,38374.0,94685.0,60.0
CUST_000804,LOAN_00000804,72899,94998,60,Bad,GTBank,Abuja,7.277089511573549,4.148024525138553,Contract,Secondary,3.0,221168.0,73722.66666666667,124189.0,38312.0,87969.66666666667,100.0
CUST_000805,LOAN_00000805,130693,157785,30,Bad,Stanbic IBTC,Kaduna,9.75447779308688,7.594996887957288,Self-Employed,Masters,5.0,201467.0,40293.4,55681.0,26923.0,49115.0,84.0
CUST_000806,LOAN_00000806,59835,71309,180,Good,Zenith Bank,Calabar,5.161327680004824,14.33068409368544,Contract,Secondary,5.0,345589.0,69117.8,107898.0,19614.0,86267.2,114.0
CUST_000807,LOAN_00000807,21117,27054,180,Good,Union Bank,Abuja,7.872847852381518,10.074064610105104,Contract,Masters,2.0,496267.0,248133.5,380618.0,115649.0,326005.0,135.0
CUST_000808,LOAN_00000808,56187,74209,30,Good,GTBank,Enugu,6.472345295264293,7.13402226170954,Permanent,HND/BSc,2.0,14591.0,7295.5,9591.0,5000.0,9407.0,75.0
CUST_000809,LOAN_00000809,74500,85963,60,Good,Stanbic IBTC,Port Harcourt,11.989763722045192,10.508006167579117,Permanent,Masters,3.0,101529.0,33843.0,44184.0,17880.0,45643.333333333336,60.0
CUST_000810,LOAN_00000810,21474,28751,90,Good,UBA,Kano,4.365271409212256,13.924933074937393,Self-Employed,HND/BSc,1.0,42510.0,42510.0,42510.0,42510.0,51770.0,90.0
CUST_000811,LOAN_00000811,37775,45871,180,Good,First Bank,Jos,12.223547446058133,6.287887205671081,Permanent,HND/BSc,2.0,144174.0,72087.0,91052.0,53122.0,86041.5,135.0
CUST_000812,LOAN_00000812,24405,31628,60,Good,First Bank,Port Harcourt,11.496947246977005,9.061400621648094,Permanent,Masters,0.0,0.0,0.0,0.0,0.0,0.0,0.0
CUST_000813,LOAN_00000813,255597,306681,30,Bad,GTBank,Calabar,6.678136447967339,14.504287846941065,Self-Employed,Secondary,0.0,0.0,0.0,0.0,0.0,0.0,0.0
CUST_000814,LOAN_00000814,25974,32905,90,Good,Zenith Bank,Enugu,11.10361589209394,5.068753719581432,Permanent,,1.0,26190.0,26190.0,26190.0,26190.0,36203.0,30.0
CUST_000815,LOAN_00000815,36982,43774,90,Good,Zenith Bank,Lagos,4.280922043048728,11.63596710716054,Permanent,HND/BSc,2.0,36283.0,18141.5,23419.0,12864.0,22346.0,75.0
CUST_000816,LOAN_00000816,70768,85979,180,Good,UBA,Kaduna,12.701789952640542,10.373772098435788,Contract,HND/BSc,8.0,263478.0,32934.75,61561.0,19189.0,42849.75,123.75
CUST_000817,LOAN_00000817,40890,52094,90,Good,GTBank,Jos,8.739354483308105,11.156101573687618,Contract,HND/BSc,4.0,213270.0,53317.5,102326.0,22323.0,72154.75,82.5
CUST_000818,LOAN_00000818,64212,86244,90,Bad,First Bank,Jos,6.729529234589007,7.214635568010836,Self-Employed,Secondary,7.0,378008.0,54001.142857142855,184327.0,14362.0,68199.57142857143,124.28571428571429
CUST_000819,LOAN_00000819,49129,57347,180,Good,Zenith Bank,Port Harcourt,7.263248913352093,6.76655248180518,Contract,HND/BSc,0.0,0.0,0.0,0.0,0.0,0.0,0.0
CUST_000820,LOAN_00000820,68204,81002,60,Good,GTBank,Calabar,4.597648181144477,11.210516047060445,Contract,,2.0,46315.0,23157.5,30570.0,15745.0,29052.5,75.0
CUST_000821,LOAN_00000821,114307,142806,60,Bad,Fidelity Bank,Lagos,12.904145626378352,5.586519421254544,Self-Employed,Secondary,3.0,388595.0,129531.66666666667,203322.0,38844.0,168464.33333333334,90.0
CUST_000822,LOAN_00000822,78402,98488,30,Good,Zenith Bank,Benin City,4.353627506356232,8.035856938308061,Contract,Masters,5.0,176136.0,35227.2,88567.0,14478.0,47189.6,108.0
CUST_000823,LOAN_00000823,112640,151769,90,Good,Stanbic IBTC,Enugu,9.894164108330733,5.2580957526350165,Contract,HND/BSc,0.0,0.0,0.0,0.0,0.0,0.0,0.0
CUST_000824,LOAN_00000824,58149,69672,30,Good,Fidelity Bank,Benin City,7.984623349358125,3.099658093479957,Self-Employed,HND/BSc,4.0,193963.0,48490.75,78101.0,8359.0,66690.5,105.0
CUST_000825,LOAN_00000825,60812,73078,60,Good,Union Bank,Kaduna,12.540245963698435,14.640688320456832,Contract,Secondary,2.0,197893.0,98946.5,164296.0,33597.0,131372.0,60.0
CUST_000826,LOAN_00000826,38153,49648,365,Good,Zenith Bank,Lagos,6.213997662761157,8.180435743877029,Permanent,HND/BSc,1.0,56535.0,56535.0,56535.0,56535.0,68841.0,30.0
CUST_000827,LOAN_00000827,38696,44848,30,Good,First Bank,Lagos,8.788781415442102,14.632195373037902,Permanent,,1.0,18837.0,18837.0,18837.0,18837.0,25916.0,30.0
CUST_000828,LOAN_00000828,35031,46372,180,Bad,Access Bank,Enugu,8.341205877244777,4.683882237213913,Contract,Secondary,9.0,540197.0,60021.88888888889,216978.0,12481.0,80814.33333333333,76.66666666666667
CUST_000829,LOAN_00000829,89933,116468,30,Good,Fidelity Bank,Ibadan,10.325797996450913,10.048401353489831,Permanent,HND/BSc,3.0,101439.0,33813.0,46940.0,11970.0,42686.666666666664,90.0
CUST_000830,LOAN_00000830,127511,159776,365,Bad,Union Bank,Benin City,4.612092087571785,5.411688393494876,Contract,HND/BSc,9.0,543667.0,60407.444444444445,122370.0,8246.0,75087.66666666667,86.66666666666667
CUST_000831,LOAN_00000831,97422,124221,60,Good,UBA,Abuja,5.744102170210194,12.480889523559297,Self-Employed,HND/BSc,9.0,641487.0,71276.33333333333,274472.0,9963.0,94539.66666666667,53.333333333333336
CUST_000832,LOAN_00000832,107646,130710,30,Good,UBA,Jos,5.9310833808356485,12.404435865131704,Contract,HND/BSc,2.0,316027.0,158013.5,206521.0,109506.0,199537.5,180.0
CUST_000833,LOAN_00000833,64423,75211,60,Good,First Bank,Ibadan,10.643356793575208,4.351285788471742,Permanent,HND/BSc,2.0,52981.0,26490.5,28184.0,24797.0,33296.0,90.0
CUST_000834,LOAN_00000834,39694,46265,365,Bad,Zenith Bank,Abuja,5.702248266940661,13.94477343451667,Self-Employed,Secondary,6.0,840406.0,140067.66666666666,346901.0,26402.0,185208.83333333334,90.0
CUST_000835,LOAN_00000835,162507,210255,30,Good,GTBank,Calabar,9.16142587501879,5.335555766438695,Permanent,PhD,2.0,65828.0,32914.0,40238.0,25590.0,38168.5,75.0
CUST_000836,LOAN_00000836,69344,86571,365,Bad,Zenith Bank,Enugu,5.937194384508583,10.355728099072325,Self-Employed,Masters,2.0,59412.0,29706.0,46605.0,12807.0,37403.5,30.0
CUST_000837,LOAN_00000837,11274,13811,60,Good,First Bank,Calabar,11.754624550755809,14.82760344105245,Contract,Secondary,6.0,353096.0,58849.333333333336,103237.0,17032.0,73794.83333333333,115.0
CUST_000838,LOAN_00000838,51578,63300,90,Good,UBA,Jos,12.479669090406746,13.588758417196368,Permanent,HND/BSc,5.0,148137.0,29627.4,42588.0,12139.0,37798.0,90.0
CUST_000839,LOAN_00000839,41504,51364,90,Good,Zenith Bank,Kano,8.666436774480164,14.478767142734029,Temporary,Masters,9.0,410825.0,45647.22222222222,175380.0,6488.0,56288.444444444445,103.33333333333333
CUST_000840,LOAN_00000840,53997,65768,180,Good,UBA,Abuja,7.170779957882605,7.111185254617434,Permanent,,9.0,463904.0,51544.88888888889,134529.0,5563.0,63008.0,126.66666666666667
CUST_000841,LOAN_00000841,15516,20039,90,Good,Fidelity Bank,Ibadan,6.106519975157492,4.26690770663356,Temporary,,1.0,332984.0,332984.0,332984.0,332984.0,407571.0,180.0
CUST_000842,LOAN_00000842,82119,96669,180,Bad,Union Bank,Abuja,4.448029013707394,5.260162479473401,Permanent,Masters,6.0,228677.0,38112.833333333336,65020.0,9907.0,50295.166666666664,85.0
CUST_000843,LOAN_00000843,40840,50862,90,Good,GTBank,Abuja,6.416500685777459,9.005938740919365,Permanent,Secondary,2.0,135656.0,67828.0,86637.0,49019.0,84408.0,180.0
CUST_000844,LOAN_00000844,159392,202363,60,Good,Fidelity Bank,Enugu,9.88812201950786,12.518756139279866,Permanent,PhD,2.0,82584.0,41292.0,69135.0,13449.0,49337.0,180.0
CUST_000845,LOAN_00000845,13581,15982,60,Good,UBA,Calabar,8.802552381782897,4.801843730206503,Permanent,Masters,3.0,226178.0,75392.66666666667,172164.0,25212.0,90652.33333333333,40.0
CUST_000846,LOAN_00000846,152641,191950,90,Bad,UBA,Benin City,12.496371504528346,10.916778387129083,Self-Employed,HND/BSc,5.0,236671.0,47334.2,86533.0,15850.0,56137.2,108.0
CUST_000847,LOAN_00000847,44389,52399,60,Good,Access Bank,Kano,7.5664953624253055,6.882931248474142,Self-Employed,HND/BSc,1.0,50076.0,50076.0,50076.0,50076.0,67380.0,180.0
CUST_000848,LOAN_00000848,86611,101185,365,Bad,Access Bank,Enugu,10.24477008095555,7.0944248687058415,Self-Employed,HND/BSc,3.0,159360.0,53120.0,58304.0,45175.0,65848.33333333333,100.0
CUST_000849,LOAN_00000849,29762,39607,60,Good,Fidelity Bank,Kaduna,8.403904727276093,10.943012761895115,Permanent,HND/BSc,2.0,177676.0,88838.0,147784.0,29892.0,110225.0,75.0
CUST_000850,LOAN_00000850,82021,102481,180,Bad,Stanbic IBTC,Enugu,8.613185943317905,8.603993034398643,Contract,Secondary,5.0,240376.0,48075.2,69283.0,5000.0,57976.0,150.0
CUST_000851,LOAN_00000851,20701,26690,90,Good,Fidelity Bank,Jos,6.409968831437057,12.744399516311926,Self-Employed,Secondary,6.0,258100.0,43016.666666666664,91054.0,9338.0,53893.0,65.0
CUST_000852,LOAN_00000852,88444,112454,60,Bad,Access Bank,Kano,8.094556991577997,4.871022115953925,Contract,Secondary,1.0,265829.0,265829.0,265829.0,265829.0,321840.0,30.0
CUST_000853,LOAN_00000853,30741,36812,90,Good,UBA,Lagos,8.237064973114364,12.479379237204462,Self-Employed,HND/BSc,1.0,18544.0,18544.0,18544.0,18544.0,24855.0,180.0
CUST_000854,LOAN_00000854,17078,21644,60,Good,First Bank,Kaduna,10.359782695740408,3.7708229766890495,Contract,Secondary,2.0,69583.0,34791.5,35996.0,33587.0,45122.0,75.0
CUST_000855,LOAN_00000855,77017,97339,90,Good,Fidelity Bank,Port Harcourt,12.465759992675023,5.32864656294726,Permanent,Masters,2.0,102087.0,51043.5,76819.0,25268.0,68045.0,105.0
CUST_000856,LOAN_00000856,93521,112197,90,Bad,UBA,Enugu,6.963891497342539,10.873796574037986,Self-Employed,Secondary,4.0,130654.0,32663.5,71704.0,14297.0,40799.75,112.5
CUST_000857,LOAN_00000857,49593,66514,30,Good,First Bank,Abuja,4.379804217231686,13.259107878132856,Self-Employed,PhD,3.0,274686.0,91562.0,203514.0,21800.0,115681.0,140.0
CUST_000858,LOAN_00000858,105828,140203,30,Good,First Bank,Benin City,8.466656129505758,6.0321555328721885,Self-Employed,Masters,6.0,109888.0,18314.666666666668,34219.0,5000.0,22553.666666666668,120.0
CUST_000859,LOAN_00000859,218794,281521,90,Good,Access Bank,Lagos,8.900151989342518,6.926299269946956,Permanent,PhD,0.0,0.0,0.0,0.0,0.0,0.0,0.0
CUST_000860,LOAN_00000860,138805,161008,90,Good,Fidelity Bank,Enugu,5.515964960187237,9.44544897944088,Permanent,Masters,4.0,269541.0,67385.25,90108.0,49744.0,89973.25,90.0
CUST_000861,LOAN_00000861,25111,30400,60,Bad,Zenith Bank,Enugu,10.8441814564846,5.538873677871628,Permanent,Secondary,3.0,101303.0,33767.666666666664,37695.0,28821.0,43523.666666666664,140.0
CUST_000862,LOAN_00000862,11172,14923,60,Good,GTBank,Ibadan,12.864361975973424,12.733875139050069,Permanent,HND/BSc,4.0,111894.0,27973.5,54197.0,5596.0,36610.25,127.5
CUST_000863,LOAN_00000863,36033,47799,90,Good,Access Bank,Ibadan,12.51197245307615,12.28363974006913,Permanent,Secondary,3.0,61453.0,20484.333333333332,29229.0,7156.0,27075.0,70.0
CUST_000864,LOAN_00000864,22681,29072,90,Bad,Access Bank,Lagos,5.77395434941287,4.743500543589379,Self-Employed,,5.0,126389.0,25277.8,33313.0,12539.0,32188.0,54.0
CUST_000865,LOAN_00000865,152351,193879,60,Good,Zenith Bank,Calabar,11.878269159106846,8.565956781799585,Contract,HND/BSc,9.0,373503.0,41500.333333333336,101524.0,7405.0,52076.444444444445,80.0
CUST_000866,LOAN_00000866,41049,53095,60,Good,GTBank,Ibadan,10.340442727705163,12.297933199855455,Contract,HND/BSc,10.0,331018.0,33101.8,102947.0,10833.0,42337.4,93.0
CUST_000867,LOAN_00000867,25087,29743,180,Good,UBA,Abuja,8.084619074262203,7.0479543732409775,Permanent,Masters,2.0,89250.0,44625.0,71880.0,17370.0,53998.0,105.0
CUST_000868,LOAN_00000868,140497,170484,90,Bad,Stanbic IBTC,Kaduna,8.86549894892256,10.59728187261278,Temporary,PhD,5.0,253636.0,50727.2,125805.0,8875.0,66860.8,90.0
CUST_000869,LOAN_00000869,76332,89108,90,Good,Fidelity Bank,Port Harcourt,11.646401574842123,3.6025574574908727,Permanent,Masters,4.0,275664.0,68916.0,157825.0,5000.0,89945.75,90.0
CUST_000870,LOAN_00000870,41630,53939,180,Bad,Stanbic IBTC,Kano,8.32121445674536,10.304265126351815,Self-Employed,HND/BSc,4.0,122655.0,30663.75,40562.0,17944.0,39169.25,75.0
CUST_000871,LOAN_00000871,296008,389886,30,Bad,UBA,Port Harcourt,7.358866321946142,4.831835760007284,Temporary,HND/BSc,5.0,547524.0,109504.8,337343.0,19591.0,141110.4,108.0
CUST_000872,LOAN_00000872,84058,112888,30,Bad,Union Bank,Port Harcourt,8.439227437233871,12.966999901373416,Self-Employed,HND/BSc,1.0,43107.0,43107.0,43107.0,43107.0,51310.0,90.0
CUST_000873,LOAN_00000873,19575,23854,90,Good,Access Bank,Kano,9.212168236315442,7.265393562965741,Temporary,Secondary,2.0,58959.0,29479.5,32699.0,26260.0,36718.0,120.0
CUST_000874,LOAN_00000874,18023,22945,180,Good,GTBank,Ibadan,5.70169888400514,6.378646352738349,Self-Employed,Masters,10.0,571872.0,57187.2,267381.0,7917.0,75094.4,105.0
CUST_000875,LOAN_00000875,30639,36133,60,Good,Access Bank,Lagos,12.108169572402916,13.09066772053782,Permanent,HND/BSc,2.0,21154.0,10577.0,16154.0,5000.0,14106.0,120.0
CUST_000876,LOAN_00000876,140985,174689,30,Bad,First Bank,Kano,10.067682539466524,3.6017282768617225,Permanent,Secondary,1.0,145869.0,145869.0,145869.0,145869.0,177697.0,30.0
CUST_000877,LOAN_00000877,224695,283812,90,Good,Access Bank,Jos,9.6994202560374,7.759305592012137,Permanent,PhD,7.0,360178.0,51454.0,165292.0,7386.0,66133.14285714286,72.85714285714286
CUST_000878,LOAN_00000878,57255,66591,90,Good,Access Bank,Calabar,4.895466035625743,7.440042486900376,Permanent,HND/BSc,7.0,282332.0,40333.142857142855,108336.0,5951.0,50705.71428571428,102.85714285714286
CUST_000879,LOAN_00000879,38046,43922,365,Good,UBA,Kaduna,9.437565443553323,6.41760449099461,Self-Employed,Masters,1.0,29938.0,29938.0,29938.0,29938.0,40758.0,30.0
CUST_000880,LOAN_00000880,105352,141876,60,Good,UBA,Benin City,5.088645960146431,13.941051984017724,Permanent,Masters,0.0,0.0,0.0,0.0,0.0,0.0,0.0
CUST_000881,LOAN_00000881,179313,241733,90,Good,UBA,Ibadan,4.708279076758592,12.011140722200668,Self-Employed,Masters,7.0,733046.0,104720.85714285714,302309.0,7575.0,130835.71428571429,107.14285714285714
CUST_000882,LOAN_00000882,15601,20532,90,Good,Stanbic IBTC,Calabar,8.745798060781539,3.767077970303265,Permanent,Secondary,1.0,10709.0,10709.0,10709.0,10709.0,14544.0,90.0
CUST_000883,LOAN_00000883,44321,54009,30,Good,First Bank,Kano,7.6250698064184546,11.576249393219449,Contract,Secondary,8.0,386684.0,48335.5,118686.0,8677.0,60654.75,86.25
CUST_000884,LOAN_00000884,100667,120935,90,Good,Union Bank,Jos,9.299292431406007,9.327589597545527,Temporary,Masters,2.0,102917.0,51458.5,89375.0,13542.0,64523.0,135.0
CUST_000885,LOAN_00000885,126474,155193,60,Good,Union Bank,Benin City,4.802999512515148,13.81041473281895,Permanent,Masters,0.0,0.0,0.0,0.0,0.0,0.0,0.0
CUST_000886,LOAN_00000886,42733,50128,90,Good,UBA,Kaduna,7.878847565625326,6.7553474081803015,Self-Employed,HND/BSc,0.0,0.0,0.0,0.0,0.0,0.0,0.0
CUST_000887,LOAN_00000887,80452,102761,90,Bad,GTBank,Kaduna,5.573080435406421,9.889943995314995,Self-Employed,HND/BSc,3.0,124875.0,41625.0,99224.0,8452.0,56550.333333333336,80.0
CUST_000888,LOAN_00000888,189184,217912,90,Bad,Stanbic IBTC,Ibadan,12.883900773317048,9.009063296891831,Permanent,Secondary,3.0,84619.0,28206.333333333332,41631.0,15174.0,34599.333333333336,110.0
CUST_000889,LOAN_00000889,10000,13336,90,Bad,Zenith Bank,Kano,9.05035191191657,8.874730874731268,Contract,,7.0,479835.0,68547.85714285714,137128.0,18844.0,86236.14285714286,55.714285714285715
CUST_000890,LOAN_00000890,100773,134376,365,Bad,GTBank,Calabar,10.186931748467806,8.473264794206552,Permanent,Secondary,9.0,458103.0,50900.333333333336,190694.0,10434.0,64670.555555555555,66.66666666666667
CUST_000891,LOAN_00000891,203429,251335,60,Bad,Fidelity Bank,Lagos,6.92876452614347,5.467553706387376,Self-Employed,Secondary,0.0,0.0,0.0,0.0,0.0,0.0,0.0
CUST_000892,LOAN_00000892,35474,42190,30,Good,Fidelity Bank,Calabar,4.8526502330140975,12.068519069908714,Contract,HND/BSc,3.0,133720.0,44573.333333333336,83881.0,11815.0,55734.333333333336,130.0
CUST_000893,LOAN_00000893,33517,41782,90,Good,GTBank,Calabar,12.78283776505183,8.416032392871465,Contract,Secondary,1.0,125989.0,125989.0,125989.0,125989.0,167609.0,180.0
CUST_000894,LOAN_00000894,24830,30473,30,Good,UBA,Kaduna,6.5763313184486485,14.502195300031268,Self-Employed,PhD,1.0,47474.0,47474.0,47474.0,47474.0,65973.0,180.0
CUST_000895,LOAN_00000895,57557,67765,90,Good,Zenith Bank,Lagos,7.814273666562168,6.129701126313316,Permanent,Secondary,3.0,93143.0,31047.666666666668,49263.0,16419.0,41548.333333333336,70.0
CUST_000896,LOAN_00000896,98342,132429,180,Bad,Zenith Bank,Lagos,9.848775295323176,11.192926075524491,Self-Employed,Secondary,7.0,315509.0,45072.71428571428,103871.0,13872.0,55165.857142857145,85.71428571428571
CUST_000897,LOAN_00000897,28713,36735,90,Good,Stanbic IBTC,Ibadan,4.222275679175001,14.2886049556693,Self-Employed,HND/BSc,2.0,68381.0,34190.5,54079.0,14302.0,45030.0,30.0
CUST_000898,LOAN_00000898,99302,128405,90,Good,Zenith Bank,Benin City,11.292332174655582,10.96149987619311,Self-Employed,HND/BSc,2.0,174715.0,87357.5,142437.0,32278.0,116662.5,105.0
CUST_000899,LOAN_00000899,187748,252364,90,Bad,Fidelity Bank,Enugu,8.829203710257582,13.455274891408736,Self-Employed,Secondary,5.0,122704.0,24540.8,33097.0,8284.0,31622.0,60.0
CUST_000900,LOAN_00000900,162170,195450,365,Good,First Bank,Port Harcourt,6.5039546836194,12.929771517084074,Contract,HND/BSc,1.0,7995.0,7995.0,7995.0,7995.0,9381.0,30.0
CUST_000901,LOAN_00000901,311108,382508,180,Bad,UBA,Port Harcourt,4.554471867632223,7.321412585868046,Temporary,HND/BSc,9.0,490252.0,54472.444444444445,149628.0,12960.0,68937.0,53.333333333333336
CUST_000902,LOAN_00000902,86486,106582,180,Bad,Zenith Bank,Kaduna,5.462485739269972,10.20148727927396,Permanent,Masters,3.0,53718.0,17906.0,37242.0,5000.0,23435.333333333332,110.0
CUST_000903,LOAN_00000903,69548,90621,60,Bad,Stanbic IBTC,Enugu,12.055304729680932,4.875136077736267,Contract,Secondary,3.0,107420.0,35806.666666666664,54124.0,23833.0,47567.666666666664,100.0
CUST_000904,LOAN_00000904,146741,187943,60,Bad,Fidelity Bank,Benin City,10.17421801542302,9.426310592347194,Permanent,,2.0,62032.0,31016.0,44334.0,17698.0,41155.5,135.0
CUST_000905,LOAN_00000905,24663,33242,60,Good,First Bank,Enugu,6.249115494732008,5.765063661772047,Temporary,HND/BSc,8.0,469616.0,58702.0,131627.0,16983.0,74858.25,67.5
CUST_000906,LOAN_00000906,25349,33404,90,Good,Access Bank,Ibadan,4.590406884505266,11.924841779429348,Self-Employed,Secondary,2.0,91361.0,45680.5,79316.0,12045.0,55868.5,105.0
CUST_000907,LOAN_00000907,38166,50731,90,Good,Access Bank,Calabar,10.215537811479727,9.336701062705496,Self-Employed,Secondary,5.0,393233.0,78646.6,139140.0,25604.0,95357.0,90.0
CUST_000908,LOAN_00000908,23364,28785,90,Good,First Bank,Kaduna,9.151669533709883,7.934728351579926,Permanent,HND/BSc,4.0,177869.0,44467.25,93260.0,9761.0,55206.75,90.0
CUST_000909,LOAN_00000909,111209,135322,90,Bad,Fidelity Bank,Lagos,7.640675720124115,6.22556515400373,Self-Employed,Secondary,1.0,25042.0,25042.0,25042.0,25042.0,30744.0,180.0
CUST_000910,LOAN_00000910,68779,85772,60,Good,Stanbic IBTC,Kaduna,7.272503042710575,14.984381782095442,Self-Employed,HND/BSc,0.0,0.0,0.0,0.0,0.0,0.0,0.0
CUST_000911,LOAN_00000911,39477,49367,30,Good,First Bank,Port Harcourt,5.951328483361975,3.860526250619192,Self-Employed,Secondary,3.0,150694.0,50231.333333333336,105681.0,5277.0,62938.0,140.0
CUST_000912,LOAN_00000912,12124,15091,60,Good,UBA,Benin City,10.02650130883766,3.52272816686904,Permanent,HND/BSc,4.0,138409.0,34602.25,57506.0,9066.0,42288.75,112.5
CUST_000913,LOAN_00000913,26276,35068,30,Good,UBA,Enugu,12.736012250144835,5.607088805926375,Contract,HND/BSc,0.0,0.0,0.0,0.0,0.0,0.0,0.0
CUST_000914,LOAN_00000914,193049,230863,60,Bad,Access Bank,Benin City,5.581437212531433,14.652869503533836,Permanent,Secondary,1.0,31555.0,31555.0,31555.0,31555.0,40676.0,180.0
CUST_000915,LOAN_00000915,288210,379708,90,Good,Zenith Bank,Ibadan,9.37404958013953,14.750858019839814,Contract,HND/BSc,1.0,46543.0,46543.0,46543.0,46543.0,57183.0,180.0
CUST_000916,LOAN_00000916,245884,313288,60,Good,Stanbic IBTC,Kaduna,7.817665501713786,10.859132817265632,Permanent,Masters,9.0,654771.0,72752.33333333333,206216.0,13198.0,87647.22222222222,86.66666666666667
CUST_000917,LOAN_00000917,73839,90482,30,Good,Access Bank,Kano,8.020198495701983,13.561280006476856,Permanent,Secondary,1.0,52606.0,52606.0,52606.0,52606.0,63621.0,90.0
CUST_000918,LOAN_00000918,22957,30784,90,Good,Zenith Bank,Kaduna,6.287325521150329,5.567540770089545,Permanent,Masters,6.0,452851.0,75475.16666666667,175168.0,22602.0,97599.0,50.0
CUST_000919,LOAN_00000919,34781,41251,60,Good,Zenith Bank,Lagos,11.426213880952773,14.664505130119483,Permanent,HND/BSc,0.0,0.0,0.0,0.0,0.0,0.0,0.0
CUST_000920,LOAN_00000920,109628,129955,90,Good,Union Bank,Kaduna,8.36730043732517,4.713418201674775,Permanent,,0.0,0.0,0.0,0.0,0.0,0.0,0.0
CUST_000921,LOAN_00000921,385208,474785,90,Bad,UBA,Jos,8.890652669784377,4.213502258179899,Temporary,Secondary,7.0,440825.0,62975.0,142077.0,29393.0,81316.28571428571,64.28571428571429
CUST_000922,LOAN_00000922,113197,132368,60,Good,Fidelity Bank,Ibadan,6.742848215175932,4.346538470967275,Contract,,4.0,124567.0,31141.75,65248.0,17555.0,39154.0,82.5
CUST_000923,LOAN_00000923,59773,78357,60,Good,GTBank,Abuja,5.636276191002548,9.877535079270777,Permanent,HND/BSc,3.0,155487.0,51829.0,83120.0,31309.0,65549.33333333333,60.0
CUST_000924,LOAN_00000924,67125,89268,180,Bad,Fidelity Bank,Ibadan,4.773193493825384,12.37169280861663,Contract,HND/BSc,2.0,111056.0,55528.0,91799.0,19257.0,74549.5,135.0
CUST_000925,LOAN_00000925,22349,28756,90,Good,GTBank,Enugu,10.427072268324244,7.400006134495597,Contract,HND/BSc,5.0,473985.0,94797.0,266138.0,23237.0,123084.4,72.0
CUST_000926,LOAN_00000926,19224,24251,90,Bad,First Bank,Abuja,5.766108535190701,14.73475185343352,Temporary,Secondary,1.0,6212.0,6212.0,6212.0,6212.0,7466.0,180.0
CUST_000927,LOAN_00000927,34779,43964,60,Good,UBA,Enugu,10.21067818769918,8.213041657419954,Permanent,PhD,2.0,49836.0,24918.0,31715.0,18121.0,34326.5,105.0
CUST_000928,LOAN_00000928,53882,72685,60,Good,Zenith Bank,Enugu,7.513388014422585,4.805382609278595,Permanent,HND/BSc,3.0,65109.0,21703.0,34627.0,6633.0,28135.666666666668,90.0
CUST_000929,LOAN_00000929,25898,32806,90,Good,Stanbic IBTC,Lagos,7.741973208906863,8.59160097823364,Temporary,Secondary,1.0,29372.0,29372.0,29372.0,29372.0,33883.0,30.0
CUST_000930,LOAN_00000930,235699,308455,180,Bad,GTBank,Lagos,8.222597464834944,11.148445985069278,Permanent,Secondary,3.0,221651.0,73883.66666666667,101043.0,36099.0,99897.66666666667,70.0
CUST_000931,LOAN_00000931,30841,40449,30,Good,Fidelity Bank,Calabar,7.309376573147889,12.986709366052544,Permanent,Secondary,3.0,167827.0,55942.333333333336,137872.0,11671.0,67955.66666666667,130.0
CUST_000932,LOAN_00000932,50793,63626,90,Good,Zenith Bank,Port Harcourt,4.905579795003311,8.505219479479114,Permanent,HND/BSc,3.0,86840.0,28946.666666666668,65277.0,7182.0,38209.666666666664,80.0
CUST_000933,LOAN_00000933,29973,39995,365,Good,GTBank,Calabar,6.786686290025612,10.12328191259001,Permanent,HND/BSc,3.0,81247.0,27082.333333333332,45623.0,8662.0,34330.333333333336,80.0
CUST_000934,LOAN_00000934,23750,30485,60,Good,GTBank,Calabar,9.973609246245443,6.208136545906241,Temporary,HND/BSc,0.0,0.0,0.0,0.0,0.0,0.0,0.0
CUST_000935,LOAN_00000935,31789,39080,60,Good,Union Bank,Port Harcourt,9.99205961321984,10.750998316866168,Permanent,HND/BSc,1.0,58013.0,58013.0,58013.0,58013.0,80285.0,60.0
CUST_000936,LOAN_00000936,222735,267754,90,Bad,GTBank,Kano,6.576018765159949,14.831663327404124,Temporary,HND/BSc,3.0,247729.0,82576.33333333333,201377.0,14293.0,96426.0,80.0
CUST_000937,LOAN_00000937,95135,112365,90,Good,Stanbic IBTC,Abuja,8.140923639019192,3.5886428710535263,Temporary,HND/BSc,3.0,102383.0,34127.666666666664,41303.0,24385.0,41337.333333333336,40.0
CUST_000938,LOAN_00000938,59787,79824,365,Good,UBA,Benin City,5.741025052107437,13.638368048462011,Contract,Secondary,1.0,21906.0,21906.0,21906.0,21906.0,30447.0,30.0
CUST_000939,LOAN_00000939,49462,59690,60,Good,Stanbic IBTC,Calabar,5.893348733768522,9.747390033210271,Permanent,Secondary,1.0,24973.0,24973.0,24973.0,24973.0,29242.0,60.0
CUST_000940,LOAN_00000940,159230,201921,30,Bad,Access Bank,Kaduna,4.207423795659467,6.025183914747599,Permanent,Secondary,1.0,34357.0,34357.0,34357.0,34357.0,43244.0,60.0
CUST_000941,LOAN_00000941,74672,91060,30,Good,Zenith Bank,Kaduna,12.070718949169702,14.458676520111094,Contract,PhD,1.0,33613.0,33613.0,33613.0,33613.0,46018.0,30.0
CUST_000942,LOAN_00000942,47586,60767,60,Good,UBA,Enugu,5.896359985674156,8.800251636706786,Contract,Masters,6.0,180549.0,30091.5,49902.0,7307.0,37796.5,105.0
CUST_000943,LOAN_00000943,84698,109183,90,Good,Union Bank,Port Harcourt,6.04780489242817,6.980283020080627,Contract,,1.0,57669.0,57669.0,57669.0,57669.0,71385.0,30.0
CUST_000944,LOAN_00000944,27666,34367,90,Good,UBA,Enugu,6.516412893806186,5.177971539250094,Contract,HND/BSc,1.0,64914.0,64914.0,64914.0,64914.0,77617.0,60.0
CUST_000945,LOAN_00000945,42937,49903,90,Good,UBA,Jos,5.146672645258861,5.933426523079945,Temporary,Masters,1.0,47190.0,47190.0,47190.0,47190.0,63141.0,30.0
CUST_000946,LOAN_00000946,174880,203759,180,Good,Fidelity Bank,Jos,9.753365948632265,12.99418849909731,Contract,HND/BSc,3.0,498391.0,166130.33333333334,216149.0,113403.0,201980.33333333334,140.0
CUST_000947,LOAN_00000947,283991,338787,60,Good,UBA,Benin City,4.676286578598279,10.372920111805987,Self-Employed,HND/BSc,7.0,291901.0,41700.142857142855,133622.0,5000.0,52661.857142857145,51.42857142857143
CUST_000948,LOAN_00000948,25892,34077,365,Bad,Union Bank,Lagos,5.2078218369371525,13.958947433859793,Self-Employed,Secondary,2.0,76004.0,38002.0,52441.0,23563.0,50782.0,60.0
CUST_000949,LOAN_00000949,51350,62608,30,Good,Stanbic IBTC,Lagos,9.802810539310835,5.78362142589343,Permanent,Masters,9.0,157323.0,17480.333333333332,40143.0,9190.0,21867.444444444445,106.66666666666667
CUST_000950,LOAN_00000950,70252,91143,60,Good,UBA,Port Harcourt,7.0569455843329845,4.453662886186818,Permanent,PhD,2.0,65922.0,32961.0,35183.0,30739.0,42113.0,105.0
CUST_000951,LOAN_00000951,53323,63938,90,Good,First Bank,Port Harcourt,10.371530440310702,3.07305037170708,Permanent,Secondary,2.0,189087.0,94543.5,111388.0,77699.0,128070.0,135.0
CUST_000952,LOAN_00000952,135388,168895,365,Bad,Zenith Bank,Calabar,9.016822702031275,9.094344451391926,Permanent,Secondary,0.0,0.0,0.0,0.0,0.0,0.0,0.0
CUST_000953,LOAN_00000953,25019,30720,180,Good,UBA,Jos,6.304190557553618,14.979683164583856,Contract,HND/BSc,1.0,19220.0,19220.0,19220.0,19220.0,24537.0,60.0
CUST_000954,LOAN_00000954,79575,101936,90,Good,Zenith Bank,Calabar,9.857451554403951,11.339583225823668,Permanent,,5.0,157906.0,31581.2,46913.0,19408.0,41982.2,102.0
CUST_000955,LOAN_00000955,118881,138740,60,Good,First Bank,Lagos,5.046463122635926,6.700735103581753,Contract,Masters,9.0,788240.0,87582.22222222222,365839.0,16203.0,106317.11111111111,60.0
CUST_000956,LOAN_00000956,253850,314133,60,Bad,First Bank,Abuja,8.827693447720273,13.52230299631406,Temporary,Secondary,3.0,138198.0,46066.0,82834.0,20565.0,56979.666666666664,90.0
CUST_000957,LOAN_00000957,21315,28585,90,Good,Zenith Bank,Abuja,7.934332945405312,12.380667191855515,Permanent,HND/BSc,3.0,154309.0,51436.333333333336,85262.0,16653.0,68934.66666666667,100.0
CUST_000958,LOAN_00000958,54399,67266,180,Good,GTBank,Port Harcourt,6.410862245356967,3.184981992918471,Contract,HND/BSc,3.0,162299.0,54099.666666666664,95401.0,25719.0,66984.66666666667,100.0
CUST_000959,LOAN_00000959,76443,93515,60,Good,Access Bank,Enugu,9.4360449796555,12.80232576649227,Permanent,Masters,2.0,236646.0,118323.0,231646.0,5000.0,165098.5,30.0
CUST_000960,LOAN_00000960,50900,60726,60,Good,Fidelity Bank,Lagos,11.842002331062542,6.606321086861952,Permanent,Masters,3.0,222272.0,74090.66666666667,144942.0,13825.0,94822.66666666667,110.0
CUST_000961,LOAN_00000961,27485,36308,90,Good,GTBank,Abuja,12.99014229786769,4.796081575003213,Contract,HND/BSc,1.0,45670.0,45670.0,45670.0,45670.0,62608.0,180.0
CUST_000962,LOAN_00000962,19531,23987,90,Good,GTBank,Lagos,9.46986491869082,5.715970076844895,Temporary,Secondary,2.0,46689.0,23344.5,31464.0,15225.0,30714.5,45.0
CUST_000963,LOAN_00000963,125795,165322,30,Good,Stanbic IBTC,Ibadan,7.642352868962531,8.622957652501668,Permanent,PhD,5.0,228619.0,45723.8,81377.0,11494.0,55333.4,102.0
CUST_000964,LOAN_00000964,95065,125912,30,Good,Fidelity Bank,Kaduna,6.026863901945815,8.098415124816132,Permanent,HND/BSc,2.0,51562.0,25781.0,32002.0,19560.0,31184.5,120.0
CUST_000965,LOAN_00000965,160710,189914,90,Good,Fidelity Bank,Jos,6.3138648045560055,6.466647592490721,Permanent,,1.0,44026.0,44026.0,44026.0,44026.0,59673.0,60.0
CUST_000966,LOAN_00000966,29077,38682,90,Good,GTBank,Calabar,8.315094803347892,5.066619866484393,Permanent,HND/BSc,4.0,484736.0,121184.0,203730.0,25972.0,149455.25,97.5
CUST_000967,LOAN_00000967,38665,51096,365,Good,UBA,Lagos,7.305499311526383,12.146769475706032,Permanent,Masters,8.0,293700.0,36712.5,51517.0,19066.0,46785.125,108.75
CUST_000968,LOAN_00000968,240704,289419,90,Good,Stanbic IBTC,Kaduna,12.224330703624496,14.881317404819004,Contract,Masters,8.0,451610.0,56451.25,110432.0,7261.0,71740.75,123.75
CUST_000969,LOAN_00000969,124296,159537,90,Good,Stanbic IBTC,Ibadan,7.314659208901386,12.333498965036284,Permanent,HND/BSc,3.0,206974.0,68991.33333333333,159835.0,10618.0,86108.0,100.0
CUST_000970,LOAN_00000970,112341,149435,60,Bad,First Bank,Calabar,7.361001320308919,6.551243612058494,Contract,,1.0,16161.0,16161.0,16161.0,16161.0,19346.0,90.0
CUST_000971,LOAN_00000971,98856,117895,60,Bad,Union Bank,Lagos,7.451810611905793,5.9377075369456005,Contract,Secondary,4.0,779087.0,194771.75,481772.0,14522.0,248441.75,127.5
CUST_000972,LOAN_00000972,12683,15345,60,Good,Fidelity Bank,Port Harcourt,11.529581893308922,5.611990512791259,Contract,Masters,1.0,13508.0,13508.0,13508.0,13508.0,17004.0,30.0
CUST_000973,LOAN_00000973,150684,177608,30,Good,GTBank,Kaduna,9.857094887622116,4.640340893868435,Permanent,,2.0,48254.0,24127.0,35531.0,12723.0,31330.5,45.0
CUST_000974,LOAN_00000974,15237,17590,365,Good,First Bank,Calabar,9.527519652870032,9.615966596307617,Temporary,HND/BSc,7.0,632090.0,90298.57142857143,344855.0,9458.0,118308.28571428571,111.42857142857143
CUST_000975,LOAN_00000975,34931,43496,60,Good,Zenith Bank,Lagos,7.007287201454759,10.26480446344013,Permanent,HND/BSc,2.0,42031.0,21015.5,21559.0,20472.0,25650.0,135.0
CUST_000976,LOAN_00000976,77360,89759,60,Good,Access Bank,Kaduna,11.361137591491955,11.466031927957648,Self-Employed,HND/BSc,3.0,145832.0,48610.666666666664,60419.0,36910.0,61332.666666666664,100.0
CUST_000977,LOAN_00000977,69650,84333,90,Good,Union Bank,Ibadan,4.34527475220131,11.162560451204016,Permanent,Masters,4.0,108028.0,27007.0,47879.0,17002.0,35898.5,67.5
CUST_000978,LOAN_00000978,42125,51054,180,Good,Union Bank,Lagos,11.837174551043018,6.50799973540059,Contract,Masters,4.0,256843.0,64210.75,99203.0,19217.0,85884.0,52.5
CUST_000979,LOAN_00000979,58759,68492,30,Good,Union Bank,Lagos,8.614749098145367,6.963732064762159,Permanent,HND/BSc,0.0,0.0,0.0,0.0,0.0,0.0,0.0
CUST_000980,LOAN_00000980,55084,63589,60,Good,Stanbic IBTC,Lagos,7.584252113770715,11.178174425308054,Permanent,Masters,2.0,82123.0,41061.5,66427.0,15696.0,47578.0,135.0
CUST_000981,LOAN_00000981,92773,109246,180,Good,Zenith Bank,Benin City,8.474505526459172,7.19337168940354,Permanent,HND/BSc,1.0,31508.0,31508.0,31508.0,31508.0,37932.0,90.0
CUST_000982,LOAN_00000982,87802,115189,30,Bad,Union Bank,Port Harcourt,10.00673977480448,5.551478275431757,Permanent,Secondary,2.0,64015.0,32007.5,53819.0,10196.0,40697.0,105.0
CUST_000983,LOAN_00000983,68436,87719,60,Bad,Zenith Bank,Ibadan,4.114888838661076,7.492033844360875,Self-Employed,HND/BSc,5.0,202321.0,40464.2,113897.0,8965.0,51277.0,108.0
CUST_000984,LOAN_00000984,86780,106719,180,Bad,UBA,Calabar,11.84396670812423,6.265009890935732,Self-Employed,HND/BSc,0.0,0.0,0.0,0.0,0.0,0.0,0.0
CUST_000985,LOAN_00000985,74465,91877,60,Good,Union Bank,Benin City,8.020655727802534,4.059752654622933,Permanent,Secondary,7.0,548424.0,78346.28571428571,207460.0,7037.0,102416.85714285714,98.57142857142857
CUST_000986,LOAN_00000986,76334,93125,90,Good,Access Bank,Enugu,7.086698677300704,12.961666827319842,Contract,HND/BSc,5.0,153129.0,30625.8,53178.0,9950.0,40350.0,90.0
CUST_000987,LOAN_00000987,86106,110472,60,Bad,Zenith Bank,Benin City,5.244210090706514,13.237336669884437,Self-Employed,HND/BSc,1.0,44793.0,44793.0,44793.0,44793.0,56635.0,90.0
CUST_000988,LOAN_00000988,53383,61520,60,Good,Zenith Bank,Jos,7.955188369225979,5.637003602002554,Self-Employed,Masters,2.0,51403.0,25701.5,26765.0,24638.0,32148.0,60.0
CUST_000989,LOAN_00000989,54303,69422,60,Good,Access Bank,Jos,8.46690494155941,3.777266394302421,Permanent,Secondary,2.0,108426.0,54213.0,97020.0,11406.0,66732.5,60.0
CUST_000990,LOAN_00000990,135673,166304,90,Bad,Union Bank,Lagos,7.6328202504413,11.865929248214156,Self-Employed,HND/BSc,1.0,27553.0,27553.0,27553.0,27553.0,31897.0,30.0
CUST_000991,LOAN_00000991,36205,41857,180,Good,Access Bank,Benin City,10.107940844442073,5.538343510360964,Permanent,HND/BSc,1.0,23841.0,23841.0,23841.0,23841.0,28917.0,90.0
CUST_000992,LOAN_00000992,24362,30881,90,Good,Zenith Bank,Enugu,7.788068758833035,7.721225873242323,Contract,PhD,2.0,128160.0,64080.0,79078.0,49082.0,82731.5,120.0
CUST_000993,LOAN_00000993,94105,111486,180,Good,Access Bank,Benin City,12.65275820061916,3.769623026848599,Contract,Masters,1.0,25805.0,25805.0,25805.0,25805.0,34749.0,60.0
CUST_000994,LOAN_00000994,88948,111765,30,Bad,Zenith Bank,Port Harcourt,9.393497660412326,5.715235017101222,Self-Employed,Masters,4.0,229711.0,57427.75,109397.0,19770.0,75852.75,82.5
CUST_000995,LOAN_00000995,144314,176567,30,Bad,Zenith Bank,Port Harcourt,11.26730142086718,12.51482733995563,Temporary,PhD,6.0,253437.0,42239.5,98884.0,9369.0,53608.166666666664,75.0
CUST_000996,LOAN_00000996,63919,75316,60,Bad,UBA,Enugu,4.984203127985309,12.652757362982422,Temporary,HND/BSc,4.0,485309.0,121327.25,227484.0,45168.0,155511.5,67.5
CUST_000997,LOAN_00000997,71614,84521,60,Bad,GTBank,Benin City,7.575621636513151,5.485017898652525,Permanent,Secondary,7.0,464172.0,66310.28571428571,104788.0,23642.0,86201.71428571429,94.28571428571429
CUST_000998,LOAN_00000998,48956,58815,180,Bad,Zenith Bank,Kaduna,7.031629313024374,7.030966141280274,Temporary,Masters,2.0,132209.0,66104.5,104441.0,27768.0,80604.5,45.0
CUST_000999,LOAN_00000999,18575,21387,30,Good,Union Bank,Port Harcourt,9.125341493229326,4.610861029124923,Permanent,Masters,1.0,16515.0,16515.0,16515.0,16515.0,19135.0,90.0
CUST_001000,LOAN_00001000,51254,62712,60,Good,First Bank,Port Harcourt,11.75002168055283,3.890071563419069,Permanent,HND/BSc,2.0,60706.0,30353.0,34582.0,26124.0,39955.0,105.0
CUST_001001,LOAN_00001001,113469,151897,60,Good,Stanbic IBTC,Abuja,4.70504395985806,14.906060573380913,Contract,Masters,5.0,295101.0,59020.2,182807.0,9897.0,74622.0,114.0
CUST_001002,LOAN_00001002,71171,94573,30,Good,Fidelity Bank,Benin City,4.653173182402397,10.867127414938071,Contract,Masters,1.0,24772.0,24772.0,24772.0,24772.0,33201.0,90.0
CUST_001003,LOAN_00001003,133232,157130,60,Good,GTBank,Port Harcourt,11.65285937341839,9.505158110379824,Contract,,0.0,0.0,0.0,0.0,0.0,0.0,0.0
CUST_001004,LOAN_00001004,99633,120984,30,Good,GTBank,Ibadan,5.915650774345217,12.185982004863597,Contract,,1.0,6663.0,6663.0,6663.0,6663.0,8996.0,90.0
CUST_001005,LOAN_00001005,53293,63035,90,Good,GTBank,Benin City,10.018779290048323,13.080925916252689,Temporary,HND/BSc,8.0,710443.0,88805.375,332591.0,20192.0,109259.875,45.0
CUST_001006,LOAN_00001006,390774,456563,180,Bad,UBA,Jos,8.885903191247246,12.68057721653673,Permanent,HND/BSc,0.0,0.0,0.0,0.0,0.0,0.0,0.0
CUST_001007,LOAN_00001007,220243,273156,365,Bad,Zenith Bank,Abuja,11.496042353985064,3.1984733914785197,Permanent,Secondary,2.0,81708.0,40854.0,60590.0,21118.0,51104.5,60.0
CUST_001008,LOAN_00001008,43381,58286,365,Bad,UBA,Port Harcourt,5.125800188527632,5.241694778285982,Temporary,Secondary,4.0,92306.0,23076.5,40002.0,10063.0,30544.5,97.5
CUST_001009,LOAN_00001009,56567,73787,60,Good,Zenith Bank,Abuja,5.168046691503502,10.858863625413973,Permanent,Masters,1.0,44947.0,44947.0,44947.0,44947.0,62184.0,30.0
CUST_001010,LOAN_00001010,201506,262568,60,Good,Union Bank,Jos,9.011365242504768,7.509112173647555,Contract,HND/BSc,1.0,60755.0,60755.0,60755.0,60755.0,82401.0,30.0
CUST_001011,LOAN_00001011,291712,378854,60,Bad,UBA,Enugu,12.517407880225338,14.789791812733284,Self-Employed,HND/BSc,7.0,730001.0,104285.85714285714,270914.0,25394.0,133037.7142857143,120.0
CUST_001012,LOAN_00001012,252916,298051,365,Bad,UBA,Enugu,7.734979825336788,10.984857511659047,Contract,HND/BSc,1.0,159259.0,159259.0,159259.0,159259.0,195508.0,90.0
CUST_001013,LOAN_00001013,22569,29530,365,Good,Stanbic IBTC,Benin City,6.942478902292255,14.47858690475048,Self-Employed,Masters,3.0,120265.0,40088.333333333336,100250.0,5000.0,53411.0,110.0
CUST_001014,LOAN_00001014,87728,105920,30,Bad,First Bank,Jos,9.460203908780972,5.417357779749526,Permanent,Secondary,5.0,316086.0,63217.2,218336.0,11531.0,83054.2,114.0
CUST_001015,LOAN_00001015,223587,268569,30,Bad,UBA,Kano,12.37403740490528,13.367484337380276,Self-Employed,HND/BSc,1.0,29889.0,29889.0,29889.0,29889.0,40531.0,180.0
CUST_001016,LOAN_00001016,61846,81013,90,Good,Stanbic IBTC,Kano,11.532350495601612,6.8562276697827045,Permanent,HND/BSc,2.0,104122.0,52061.0,99122.0,5000.0,66801.0,180.0
CUST_001017,LOAN_00001017,228408,271035,30,Good,Access Bank,Benin City,12.95935249659898,14.87477769885368,Contract,HND/BSc,3.0,146035.0,48678.333333333336,102053.0,12206.0,61677.666666666664,90.0
CUST_001018,LOAN_00001018,61187,78303,60,Bad,First Bank,Lagos,4.2031172488213935,4.892264064877768,Permanent,,7.0,322940.0,46134.28571428572,72194.0,8752.0,61211.57142857143,77.14285714285714
CUST_001019,LOAN_00001019,94477,113827,90,Good,Union Bank,Abuja,5.015723302414861,9.19607782605992,Contract,Masters,5.0,804563.0,160912.6,359394.0,67192.0,207293.6,114.0
CUST_001020,LOAN_00001020,43173,57472,60,Good,UBA,Abuja,9.4852098702996,12.514134406045464,Self-Employed,HND/BSc,5.0,261034.0,52206.8,92146.0,15431.0,68149.8,120.0
CUST_001021,LOAN_00001021,43476,52020,90,Good,Fidelity Bank,Enugu,11.385187954004648,8.19170976724843,Temporary,Masters,1.0,13636.0,13636.0,13636.0,13636.0,16318.0,180.0
CUST_001022,LOAN_00001022,35819,45833,60,Good,GTBank,Kano,6.567199080760899,8.61700872225176,Self-Employed,HND/BSc,1.0,33417.0,33417.0,33417.0,33417.0,44249.0,90.0
CUST_001023,LOAN_00001023,62462,74838,90,Good,Access Bank,Calabar,6.152899792307968,14.836269546068891,Contract,Masters,0.0,0.0,0.0,0.0,0.0,0.0,0.0
CUST_001024,LOAN_00001024,32826,43675,30,Bad,Access Bank,Port Harcourt,11.08278219443081,8.10369780361384,Temporary,Secondary,4.0,88748.0,22187.0,41644.0,11607.0,28378.0,90.0
CUST_001025,LOAN_00001025,194170,261924,90,Good,Union Bank,Port Harcourt,4.507436684679084,10.248865207188762,Contract,Masters,1.0,44411.0,44411.0,44411.0,44411.0,62018.0,30.0
CUST_001026,LOAN_00001026,47998,61723,90,Good,Stanbic IBTC,Port Harcourt,7.324443828243266,3.654475928101808,Contract,HND/BSc,7.0,380856.0,54408.0,181146.0,7941.0,71328.71428571429,64.28571428571429
CUST_001027,LOAN_00001027,79060,96365,30,Good,Access Bank,Enugu,8.552283003330967,13.10652096252312,Contract,Secondary,1.0,25039.0,25039.0,25039.0,25039.0,29356.0,180.0
CUST_001028,LOAN_00001028,50292,62066,60,Good,First Bank,Jos,9.04313806915291,10.778016587754522,Contract,Secondary,2.0,169768.0,84884.0,142761.0,27007.0,108631.0,180.0
CUST_001029,LOAN_00001029,167593,192768,365,Bad,UBA,Kaduna,10.557536411134992,7.848241234353763,Self-Employed,HND/BSc,1.0,47865.0,47865.0,47865.0,47865.0,55760.0,90.0
CUST_001030,LOAN_00001030,71642,82854,60,Good,UBA,Kano,7.193611510875924,3.194034479454237,Permanent,Masters,3.0,129247.0,43082.333333333336,53130.0,35210.0,57675.666666666664,80.0
CUST_001031,LOAN_00001031,111101,138932,60,Bad,Fidelity Bank,Kano,9.514159102071464,10.100025847122048,Contract,Secondary,3.0,154163.0,51387.666666666664,85995.0,24628.0,64308.666666666664,60.0
CUST_001032,LOAN_00001032,74930,101107,30,Good,Union Bank,Calabar,9.268378805118608,3.1518939418099463,Self-Employed,HND/BSc,3.0,150140.0,50046.666666666664,98123.0,13435.0,67270.66666666667,110.0
CUST_001033,LOAN_00001033,189330,240044,90,Good,GTBank,Abuja,8.928544905883724,3.014443366908215,Temporary,Masters,1.0,64171.0,64171.0,64171.0,64171.0,75317.0,90.0
CUST_001034,LOAN_00001034,57039,73858,365,Good,Stanbic IBTC,Lagos,9.76434963827991,10.393182745792256,Self-Employed,HND/BSc,3.0,135854.0,45284.666666666664,56274.0,33891.0,58618.0,80.0
CUST_001035,LOAN_00001035,14692,19448,60,Good,GTBank,Benin City,6.335042539612687,5.268204808014652,Contract,Masters,2.0,70974.0,35487.0,39609.0,31365.0,47049.5,60.0
CUST_001036,LOAN_00001036,85071,113883,60,Bad,Access Bank,Abuja,4.761838782261661,5.302650596617143,Contract,Secondary,3.0,208880.0,69626.66666666667,163656.0,18996.0,90980.0,100.0
CUST_001037,LOAN_00001037,77070,101145,30,Good,Union Bank,Jos,5.073445048357691,10.839258789992924,Permanent,HND/BSc,5.0,307278.0,61455.6,131476.0,20563.0,76673.2,78.0
CUST_001038,LOAN_00001038,50612,60943,60,Good,Fidelity Bank,Benin City,6.02124144388511,3.6443662552724914,Contract,PhD,2.0,49335.0,24667.5,31110.0,18225.0,31382.5,60.0
CUST_001039,LOAN_00001039,47040,59428,365,Good,GTBank,Kano,8.501781419705068,6.760866737694676,Temporary,HND/BSc,6.0,259277.0,43212.833333333336,108297.0,14795.0,55068.333333333336,95.0
CUST_001040,LOAN_00001040,60537,81382,30,Good,First Bank,Jos,11.56398475491418,4.793182825704228,Temporary,HND/BSc,1.0,63503.0,63503.0,63503.0,63503.0,74579.0,90.0
CUST_001041,LOAN_00001041,65902,78609,90,Good,UBA,Benin City,10.311640078795456,9.962116437558407,Self-Employed,Masters,2.0,183417.0,91708.5,92379.0,91038.0,112936.0,135.0
CUST_001042,LOAN_00001042,131755,171996,30,Good,Access Bank,Calabar,11.101365437818425,10.94118185672875,Permanent,HND/BSc,1.0,77840.0,77840.0,77840.0,77840.0,101553.0,60.0
CUST_001043,LOAN_00001043,50529,65278,365,Good,Fidelity Bank,Calabar,7.158780615334822,11.653630243188523,Self-Employed,Masters,0.0,0.0,0.0,0.0,0.0,0.0,0.0
CUST_001044,LOAN_00001044,116962,140872,30,Bad,GTBank,Ibadan,7.641883674836952,6.062774603022785,Temporary,PhD,2.0,98199.0,49099.5,56848.0,41351.0,65667.0,180.0
CUST_001045,LOAN_00001045,14255,17559,60,Good,Stanbic IBTC,Kaduna,7.543136973915516,4.070997019639008,Permanent,Secondary,2.0,54229.0,27114.5,29901.0,24328.0,36461.5,135.0
CUST_001046,LOAN_00001046,76083,99585,30,Good,First Bank,Calabar,5.726858659640514,3.944203883302774,Contract,Masters,1.0,204577.0,204577.0,204577.0,204577.0,256423.0,30.0
CUST_001047,LOAN_00001047,18444,22541,30,Good,First Bank,Kano,4.550949923292148,8.113818581408685,Self-Employed,Secondary,2.0,161038.0,80519.0,139594.0,21444.0,106137.0,75.0
CUST_001048,LOAN_00001048,111870,140277,180,Bad,GTBank,Lagos,9.31824483544504,14.35013290875258,Contract,HND/BSc,5.0,275657.0,55131.4,106330.0,14526.0,72009.2,108.0
CUST_001049,LOAN_00001049,450501,553256,365,Bad,UBA,Port Harcourt,12.902950150785276,5.612748410964295,Temporary,Masters,2.0,317418.0,158709.0,266392.0,51026.0,196130.5,60.0
CUST_001050,LOAN_00001050,24680,32811,365,Good,GTBank,Ibadan,5.501467344552365,6.080899216098592,Contract,Masters,5.0,122068.0,24413.6,46297.0,12238.0,29670.4,96.0
CUST_001051,LOAN_00001051,197363,241720,30,Bad,Access Bank,Port Harcourt,4.420163379093464,4.210665625270307,Self-Employed,Masters,1.0,55017.0,55017.0,55017.0,55017.0,67117.0,180.0
CUST_001052,LOAN_00001052,33456,43857,180,Bad,GTBank,Kaduna,11.015785136415396,10.266843286727164,Self-Employed,PhD,4.0,127706.0,31926.5,59325.0,11866.0,40504.25,90.0
CUST_001053,LOAN_00001053,58979,76110,60,Good,First Bank,Benin City,6.273274060162517,11.1584744873661,Contract,HND/BSc,5.0,203008.0,40601.6,62281.0,28551.0,51519.6,132.0
CUST_001054,LOAN_00001054,119714,141227,90,Bad,Fidelity Bank,Enugu,11.466794248176356,10.71517449792912,Self-Employed,HND/BSc,6.0,440675.0,73445.83333333333,219292.0,15848.0,92210.5,135.0
CUST_001055,LOAN_00001055,31378,37425,60,Good,GTBank,Calabar,10.335430003310638,13.333562916537376,Contract,HND/BSc,3.0,81953.0,27317.666666666668,60263.0,5000.0,34388.0,110.0
CUST_001056,LOAN_00001056,65126,84270,180,Good,UBA,Lagos,12.51106183345724,8.83711002031286,Contract,HND/BSc,3.0,140590.0,46863.333333333336,77685.0,10616.0,58922.0,120.0
CUST_001057,LOAN_00001057,26094,32819,90,Good,Union Bank,Kaduna,7.680345121810048,4.613484489204773,Permanent,HND/BSc,3.0,110363.0,36787.666666666664,51220.0,15792.0,47155.666666666664,70.0
CUST_001058,LOAN_00001058,145056,169342,30,Good,Fidelity Bank,Port Harcourt,9.957728555055708,6.472861568452952,Permanent,Masters,6.0,363802.0,60633.666666666664,87531.0,29633.0,76802.5,65.0
CUST_001059,LOAN_00001059,46836,56186,30,Good,Stanbic IBTC,Ibadan,8.183693027319435,10.94915968105622,Self-Employed,HND/BSc,6.0,248396.0,41399.333333333336,86080.0,14893.0,52004.166666666664,115.0
CUST_001060,LOAN_00001060,41116,49289,90,Good,Zenith Bank,Calabar,9.675298275776893,10.357463684898718,Temporary,Masters,6.0,283837.0,47306.166666666664,92272.0,13879.0,58805.666666666664,80.0
CUST_001061,LOAN_00001061,43945,54790,60,Good,GTBank,Kano,8.046390154069636,9.37203755691555,Permanent,Masters,4.0,212290.0,53072.5,82459.0,15692.0,68531.0,67.5
CUST_001062,LOAN_00001062,29247,36635,30,Good,UBA,Calabar,5.697690217816674,11.195573024264244,Permanent,Secondary,8.0,204426.0,25553.25,50687.0,12277.0,32528.75,105.0
CUST_001063,LOAN_00001063,51591,60203,180,Good,Fidelity Bank,Ibadan,8.571076744030428,10.648690204479593,Permanent,HND/BSc,5.0,128235.0,25647.0,36359.0,9094.0,33178.0,60.0
CUST_001064,LOAN_00001064,12065,16153,60,Good,UBA,Ibadan,8.757257812936981,13.57589867357942,Self-Employed,HND/BSc,0.0,0.0,0.0,0.0,0.0,0.0,0.0
CUST_001065,LOAN_00001065,270432,362104,180,Bad,Stanbic IBTC,Enugu,11.29543463434145,10.03219652973956,Temporary,HND/BSc,5.0,206109.0,41221.8,58767.0,20682.0,54980.0,114.0
CUST_001066,LOAN_00001066,107536,132831,90,Good,First Bank,Calabar,10.619686352142232,12.343216304406678,Contract,Masters,2.0,170852.0,85426.0,107006.0,63846.0,108182.5,105.0
CUST_001067,LOAN_00001067,61740,72659,60,Good,UBA,Calabar,9.974124615472997,5.984485871597615,Contract,HND/BSc,5.0,277312.0,55462.4,145359.0,18041.0,67783.6,84.0
CUST_001068,LOAN_00001068,16729,20365,30,Good,Fidelity Bank,Enugu,5.020483859973153,11.138191015068816,Contract,Masters,1.0,130177.0,130177.0,130177.0,130177.0,176068.0,180.0
CUST_001069,LOAN_00001069,93607,109345,30,Good,UBA,Jos,10.485546615973435,13.826329420592108,Permanent,Masters,9.0,290186.0,32242.88888888889,101932.0,5000.0,39489.555555555555,73.33333333333333
CUST_001070,LOAN_00001070,77963,103837,60,Bad,UBA,Jos,8.502746407190633,7.628787934797999,Self-Employed,HND/BSc,0.0,0.0,0.0,0.0,0.0,0.0,0.0
CUST_001071,LOAN_00001071,27043,32406,90,Good,UBA,Benin City,12.046895824955431,12.34925024806376,Contract,Masters,3.0,56787.0,18929.0,27367.0,8162.0,24698.333333333332,140.0
CUST_001072,LOAN_00001072,61787,77293,30,Bad,Access Bank,Jos,12.278838407174884,11.697471614345226,Self-Employed,Secondary,1.0,26511.0,26511.0,26511.0,26511.0,31972.0,180.0
CUST_001073,LOAN_00001073,48810,62208,60,Good,Access Bank,Abuja,4.496409315416069,3.7143143624618697,Self-Employed,Secondary,1.0,17376.0,17376.0,17376.0,17376.0,23727.0,90.0
CUST_001074,LOAN_00001074,10000,12707,30,Good,First Bank,Calabar,11.38577404319031,9.978099715488868,Self-Employed,Secondary,6.0,217024.0,36170.666666666664,80884.0,19183.0,45979.0,115.0
CUST_001075,LOAN_00001075,68093,89880,180,Bad,GTBank,Lagos,4.339276513804036,4.562272190409629,Self-Employed,HND/BSc,1.0,19098.0,19098.0,19098.0,19098.0,25203.0,60.0
CUST_001076,LOAN_00001076,109703,138380,60,Bad,UBA,Calabar,7.304526631255204,14.607830066767091,Temporary,Secondary,1.0,5797.0,5797.0,5797.0,5797.0,8107.0,30.0
CUST_001077,LOAN_00001077,23205,28602,90,Good,Stanbic IBTC,Abuja,8.880699780589712,12.736890032407874,Temporary,,2.0,27743.0,13871.5,17998.0,9745.0,18879.5,105.0
CUST_001078,LOAN_00001078,43171,53930,180,Good,GTBank,Abuja,5.332907187644147,4.316685614965442,Contract,HND/BSc,8.0,923977.0,115497.125,340176.0,19618.0,146428.375,75.0
CUST_001079,LOAN_00001079,62764,74983,60,Good,Stanbic IBTC,Port Harcourt,10.716824313121691,4.461023971772141,Permanent,HND/BSc,5.0,257396.0,51479.2,76347.0,15749.0,66153.2,96.0
CUST_001080,LOAN_00001080,31438,39672,90,Good,GTBank,Calabar,4.075192337549247,10.133686258951428,Contract,Secondary,4.0,183155.0,45788.75,70504.0,13151.0,55030.25,90.0
CUST_001081,LOAN_00001081,69718,83278,365,Bad,First Bank,Kaduna,5.517391435906331,7.1386700900782,Self-Employed,HND/BSc,1.0,42055.0,42055.0,42055.0,42055.0,48656.0,60.0
CUST_001082,LOAN_00001082,115469,142268,60,Good,UBA,Abuja,9.22717146868128,3.418870308877312,Permanent,HND/BSc,2.0,55376.0,27688.0,47391.0,7985.0,37224.5,45.0
CUST_001083,LOAN_00001083,58620,77209,60,Good,UBA,Lagos,10.429488058335632,9.499698093996637,Permanent,HND/BSc,1.0,18886.0,18886.0,18886.0,18886.0,24184.0,180.0
CUST_001084,LOAN_00001084,51760,64875,60,Good,Zenith Bank,Enugu,12.249787924245243,7.654141196230163,Permanent,HND/BSc,1.0,98128.0,98128.0,98128.0,98128.0,122900.0,30.0
CUST_001085,LOAN_00001085,28019,37060,90,Good,Stanbic IBTC,Benin City,10.349469867411614,4.212917908460912,Self-Employed,HND/BSc,7.0,486426.0,69489.42857142857,311519.0,11589.0,89661.42857142857,72.85714285714286
CUST_001086,LOAN_00001086,46812,61709,60,Good,GTBank,Port Harcourt,10.046013432293794,12.623044707071791,Contract,HND/BSc,5.0,190204.0,38040.8,86554.0,8905.0,49265.0,96.0
CUST_001087,LOAN_00001087,35539,45498,60,Good,GTBank,Enugu,7.549070317155978,13.980921183345671,Permanent,Masters,2.0,195724.0,97862.0,175117.0,20607.0,125355.0,30.0
CUST_001088,LOAN_00001088,270073,312927,180,Bad,Union Bank,Port Harcourt,4.011559829741213,12.07912720816956,Permanent,Secondary,1.0,14181.0,14181.0,14181.0,14181.0,18113.0,90.0
CUST_001089,LOAN_00001089,94824,111871,90,Bad,Union Bank,Lagos,5.081433328620598,12.869067720195329,Self-Employed,Masters,1.0,22096.0,22096.0,22096.0,22096.0,26848.0,90.0
CUST_001090,LOAN_00001090,197604,252867,30,Good,Access Bank,Ibadan,8.810990902804352,5.597886807193408,Permanent,HND/BSc,6.0,274965.0,45827.5,91687.0,5684.0,59892.0,90.0
CUST_001091,LOAN_00001091,186346,223564,90,Good,Zenith Bank,Calabar,10.076168972599778,6.162875411023212,Permanent,HND/BSc,1.0,28556.0,28556.0,28556.0,28556.0,39291.0,30.0
CUST_001092,LOAN_00001092,21965,25816,60,Good,Fidelity Bank,Kano,7.757034555068163,5.502330483590253,Self-Employed,HND/BSc,1.0,23587.0,23587.0,23587.0,23587.0,27575.0,30.0
CUST_001093,LOAN_00001093,252079,308597,365,Bad,Union Bank,Kaduna,10.576111103755512,12.180761176386769,Contract,HND/BSc,4.0,212353.0,53088.25,108409.0,5201.0,67270.5,82.5
CUST_001094,LOAN_00001094,55658,72925,180,Good,Fidelity Bank,Enugu,8.696760657989609,14.375004947213965,Permanent,Secondary,5.0,262803.0,52560.6,89736.0,17821.0,66774.6,102.0
CUST_001095,LOAN_00001095,91500,118621,180,Bad,Access Bank,Calabar,4.66758576034881,11.60204648080683,Contract,,0.0,0.0,0.0,0.0,0.0,0.0,0.0
CUST_001096,LOAN_00001096,36528,49037,180,Good,Access Bank,Kaduna,5.72814625871154,13.577601178554673,Permanent,HND/BSc,1.0,192891.0,192891.0,192891.0,192891.0,261931.0,180.0
CUST_001097,LOAN_00001097,57478,74636,60,Bad,Access Bank,Ibadan,11.559984009195484,10.664389138598072,Self-Employed,,5.0,209130.0,41826.0,80131.0,12056.0,52395.0,114.0
CUST_001098,LOAN_00001098,22536,29891,60,Good,Stanbic IBTC,Kano,10.524214719619955,7.651918806705589,Permanent,HND/BSc,2.0,90900.0,45450.0,65132.0,25768.0,58519.0,135.0
CUST_001099,LOAN_00001099,125626,150044,30,Good,Stanbic IBTC,Kaduna,12.052857883112456,8.109139379163661,Permanent,Secondary,2.0,78260.0,39130.0,57543.0,20717.0,49312.5,60.0
CUST_001100,LOAN_00001100,58236,72827,180,Bad,First Bank,Kaduna,5.058015242088429,3.903857186008858,Self-Employed,HND/BSc,1.0,38792.0,38792.0,38792.0,38792.0,53229.0,30.0
CUST_001101,LOAN_00001101,73905,93008,30,Bad,First Bank,Enugu,12.912002811535665,3.377486342952313,Self-Employed,Secondary,0.0,0.0,0.0,0.0,0.0,0.0,0.0
CUST_001102,LOAN_00001102,34412,42487,60,Good,Access Bank,Jos,5.884660425549402,11.345707250268928,Permanent,PhD,1.0,5000.0,5000.0,5000.0,5000.0,6278.0,30.0
CUST_001103,LOAN_00001103,59690,68979,60,Good,Zenith Bank,Kano,4.106018886579778,8.261146704134168,Permanent,Masters,6.0,122983.0,20497.166666666668,62944.0,5000.0,27303.833333333332,70.0
CUST_001104,LOAN_00001104,54383,62716,90,Good,GTBank,Calabar,12.976806451481988,9.626580816655554,Self-Employed,Masters,2.0,112675.0,56337.5,85946.0,26729.0,73968.0,90.0
CUST_001105,LOAN_00001105,44450,57367,180,Good,Stanbic IBTC,Ibadan,6.529664969006018,9.691934971468996,Self-Employed,HND/BSc,3.0,169401.0,56467.0,113821.0,11087.0,73078.33333333333,90.0
CUST_001106,LOAN_00001106,20825,25819,30,Good,Zenith Bank,Kano,10.01217507261304,6.328509759999617,Permanent,HND/BSc,1.0,22330.0,22330.0,22330.0,22330.0,28294.0,180.0
CUST_001107,LOAN_00001107,64089,85815,30,Bad,UBA,Lagos,5.590140827586747,8.710710129953888,Self-Employed,,5.0,368563.0,73712.6,215638.0,8308.0,89683.4,54.0
CUST_001108,LOAN_00001108,151623,197293,90,Bad,Stanbic IBTC,Jos,9.222056789792276,8.649122660012427,Permanent,Secondary,3.0,95569.0,31856.333333333332,54077.0,20572.0,38982.333333333336,120.0
CUST_001109,LOAN_00001109,43047,52810,365,Good,Stanbic IBTC,Lagos,12.136314878091031,7.661126654734284,Contract,Masters,8.0,633925.0,79240.625,306106.0,14946.0,99363.25,78.75
CUST_001110,LOAN_00001110,280671,336521,30,Good,First Bank,Ibadan,6.881630506855947,12.848104600812846,Permanent,HND/BSc,2.0,93163.0,46581.5,83798.0,9365.0,57082.5,45.0
CUST_001111,LOAN_00001111,70327,94868,90,Bad,GTBank,Enugu,10.032285784399232,8.41396804425115,Permanent,,5.0,149469.0,29893.8,54340.0,6047.0,37783.4,96.0
CUST_001112,LOAN_00001112,132046,155805,180,Bad,GTBank,Enugu,5.691132299185749,10.243734294071851,Permanent,Masters,1.0,27246.0,27246.0,27246.0,27246.0,31373.0,180.0
CUST_001113,LOAN_00001113,94870,123508,60,Bad,Union Bank,Ibadan,9.623158588468527,13.746241444569913,Contract,,7.0,261585.0,37369.28571428572,68000.0,7865.0,47744.71428571428,77.14285714285714
CUST_001114,LOAN_00001114,35877,43263,30,Good,Fidelity Bank,Port Harcourt,7.028053166357592,13.39480347430707,Contract,HND/BSc,3.0,50827.0,16942.333333333332,33457.0,8551.0,19790.0,100.0
CUST_001115,LOAN_00001115,84172,109775,60,Good,Fidelity Bank,Ibadan,5.9008743272915645,13.685066445349982,Contract,Secondary,2.0,169130.0,84565.0,93244.0,75886.0,106258.5,45.0
CUST_001116,LOAN_00001116,44104,56920,90,Good,Fidelity Bank,Jos,6.8186384563327165,6.240059957580168,Permanent,HND/BSc,6.0,526656.0,87776.0,138651.0,34141.0,107565.0,110.0
CUST_001117,LOAN_00001117,75213,97552,30,Good,Fidelity Bank,Abuja,5.6095696165701945,3.419789859696754,Permanent,Masters,1.0,63628.0,63628.0,63628.0,63628.0,84689.0,180.0
CUST_001118,LOAN_00001118,109156,143317,30,Bad,UBA,Enugu,12.117244970540945,6.132801598743951,Self-Employed,Masters,2.0,85459.0,42729.5,68001.0,17458.0,57674.5,45.0
CUST_001119,LOAN_00001119,33300,41801,60,Good,UBA,Benin City,7.574681976854159,6.344488147448503,Permanent,Secondary,6.0,79540.0,13256.666666666666,28289.0,5000.0,17265.166666666668,80.0
CUST_001120,LOAN_00001120,154543,192849,60,Good,Stanbic IBTC,Jos,6.207513744769306,13.912323920699617,Self-Employed,HND/BSc,1.0,14676.0,14676.0,14676.0,14676.0,19846.0,60.0
CUST_001121,LOAN_00001121,43810,55402,60,Good,Access Bank,Jos,8.035670569143395,10.790912794055648,Permanent,Secondary,4.0,130253.0,32563.25,85544.0,8059.0,42094.25,45.0
CUST_001122,LOAN_00001122,27571,33925,180,Good,First Bank,Jos,6.88482550125846,3.980447515226745,Contract,Masters,2.0,54492.0,27246.0,37356.0,17136.0,35582.0,60.0
CUST_001123,LOAN_00001123,63275,78601,60,Good,First Bank,Kaduna,10.699773284319932,4.624543152133214,Contract,Secondary,5.0,693415.0,138683.0,480775.0,27654.0,169824.4,120.0
CUST_001124,LOAN_00001124,26800,32945,60,Bad,Fidelity Bank,Jos,12.740979206969447,4.868113506503705,Temporary,HND/BSc,0.0,0.0,0.0,0.0,0.0,0.0,0.0
CUST_001125,LOAN_00001125,24485,31990,60,Good,Stanbic IBTC,Enugu,7.942302910278821,10.565060978027075,Permanent,Secondary,3.0,294085.0,98028.33333333333,191645.0,40496.0,120308.66666666667,140.0
CUST_001126,LOAN_00001126,22153,26961,90,Good,Union Bank,Abuja,11.749300599750164,11.824968306084036,Permanent,HND/BSc,5.0,202558.0,40511.6,92830.0,5039.0,54659.6,108.0
CUST_001127,LOAN_00001127,346107,465430,60,Good,Zenith Bank,Abuja,9.092767662036575,13.315726926784754,Contract,PhD,2.0,212630.0,106315.0,194143.0,18487.0,143148.0,135.0
CUST_001128,LOAN_00001128,112036,151216,30,Bad,Access Bank,Jos,5.415120985848102,14.287638609674918,Temporary,Secondary,10.0,420256.0,42025.6,115225.0,11609.0,53214.1,81.0
CUST_001129,LOAN_00001129,90531,112451,180,Bad,Stanbic IBTC,Lagos,10.215604678732074,5.420454688637301,Temporary,Secondary,3.0,212682.0,70894.0,121461.0,44551.0,90263.33333333333,70.0
CUST_001130,LOAN_00001130,92382,108900,60,Bad,Access Bank,Enugu,8.62091047413238,6.717269816688589,Contract,Secondary,5.0,225788.0,45157.6,128909.0,16105.0,53966.0,72.0
CUST_001131,LOAN_00001131,98037,128780,30,Good,Access Bank,Enugu,9.85545870926893,5.883874568937968,Contract,HND/BSc,2.0,71688.0,35844.0,36854.0,34834.0,48429.0,120.0
CUST_001132,LOAN_00001132,155187,201285,90,Good,Access Bank,Kano,12.007186713144984,7.305138809593653,Contract,HND/BSc,5.0,208522.0,41704.4,56181.0,17980.0,54044.0,96.0
CUST_001133,LOAN_00001133,75929,90308,30,Bad,Stanbic IBTC,Calabar,7.963911135904414,13.975981289084991,Contract,HND/BSc,2.0,79739.0,39869.5,49971.0,29768.0,50760.0,75.0
CUST_001134,LOAN_00001134,68824,83550,90,Good,Fidelity Bank,Port Harcourt,12.1105986089562,9.901350803272338,Contract,HND/BSc,2.0,110993.0,55496.5,80069.0,30924.0,71005.5,75.0
CUST_001135,LOAN_00001135,22827,29754,30,Good,First Bank,Port Harcourt,10.756021128534892,11.858302767893989,Self-Employed,Secondary,1.0,10248.0,10248.0,10248.0,10248.0,12514.0,30.0
CUST_001136,LOAN_00001136,33458,42802,180,Bad,First Bank,Lagos,8.397444332901863,8.881430833521383,Self-Employed,Masters,1.0,30180.0,30180.0,30180.0,30180.0,40812.0,30.0
CUST_001137,LOAN_00001137,82549,102400,90,Good,Fidelity Bank,Port Harcourt,9.428999220921671,3.3462949600334944,Contract,Masters,9.0,494998.0,54999.77777777778,127920.0,20536.0,68819.77777777778,100.0
CUST_001138,LOAN_00001138,20546,24275,30,Good,Access Bank,Kano,6.930230192671103,3.770345831973772,Contract,,1.0,21412.0,21412.0,21412.0,21412.0,28391.0,180.0
CUST_001139,LOAN_00001139,116622,150825,30,Good,Zenith Bank,Ibadan,12.852375697648968,9.45507637521463,Contract,PhD,2.0,98193.0,49096.5,83187.0,15006.0,66176.0,30.0
CUST_001140,LOAN_00001140,58222,71936,90,Good,GTBank,Port Harcourt,10.006160467453563,11.625468417840308,Contract,HND/BSc,0.0,0.0,0.0,0.0,0.0,0.0,0.0
CUST_001141,LOAN_00001141,45425,54934,180,Good,Stanbic IBTC,Enugu,4.394621672469669,5.5839663303447775,Contract,HND/BSc,2.0,110906.0,55453.0,93951.0,16955.0,66694.0,60.0
CUST_001142,LOAN_00001142,221236,269988,60,Good,GTBank,Ibadan,6.939597151732079,11.662914887907649,Permanent,Masters,2.0,221338.0,110669.0,120251.0,101087.0,145908.5,60.0
CUST_001143,LOAN_00001143,29477,37518,90,Good,Union Bank,Port Harcourt,9.609829903831518,12.727989281802149,Permanent,Secondary,3.0,92445.0,30815.0,69582.0,9002.0,38256.333333333336,110.0
CUST_001144,LOAN_00001144,63002,73204,30,Bad,Fidelity Bank,Enugu,4.506999500193158,7.942769740345335,Contract,HND/BSc,5.0,242198.0,48439.6,78098.0,24886.0,60760.6,78.0
CUST_001145,LOAN_00001145,44077,56462,30,Good,Zenith Bank,Enugu,4.214957721872285,11.95703079412926,Self-Employed,Secondary,2.0,81085.0,40542.5,67508.0,13577.0,50596.5,45.0
CUST_001146,LOAN_00001146,232185,279344,180,Bad,Stanbic IBTC,Jos,8.050218155750223,7.848359403941519,Permanent,HND/BSc,2.0,57519.0,28759.5,32793.0,24726.0,37758.0,45.0
CUST_001147,LOAN_00001147,32659,41353,30,Good,Fidelity Bank,Abuja,6.99421161723403,11.14020755346024,Contract,HND/BSc,8.0,602312.0,75289.0,166555.0,10265.0,94164.0,82.5
CUST_001148,LOAN_00001148,58783,79328,60,Good,Access Bank,Lagos,7.944687472298493,12.167964591834515,Permanent,Secondary,2.0,183897.0,91948.5,156572.0,27325.0,116403.0,90.0
CUST_001149,LOAN_00001149,38370,44296,60,Good,First Bank,Kano,6.364239788920047,14.90311941969733,Permanent,Secondary,1.0,5000.0,5000.0,5000.0,5000.0,6068.0,30.0
CUST_001150,LOAN_00001150,91199,121336,30,Bad,GTBank,Kaduna,5.482459722486828,7.144759944763154,Temporary,Masters,6.0,520259.0,86709.83333333333,223629.0,5969.0,112623.16666666667,85.0
CUST_001151,LOAN_00001151,116399,148025,180,Bad,UBA,Calabar,10.20229021282304,7.932489366895338,Self-Employed,Secondary,6.0,235105.0,39184.166666666664,71328.0,5126.0,51961.0,80.0
CUST_001152,LOAN_00001152,18911,22943,60,Good,UBA,Port Harcourt,8.631140046410206,4.987440712922056,Permanent,,6.0,342814.0,57135.666666666664,175507.0,9549.0,75976.16666666667,40.0
CUST_001153,LOAN_00001153,43207,57892,180,Good,Zenith Bank,Port Harcourt,5.8013879012443015,5.448876700821683,Self-Employed,Secondary,3.0,225594.0,75198.0,160087.0,27737.0,92134.0,80.0
CUST_001154,LOAN_00001154,72676,92978,30,Good,Access Bank,Ibadan,6.876304836339985,11.320740031180533,Permanent,HND/BSc,2.0,17582.0,8791.0,10721.0,6861.0,11749.0,30.0
CUST_001155,LOAN_00001155,91257,110094,90,Bad,Union Bank,Ibadan,9.326271168969932,14.004547081853712,Temporary,HND/BSc,2.0,43707.0,21853.5,32150.0,11557.0,28251.0,135.0
CUST_001156,LOAN_00001156,45413,60125,30,Good,GTBank,Calabar,4.6500641344523,7.735259419934886,Permanent,Secondary,0.0,0.0,0.0,0.0,0.0,0.0,0.0
CUST_001157,LOAN_00001157,60889,70980,365,Good,Access Bank,Port Harcourt,5.327077083395616,5.158133362026495,Permanent,HND/BSc,0.0,0.0,0.0,0.0,0.0,0.0,0.0
CUST_001158,LOAN_00001158,115747,151925,30,Good,GTBank,Benin City,4.659210436966511,6.421193992595929,Contract,HND/BSc,4.0,426648.0,106662.0,185006.0,41985.0,144680.5,67.5
CUST_001159,LOAN_00001159,128877,149720,365,Bad,Zenith Bank,Kano,11.310855994427069,8.460620457697663,Self-Employed,Masters,3.0,100545.0,33515.0,48436.0,24772.0,42639.0,110.0
CUST_001160,LOAN_00001160,10032,12774,365,Good,Zenith Bank,Port Harcourt,10.771683098908085,6.487803952384421,Permanent,Masters,6.0,213628.0,35604.666666666664,67194.0,13063.0,47595.5,85.0
CUST_001161,LOAN_00001161,54389,66380,60,Good,Union Bank,Abuja,10.779816386913314,5.802948997462395,Self-Employed,Secondary,7.0,328294.0,46899.142857142855,77733.0,16006.0,56363.142857142855,72.85714285714286
CUST_001162,LOAN_00001162,40819,47739,180,Good,UBA,Calabar,10.446928091284253,11.831813865084955,Permanent,Secondary,1.0,42737.0,42737.0,42737.0,42737.0,53626.0,30.0
CUST_001163,LOAN_00001163,70419,88561,30,Bad,Access Bank,Benin City,10.024468813028822,3.0941390548874783,Temporary,HND/BSc,3.0,62857.0,20952.333333333332,32805.0,9035.0,27323.333333333332,150.0
CUST_001164,LOAN_00001164,100057,123333,60,Good,Stanbic IBTC,Kano,8.292927238403575,9.470766328037795,Permanent,Secondary,3.0,84992.0,28330.666666666668,41462.0,16147.0,36403.333333333336,120.0
CUST_001165,LOAN_00001165,32228,40851,90,Bad,UBA,Port Harcourt,9.780503471564035,12.525201684357048,Temporary,HND/BSc,2.0,226098.0,113049.0,187146.0,38952.0,141739.5,60.0
CUST_001166,LOAN_00001166,47413,60849,365,Good,Access Bank,Kaduna,4.345253993091772,6.194739435809618,Contract,,9.0,801174.0,89019.33333333333,278986.0,5000.0,109029.11111111111,113.33333333333333
CUST_001167,LOAN_00001167,66393,79111,60,Good,UBA,Jos,9.59317980391106,10.23949812734421,Contract,HND/BSc,1.0,19044.0,19044.0,19044.0,19044.0,24269.0,60.0
CUST_001168,LOAN_00001168,94534,115889,180,Bad,Stanbic IBTC,Abuja,11.000899349831894,11.026801267423414,Temporary,Masters,1.0,10709.0,10709.0,10709.0,10709.0,12696.0,90.0
CUST_001169,LOAN_00001169,33373,38642,365,Good,First Bank,Kaduna,8.50322524345951,10.86029635686108,Temporary,HND/BSc,1.0,58418.0,58418.0,58418.0,58418.0,74443.0,30.0
CUST_001170,LOAN_00001170,58054,75562,60,Good,First Bank,Ibadan,7.217619955845132,8.350195610384613,Self-Employed,Masters,8.0,368858.0,46107.25,99050.0,5000.0,58216.875,108.75
CUST_001171,LOAN_00001171,23330,30738,90,Good,Union Bank,Ibadan,6.496840613208812,7.15893585450935,Permanent,Secondary,3.0,157746.0,52582.0,96343.0,22939.0,66108.0,60.0
CUST_001172,LOAN_00001172,59604,72512,60,Good,First Bank,Port Harcourt,9.785218451458745,13.031088876333762,Contract,Masters,1.0,7387.0,7387.0,7387.0,7387.0,9776.0,180.0
CUST_001173,LOAN_00001173,63509,73810,180,Good,First Bank,Ibadan,10.235210787669178,12.101351483998371,Contract,Masters,6.0,149163.0,24860.5,44042.0,9500.0,30623.0,110.0
CUST_001174,LOAN_00001174,22642,27069,30,Good,Fidelity Bank,Abuja,11.838708398762884,6.855062080966951,Contract,Secondary,1.0,20957.0,20957.0,20957.0,20957.0,24795.0,30.0
CUST_001175,LOAN_00001175,136396,174616,30,Good,GTBank,Kano,7.081006742148917,4.236230333306473,Contract,HND/BSc,2.0,201389.0,100694.5,147814.0,53575.0,135000.0,135.0
CUST_001176,LOAN_00001176,97799,119502,90,Bad,Fidelity Bank,Enugu,10.92795076647027,3.8616905453456303,Permanent,,1.0,20278.0,20278.0,20278.0,20278.0,25524.0,180.0
CUST_001177,LOAN_00001177,28746,37397,30,Good,Fidelity Bank,Lagos,9.05220241770404,4.131311734787232,Self-Employed,Masters,7.0,444893.0,63556.142857142855,164869.0,19487.0,81548.42857142857,132.85714285714286
CUST_001178,LOAN_00001178,73873,90866,30,Bad,Union Bank,Calabar,11.94552841610271,9.994432334304513,Self-Employed,Secondary,0.0,0.0,0.0,0.0,0.0,0.0,0.0
CUST_001179,LOAN_00001179,73750,85865,60,Bad,Fidelity Bank,Kano,8.750308974660587,3.619946109947876,Permanent,HND/BSc,6.0,442896.0,73816.0,208679.0,8446.0,91672.33333333333,100.0
CUST_001180,LOAN_00001180,14039,16552,60,Good,First Bank,Enugu,8.658668455581704,7.043122499568461,Contract,HND/BSc,2.0,76079.0,38039.5,68266.0,7813.0,52523.0,60.0
CUST_001181,LOAN_00001181,41821,50541,30,Good,Stanbic IBTC,Benin City,9.200893732968185,12.038396422970752,Contract,HND/BSc,1.0,33395.0,33395.0,33395.0,33395.0,42126.0,180.0
CUST_001182,LOAN_00001182,75202,88682,90,Bad,Union Bank,Abuja,10.74383819628191,6.532177998184537,Self-Employed,HND/BSc,1.0,19994.0,19994.0,19994.0,19994.0,24115.0,30.0
CUST_001183,LOAN_00001183,17844,23197,30,Good,Union Bank,Kaduna,12.682214309456148,12.159696926161558,Permanent,Secondary,3.0,148773.0,49591.0,75784.0,31810.0,61754.333333333336,120.0
CUST_001184,LOAN_00001184,39626,53045,30,Good,Zenith Bank,Enugu,4.662070187941891,11.945604458484665,Contract,HND/BSc,3.0,104457.0,34819.0,68631.0,14180.0,48267.0,50.0
CUST_001185,LOAN_00001185,95382,125489,180,Bad,Union Bank,Abuja,4.480911421519155,5.949925591598596,Permanent,Masters,1.0,138615.0,138615.0,138615.0,138615.0,177937.0,30.0
CUST_001186,LOAN_00001186,82667,98754,60,Good,Zenith Bank,Jos,12.437953036666046,11.745866161112946,Contract,Masters,0.0,0.0,0.0,0.0,0.0,0.0,0.0
CUST_001187,LOAN_00001187,20936,26746,90,Good,Union Bank,Kaduna,8.768880629663855,11.973319659265208,Self-Employed,Secondary,2.0,355460.0,177730.0,239029.0,116431.0,223259.0,90.0
CUST_001188,LOAN_00001188,144496,191698,180,Bad,GTBank,Ibadan,9.534127131102425,7.769447108004322,Self-Employed,Masters,4.0,173909.0,43477.25,77649.0,14191.0,55570.5,90.0
CUST_001189,LOAN_00001189,92165,106122,30,Bad,First Bank,Ibadan,8.34181241435256,5.525045804898219,Permanent,Secondary,1.0,10829.0,10829.0,10829.0,10829.0,15075.0,90.0
CUST_001190,LOAN_00001190,96924,111952,30,Good,Union Bank,Kaduna,4.84291707346727,9.255249682702429,Contract,HND/BSc,5.0,377606.0,75521.2,175797.0,26583.0,96514.6,72.0
CUST_001191,LOAN_00001191,375857,450690,90,Bad,First Bank,Benin City,10.912804405768,14.056771056002356,Temporary,PhD,2.0,55109.0,27554.5,30506.0,24603.0,36602.5,30.0
CUST_001192,LOAN_00001192,51079,63286,90,Good,First Bank,Benin City,10.725021805797285,10.675400789184744,Permanent,HND/BSc,7.0,330711.0,47244.42857142857,102889.0,10347.0,60702.0,107.14285714285714
CUST_001193,LOAN_00001193,131402,169002,60,Bad,UBA,Benin City,6.805329893435308,5.075069971527134,Self-Employed,Secondary,0.0,0.0,0.0,0.0,0.0,0.0,0.0
CUST_001194,LOAN_00001194,17855,23347,90,Good,Union Bank,Enugu,6.756153207055604,11.19308309680224,Self-Employed,Secondary,4.0,147466.0,36866.5,73269.0,15530.0,48415.75,120.0
CUST_001195,LOAN_00001195,97434,122550,90,Good,Access Bank,Calabar,11.540572428149666,8.126436327382015,Self-Employed,HND/BSc,1.0,30821.0,30821.0,30821.0,30821.0,36201.0,180.0
CUST_001196,LOAN_00001196,397436,519765,30,Good,UBA,Enugu,4.651215319671939,10.098345568264476,Permanent,Masters,1.0,5000.0,5000.0,5000.0,5000.0,5985.0,30.0
CUST_001197,LOAN_00001197,110499,148674,180,Bad,Access Bank,Port Harcourt,11.929946335209092,11.808768420277294,Permanent,,5.0,169789.0,33957.8,77621.0,8450.0,44406.0,90.0
CUST_001198,LOAN_00001198,44523,57663,60,Bad,First Bank,Lagos,6.309955209063229,9.179368218173336,Temporary,Masters,5.0,194214.0,38842.8,71889.0,6529.0,52125.8,96.0
CUST_001199,LOAN_00001199,16956,22234,60,Good,First Bank,Kaduna,9.336862729799446,12.767807694879703,Permanent,Masters,7.0,328580.0,46940.0,163184.0,11372.0,58548.857142857145,81.42857142857143
CUST_001200,LOAN_00001200,41520,51842,180,Good,UBA,Kano,12.423947611016,11.665866951799533,Permanent,Masters,2.0,80064.0,40032.0,53008.0,27056.0,54099.0,45.0
CUST_001201,LOAN_00001201,83503,103109,60,Bad,UBA,Lagos,10.103102513829818,10.380880080222129,Contract,Masters,4.0,209577.0,52394.25,97102.0,13465.0,64101.75,75.0
CUST_001202,LOAN_00001202,12432,16243,365,Bad,Access Bank,Jos,7.72986831220333,4.809513789988218,Permanent,Secondary,1.0,15720.0,15720.0,15720.0,15720.0,18618.0,90.0
CUST_001203,LOAN_00001203,71447,92517,60,Bad,Zenith Bank,Enugu,10.205807880148736,13.03138933093882,Self-Employed,PhD,5.0,246504.0,49300.8,120769.0,10306.0,61988.4,108.0
CUST_001204,LOAN_00001204,40064,49297,60,Good,Access Bank,Enugu,7.095816726847332,14.230867023837792,Contract,HND/BSc,2.0,165806.0,82903.0,152131.0,13675.0,108654.0,135.0
CUST_001205,LOAN_00001205,30698,38344,180,Good,UBA,Abuja,6.495325747142675,4.643581485711538,Self-Employed,PhD,6.0,452430.0,75405.0,177398.0,14837.0,95698.66666666667,80.0
CUST_001206,LOAN_00001206,77728,91647,90,Bad,Stanbic IBTC,Lagos,12.970149501412116,8.858893553201167,Self-Employed,Secondary,1.0,114969.0,114969.0,114969.0,114969.0,151167.0,60.0
CUST_001207,LOAN_00001207,37988,44656,60,Good,UBA,Abuja,10.75711208061809,6.106664903646054,Permanent,Masters,7.0,353191.0,50455.857142857145,149629.0,5000.0,65612.71428571429,90.0
CUST_001208,LOAN_00001208,37233,49017,90,Good,Stanbic IBTC,Kano,9.80247979643636,12.054279689106774,Permanent,Masters,1.0,46182.0,46182.0,46182.0,46182.0,59942.0,90.0
CUST_001209,LOAN_00001209,39376,48527,365,Bad,GTBank,Abuja,7.197606788973869,11.6595556320564,Self-Employed,,1.0,41926.0,41926.0,41926.0,41926.0,55940.0,180.0
CUST_001210,LOAN_00001210,25476,30877,90,Good,UBA,Lagos,4.4424474623954335,4.690621446844784,Contract,Masters,3.0,131352.0,43784.0,110308.0,5000.0,57037.666666666664,100.0
CUST_001211,LOAN_00001211,77225,89738,90,Bad,GTBank,Kaduna,4.279511884316401,13.524327255139646,Temporary,HND/BSc,3.0,143124.0,47708.0,91764.0,11082.0,62008.333333333336,80.0
CUST_001212,LOAN_00001212,14158,17817,30,Good,Zenith Bank,Jos,8.98763129903919,5.171676767736027,Self-Employed,HND/BSc,4.0,144831.0,36207.75,70554.0,8886.0,48754.25,82.5
CUST_001213,LOAN_00001213,69163,84640,90,Bad,Access Bank,Enugu,10.85829448935146,12.56710830777729,Permanent,HND/BSc,0.0,0.0,0.0,0.0,0.0,0.0,0.0
CUST_001214,LOAN_00001214,96080,117155,60,Bad,Stanbic IBTC,Kano,8.836412713994696,8.483764315536058,Self-Employed,Secondary,2.0,119104.0,59552.0,60555.0,58549.0,75287.0,135.0
CUST_001215,LOAN_00001215,131811,169738,90,Bad,Access Bank,Enugu,11.567065647452033,6.939267522697815,Permanent,Secondary,2.0,68768.0,34384.0,56046.0,12722.0,43591.5,105.0
CUST_001216,LOAN_00001216,84150,106663,90,Bad,GTBank,Port Harcourt,4.300838797838995,4.898871152090562,Permanent,Secondary,1.0,36478.0,36478.0,36478.0,36478.0,42825.0,30.0
CUST_001217,LOAN_00001217,161776,192842,365,Bad,Stanbic IBTC,Jos,7.300768687833461,5.011371073759553,Self-Employed,HND/BSc,1.0,20146.0,20146.0,20146.0,20146.0,27707.0,90.0
CUST_001218,LOAN_00001218,22050,25429,60,Good,Access Bank,Calabar,6.133633520567603,10.942686656410803,Self-Employed,PhD,0.0,0.0,0.0,0.0,0.0,0.0,0.0
CUST_001219,LOAN_00001219,46039,55001,60,Good,UBA,Abuja,8.025456713414098,9.605164655365446,Contract,PhD,6.0,401611.0,66935.16666666667,272522.0,16382.0,80237.0,90.0
CUST_001220,LOAN_00001220,31620,41631,90,Good,First Bank,Ibadan,4.651387538747103,4.465025059814792,Permanent,Secondary,3.0,46843.0,15614.333333333334,27412.0,5000.0,19261.666666666668,100.0
CUST_001221,LOAN_00001221,13799,15998,60,Good,GTBank,Lagos,12.587184774139653,4.352374325259902,Permanent,Secondary,9.0,463290.0,51476.666666666664,131939.0,6730.0,64445.22222222222,90.0
CUST_001222,LOAN_00001222,87845,111092,90,Good,Access Bank,Enugu,6.009298609624248,3.8677268972734975,Permanent,Secondary,5.0,227444.0,45488.8,100987.0,23122.0,57426.4,78.0
CUST_001223,LOAN_00001223,112932,147360,30,Bad,GTBank,Abuja,12.300769979352262,11.925208168482529,Permanent,Secondary,0.0,0.0,0.0,0.0,0.0,0.0,0.0
CUST_001224,LOAN_00001224,57324,71258,90,Good,Fidelity Bank,Kano,7.833038395330136,11.54258502275147,Permanent,Secondary,2.0,93778.0,46889.0,77748.0,16030.0,59969.0,60.0
CUST_001225,LOAN_00001225,151804,198309,90,Good,GTBank,Enugu,12.869717199296964,3.701171890254902,Contract,HND/BSc,3.0,41630.0,13876.666666666666,16313.0,11050.0,18664.333333333332,150.0
CUST_001226,LOAN_00001226,50295,62767,180,Good,Stanbic IBTC,Calabar,8.986525451141897,9.723240907163676,Temporary,HND/BSc,7.0,512350.0,73192.85714285714,161972.0,31160.0,97371.57142857143,102.85714285714286
CUST_001227,LOAN_00001227,42747,53303,180,Good,Fidelity Bank,Jos,12.377495777582268,4.016113862912279,Permanent,HND/BSc,3.0,72039.0,24013.0,29793.0,20979.0,30746.333333333332,70.0
CUST_001228,LOAN_00001228,92359,122443,90,Good,Union Bank,Jos,4.048140898248006,13.8449492473073,Permanent,HND/BSc,10.0,271271.0,27127.1,51059.0,7964.0,34551.8,87.0
CUST_001229,LOAN_00001229,79273,102324,60,Good,Stanbic IBTC,Enugu,10.7341492556281,13.88540903016159,Self-Employed,HND/BSc,4.0,284022.0,71005.5,186257.0,9849.0,94463.25,120.0
CUST_001230,LOAN_00001230,127610,156956,365,Bad,First Bank,Kano,12.12745587792264,11.37879587775756,Self-Employed,Masters,2.0,65128.0,32564.0,38080.0,27048.0,43936.5,135.0
CUST_001231,LOAN_00001231,34711,40640,365,Good,Fidelity Bank,Jos,5.257485102810587,14.1142670572734,Temporary,Masters,2.0,108832.0,54416.0,74182.0,34650.0,63640.5,45.0
CUST_001232,LOAN_00001232,18568,23485,90,Good,Union Bank,Jos,4.865132665589363,12.737436364964289,Permanent,HND/BSc,4.0,1230713.0,307678.25,864572.0,25830.0,423530.0,67.5
CUST_001233,LOAN_00001233,28948,35297,30,Good,UBA,Calabar,7.8211534646736,12.942462911124592,Permanent,Secondary,4.0,300436.0,75109.0,116839.0,49825.0,97427.25,97.5
CUST_001234,LOAN_00001234,26335,34431,180,Good,GTBank,Lagos,12.403110155196416,9.836494206839198,Contract,Secondary,0.0,0.0,0.0,0.0,0.0,0.0,0.0
CUST_001235,LOAN_00001235,79915,106231,60,Good,Access Bank,Kano,8.881479041713948,6.672710378594111,Contract,Secondary,3.0,389481.0,129827.0,234277.0,22793.0,170145.33333333334,40.0
CUST_001236,LOAN_00001236,109220,143131,90,Good,Zenith Bank,Kano,8.74710817349559,5.613589381397059,Contract,HND/BSc,6.0,323404.0,53900.666666666664,127629.0,8373.0,72495.33333333333,105.0
CUST_001237,LOAN_00001237,133312,179132,180,Bad,GTBank,Kaduna,5.270135064693896,6.92640026446715,Contract,Secondary,5.0,249412.0,49882.4,142210.0,9939.0,61693.6,48.0
CUST_001238,LOAN_00001238,31279,42113,60,Good,Union Bank,Kaduna,4.007105599838969,10.541945161068744,Permanent,HND/BSc,3.0,207997.0,69332.33333333333,98197.0,26945.0,89671.0,100.0
CUST_001239,LOAN_00001239,43991,52519,180,Bad,GTBank,Jos,11.291260816709151,5.071878429988788,Contract,Secondary,3.0,66627.0,22209.0,30281.0,14346.0,27212.333333333332,70.0
CUST_001240,LOAN_00001240,34099,41725,90,Good,First Bank,Ibadan,4.788171066876144,6.10368283964786,Self-Employed,Masters,5.0,324991.0,64998.2,198435.0,20640.0,78817.6,126.0
CUST_001241,LOAN_00001241,81532,109554,180,Bad,UBA,Kaduna,9.704648368617915,8.616730353545574,Contract,Secondary,4.0,180563.0,45140.75,89336.0,9065.0,55334.0,97.5
CUST_001242,LOAN_00001242,70157,92749,90,Good,Zenith Bank,Jos,12.231548090636725,5.796601182295387,Self-Employed,HND/BSc,0.0,0.0,0.0,0.0,0.0,0.0,0.0
CUST_001243,LOAN_00001243,78679,93510,180,Bad,Fidelity Bank,Benin City,5.877867218425879,10.06372403659274,Contract,Secondary,1.0,63491.0,63491.0,63491.0,63491.0,82519.0,30.0
CUST_001244,LOAN_00001244,31379,39727,90,Good,Fidelity Bank,Port Harcourt,9.987455526132198,14.078112341475958,Permanent,Secondary,1.0,47201.0,47201.0,47201.0,47201.0,54612.0,90.0
CUST_001245,LOAN_00001245,26040,31201,60,Good,Fidelity Bank,Port Harcourt,4.708287190367585,11.977072388437517,Permanent,Masters,3.0,36825.0,12275.0,26733.0,5000.0,16376.333333333334,140.0
CUST_001246,LOAN_00001246,48901,61708,90,Good,Union Bank,Kano,9.433796294538515,10.997119369786956,Contract,HND/BSc,1.0,36112.0,36112.0,36112.0,36112.0,45468.0,30.0
CUST_001247,LOAN_00001247,25315,30088,60,Good,Stanbic IBTC,Ibadan,5.475385488578825,9.992657711805345,Permanent,Secondary,2.0,230950.0,115475.0,211674.0,19276.0,146626.0,105.0
CUST_001248,LOAN_00001248,210945,281946,60,Bad,Stanbic IBTC,Calabar,10.623582044636604,8.855374911084779,Self-Employed,HND/BSc,1.0,19425.0,19425.0,19425.0,19425.0,26374.0,180.0
CUST_001249,LOAN_00001249,86955,104756,365,Bad,Access Bank,Lagos,6.711081653145174,5.2387663156159165,Self-Employed,HND/BSc,1.0,136600.0,136600.0,136600.0,136600.0,168053.0,60.0
CUST_001250,LOAN_00001250,22397,26649,60,Good,Zenith Bank,Kaduna,8.170519079241817,13.736525465122387,Permanent,HND/BSc,4.0,172915.0,43228.75,122442.0,11220.0,57027.5,67.5
CUST_001251,LOAN_00001251,146679,190275,90,Good,Fidelity Bank,Benin City,9.394874878248595,5.982432024154036,Permanent,HND/BSc,3.0,153810.0,51270.0,132039.0,10366.0,60204.0,130.0
CUST_001252,LOAN_00001252,48849,56630,30,Good,Stanbic IBTC,Jos,5.541460695996156,4.095706530937929,Temporary,Masters,3.0,71280.0,23760.0,32075.0,19243.0,30306.0,90.0
CUST_001253,LOAN_00001253,63605,76654,60,Good,Union Bank,Ibadan,10.674740367558588,12.000182150744342,Permanent,Secondary,2.0,75822.0,37911.0,43357.0,32465.0,47830.5,105.0
CUST_001254,LOAN_00001254,132635,161413,90,Good,Access Bank,Kano,6.723763065731331,5.107386411973996,Permanent,HND/BSc,4.0,169074.0,42268.5,89073.0,15265.0,53179.5,90.0
CUST_001255,LOAN_00001255,84503,99485,60,Good,UBA,Kaduna,9.961346739214784,7.462751994494113,Permanent,HND/BSc,5.0,254631.0,50926.2,84007.0,17845.0,65244.0,84.0
CUST_001256,LOAN_00001256,40182,53062,30,Good,Access Bank,Ibadan,5.424547456294363,3.3394191394917567,Self-Employed,Masters,4.0,235225.0,58806.25,93994.0,15854.0,72116.75,97.5
CUST_001257,LOAN_00001257,84544,107576,60,Good,Stanbic IBTC,Kaduna,10.193058932857152,4.644815310485377,Permanent,PhD,0.0,0.0,0.0,0.0,0.0,0.0,0.0
CUST_001258,LOAN_00001258,17523,22658,90,Good,First Bank,Lagos,5.153692655294156,5.078443569118945,Contract,Masters,3.0,284420.0,94806.66666666667,159117.0,44777.0,125861.33333333333,100.0
CUST_001259,LOAN_00001259,20442,27271,90,Good,Union Bank,Lagos,7.828208466429853,3.652921533002136,Contract,Masters,1.0,37835.0,37835.0,37835.0,37835.0,51393.0,180.0
CUST_001260,LOAN_00001260,94890,118649,365,Bad,First Bank,Calabar,6.224854663649891,10.879883479474142,Permanent,,1.0,47652.0,47652.0,47652.0,47652.0,60009.0,180.0
CUST_001261,LOAN_00001261,56050,71088,180,Good,Fidelity Bank,Port Harcourt,10.735377244853645,13.044093549637406,Permanent,HND/BSc,2.0,77508.0,38754.0,57382.0,20126.0,50658.5,45.0
CUST_001262,LOAN_00001262,27713,32238,30,Good,First Bank,Abuja,6.358315040561871,7.4797848763912915,Self-Employed,Masters,10.0,486456.0,48645.6,73136.0,17213.0,63193.9,57.0
CUST_001263,LOAN_00001263,64848,83190,60,Bad,Fidelity Bank,Abuja,11.935455757558566,13.494917720618409,Contract,,1.0,19758.0,19758.0,19758.0,19758.0,23820.0,180.0
CUST_001264,LOAN_00001264,85014,99548,60,Good,Fidelity Bank,Kaduna,12.026381902659516,5.560158894721518,Permanent,Secondary,0.0,0.0,0.0,0.0,0.0,0.0,0.0
CUST_001265,LOAN_00001265,26347,30780,30,Good,Stanbic IBTC,Calabar,5.7679718370050725,6.904685082734874,Permanent,HND/BSc,7.0,329068.0,47009.71428571428,89615.0,13098.0,60896.857142857145,90.0
CUST_001266,LOAN_00001266,131392,152840,180,Bad,First Bank,Abuja,9.524613505069516,4.808843916374021,Contract,Masters,1.0,27644.0,27644.0,27644.0,27644.0,35664.0,180.0
CUST_001267,LOAN_00001267,145945,175911,90,Bad,Fidelity Bank,Kano,4.789458775479679,10.446710345027984,Self-Employed,PhD,7.0,298977.0,42711.0,67135.0,5000.0,53518.142857142855,94.28571428571429
CUST_001268,LOAN_00001268,93708,114746,90,Good,Zenith Bank,Abuja,7.523833896414663,8.038435090443683,Permanent,Masters,0.0,0.0,0.0,0.0,0.0,0.0,0.0
CUST_001269,LOAN_00001269,23439,28819,180,Good,UBA,Enugu,10.41989556551145,10.359400162102784,Contract,Masters,5.0,102869.0,20573.8,62728.0,5000.0,25778.2,78.0
CUST_001270,LOAN_00001270,70183,82396,90,Good,Access Bank,Jos,9.934809221649246,12.140098864730202,Permanent,PhD,6.0,273774.0,45629.0,108382.0,7742.0,57596.333333333336,70.0
CUST_001271,LOAN_00001271,134124,166495,30,Good,Access Bank,Calabar,9.622306024659473,9.548436192395382,Permanent,HND/BSc,4.0,363798.0,90949.5,176708.0,41149.0,109914.75,37.5
CUST_001272,LOAN_00001272,35113,42867,90,Good,Stanbic IBTC,Kano,6.542867772961992,10.531564258821454,Permanent,Secondary,4.0,299495.0,74873.75,239778.0,12301.0,99887.25,90.0
CUST_001273,LOAN_00001273,31937,42157,60,Good,First Bank,Ibadan,7.402224544909618,14.223003772731996,Self-Employed,Secondary,3.0,227334.0,75778.0,201396.0,7904.0,96265.66666666667,140.0
CUST_001274,LOAN_00001274,26007,31442,60,Good,First Bank,Kano,4.926515302302576,6.588771715306118,Contract,HND/BSc,7.0,236076.0,33725.142857142855,59866.0,10860.0,43512.28571428572,85.71428571428571
CUST_001275,LOAN_00001275,29692,34368,60,Good,Fidelity Bank,Port Harcourt,10.471205383902408,7.309967263607437,Self-Employed,HND/BSc,3.0,108278.0,36092.666666666664,52707.0,9433.0,45351.666666666664,60.0
CUST_001276,LOAN_00001276,37167,42796,60,Good,Union Bank,Ibadan,8.534999171121463,11.612440340512045,Self-Employed,HND/BSc,3.0,118660.0,39553.333333333336,60123.0,28336.0,50843.333333333336,50.0
CUST_001277,LOAN_00001277,93963,120760,365,Bad,GTBank,Benin City,10.378890691110891,10.33566620466464,Self-Employed,HND/BSc,5.0,248424.0,49684.8,87507.0,34108.0,61825.8,84.0
CUST_001278,LOAN_00001278,139982,165300,60,Good,Fidelity Bank,Jos,6.240491723171855,5.142394854476578,Permanent,PhD,0.0,0.0,0.0,0.0,0.0,0.0,0.0
CUST_001279,LOAN_00001279,20564,25029,365,Good,UBA,Jos,6.919944057715596,7.513767720125882,Permanent,HND/BSc,2.0,33391.0,16695.5,16738.0,16653.0,20376.0,60.0
CUST_001280,LOAN_00001280,92206,113739,60,Bad,Zenith Bank,Jos,7.007938035341032,8.614056157496579,Temporary,Masters,3.0,264695.0,88231.66666666667,218770.0,15119.0,105842.33333333333,60.0
CUST_001281,LOAN_00001281,104468,136321,90,Bad,Access Bank,Jos,4.2316816877249455,8.032678055620671,Self-Employed,PhD,5.0,93515.0,18703.0,20549.0,15193.0,23947.0,66.0
CUST_001282,LOAN_00001282,102948,133347,90,Bad,Fidelity Bank,Kaduna,7.069430855475612,5.139297699864489,Self-Employed,HND/BSc,3.0,126482.0,42160.666666666664,100993.0,11033.0,50380.333333333336,100.0
CUST_001283,LOAN_00001283,139527,175707,365,Good,GTBank,Jos,11.229741161662302,14.093161101411148,Permanent,HND/BSc,3.0,72788.0,24262.666666666668,44991.0,13853.0,31587.666666666668,110.0
CUST_001284,LOAN_00001284,22817,26714,30,Good,GTBank,Jos,12.075686461747647,12.14782514032771,Permanent,Masters,3.0,193367.0,64455.666666666664,118218.0,33729.0,76723.33333333333,90.0
CUST_001285,LOAN_00001285,25830,31508,30,Good,Fidelity Bank,Jos,8.663964840723347,8.776269985294228,Self-Employed,Masters,7.0,518585.0,74083.57142857143,129920.0,41693.0,96940.57142857143,120.0
CUST_001286,LOAN_00001286,132459,174545,30,Good,Stanbic IBTC,Calabar,8.099515256972982,11.160732339682038,Permanent,HND/BSc,1.0,67119.0,67119.0,67119.0,67119.0,86584.0,180.0
CUST_001287,LOAN_00001287,135433,160731,90,Good,Access Bank,Kaduna,4.277421568294332,13.76739206562626,Contract,Secondary,2.0,124409.0,62204.5,95371.0,29038.0,73267.0,30.0
CUST_001288,LOAN_00001288,15417,19332,30,Good,Stanbic IBTC,Lagos,11.912839038268444,4.634089708338855,Contract,Secondary,3.0,247235.0,82411.66666666667,106224.0,70326.0,108143.0,60.0
CUST_001289,LOAN_00001289,30015,36929,365,Good,Zenith Bank,Kano,4.117091920832855,6.004476608483732,Permanent,Secondary,4.0,101491.0,25372.75,68475.0,7404.0,33760.25,120.0
CUST_001290,LOAN_00001290,118860,159639,365,Bad,GTBank,Kano,12.502750721891909,9.51241496707974,Permanent,Secondary,5.0,322617.0,64523.4,164514.0,11642.0,80844.4,102.0
CUST_001291,LOAN_00001291,59170,73992,180,Good,GTBank,Ibadan,8.402946238192815,12.588124456228304,Permanent,Secondary,1.0,58489.0,58489.0,58489.0,58489.0,77773.0,180.0
CUST_001292,LOAN_00001292,115340,153102,90,Good,UBA,Calabar,7.077410442172539,3.435058745298329,Permanent,HND/BSc,1.0,40046.0,40046.0,40046.0,40046.0,47615.0,180.0
CUST_001293,LOAN_00001293,64827,81220,60,Good,Zenith Bank,Enugu,12.31796591358394,14.808217802356326,Contract,,3.0,215102.0,71700.66666666667,155230.0,23535.0,91225.0,70.0
CUST_001294,LOAN_00001294,100875,128380,60,Good,GTBank,Kano,4.219518937990871,8.458879234588766,Permanent,HND/BSc,3.0,122610.0,40870.0,48216.0,28875.0,51258.0,110.0
CUST_001295,LOAN_00001295,24616,32265,60,Good,Zenith Bank,Abuja,9.232824053821783,7.310773687460676,Permanent,PhD,2.0,20793.0,10396.5,13134.0,7659.0,13547.0,30.0
CUST_001296,LOAN_00001296,33002,42345,60,Good,Access Bank,Enugu,8.940392720494039,6.512693254077263,Self-Employed,Masters,10.0,575676.0,57567.6,210473.0,8780.0,75912.7,99.0
CUST_001297,LOAN_00001297,35393,45922,365,Good,First Bank,Jos,5.973883610902439,5.09228049181046,Contract,Masters,4.0,214330.0,53582.5,94141.0,10675.0,71243.75,52.5
CUST_001298,LOAN_00001298,80383,98619,30,Good,GTBank,Jos,7.859986882151896,12.498886907160337,Permanent,HND/BSc,0.0,0.0,0.0,0.0,0.0,0.0,0.0
CUST_001299,LOAN_00001299,101255,121830,30,Bad,UBA,Kaduna,9.870376053493931,14.464969976953158,Self-Employed,HND/BSc,2.0,108752.0,54376.0,86790.0,21962.0,67888.0,120.0
CUST_001300,LOAN_00001300,73107,86930,180,Bad,Access Bank,Enugu,10.544180771937349,7.963737058144778,Temporary,Masters,7.0,298099.0,42585.57142857143,136606.0,5244.0,56041.57142857143,81.42857142857143
CUST_001301,LOAN_00001301,42912,51990,180,Good,Fidelity Bank,Abuja,4.0064517283592185,14.429048337041475,Permanent,PhD,4.0,269109.0,67277.25,133025.0,16416.0,83327.25,112.5
CUST_001302,LOAN_00001302,60835,80018,180,Good,Zenith Bank,Kaduna,12.431680870819138,12.885571385220407,Contract,HND/BSc,2.0,176946.0,88473.0,144259.0,32687.0,119854.0,30.0
CUST_001303,LOAN_00001303,50596,64842,60,Good,Fidelity Bank,Ibadan,5.480728351535312,8.77261352971582,Contract,Secondary,1.0,105792.0,105792.0,105792.0,105792.0,132401.0,180.0
CUST_001304,LOAN_00001304,62105,81169,180,Good,Stanbic IBTC,Enugu,6.102223908001233,11.088314149513591,Permanent,Masters,1.0,17681.0,17681.0,17681.0,17681.0,24083.0,90.0
CUST_001305,LOAN_00001305,80276,102942,60,Bad,Access Bank,Calabar,6.371261011244634,8.219810150045555,Self-Employed,Secondary,1.0,44611.0,44611.0,44611.0,44611.0,61832.0,180.0
CUST_001306,LOAN_00001306,71681,85880,180,Bad,Fidelity Bank,Jos,4.340381228968318,9.70468089855063,Temporary,Secondary,3.0,327073.0,109024.33333333333,128496.0,75852.0,145735.0,70.0
CUST_001307,LOAN_00001307,55613,66021,90,Good,Union Bank,Jos,5.107469112312924,3.6965560442220458,Temporary,Masters,1.0,42744.0,42744.0,42744.0,42744.0,53807.0,180.0
CUST_001308,LOAN_00001308,21045,27195,90,Good,Union Bank,Port Harcourt,12.877149306497458,11.355161703606395,Permanent,HND/BSc,4.0,62622.0,15655.5,21050.0,12183.0,19997.25,142.5
CUST_001309,LOAN_00001309,29076,35385,60,Good,GTBank,Kaduna,6.836950636395574,3.633895733809641,Permanent,HND/BSc,6.0,202765.0,33794.166666666664,61285.0,13143.0,44752.833333333336,80.0
CUST_001310,LOAN_00001310,46527,61346,30,Good,Zenith Bank,Lagos,5.037709813051444,12.805019363035791,Temporary,PhD,2.0,98152.0,49076.0,61183.0,36969.0,61336.0,135.0
CUST_001311,LOAN_00001311,17853,21032,90,Good,First Bank,Lagos,4.96292135057161,12.89936315352669,Contract,HND/BSc,2.0,20176.0,10088.0,13245.0,6931.0,12738.0,105.0
CUST_001312,LOAN_00001312,135571,164768,60,Good,Access Bank,Kaduna,10.475139709029747,5.844927450674575,Permanent,HND/BSc,1.0,63649.0,63649.0,63649.0,63649.0,75732.0,60.0
CUST_001313,LOAN_00001313,73533,86004,180,Bad,GTBank,Calabar,11.691117976293768,6.883953372429604,Self-Employed,Secondary,1.0,31735.0,31735.0,31735.0,31735.0,40268.0,60.0
CUST_001314,LOAN_00001314,250093,317109,90,Good,UBA,Benin City,6.312570695576229,8.77572454269952,Permanent,HND/BSc,3.0,156394.0,52131.333333333336,138491.0,5000.0,69947.33333333333,130.0
CUST_001315,LOAN_00001315,125185,149754,180,Good,Stanbic IBTC,Kaduna,4.188185611017115,10.159954883189778,Permanent,Masters,2.0,167436.0,83718.0,107754.0,59682.0,104245.0,120.0
CUST_001316,LOAN_00001316,76434,88740,60,Good,Zenith Bank,Calabar,6.007810166008202,6.448243940903961,Self-Employed,HND/BSc,2.0,90199.0,45099.5,60741.0,29458.0,53556.0,75.0
CUST_001317,LOAN_00001317,102245,120223,30,Bad,Access Bank,Ibadan,4.508641217170816,10.1098368555831,Permanent,Secondary,0.0,0.0,0.0,0.0,0.0,0.0,0.0
CUST_001318,LOAN_00001318,169298,198612,90,Good,Union Bank,Jos,4.930554429670374,6.5734448787515865,Permanent,Secondary,1.0,35271.0,35271.0,35271.0,35271.0,42040.0,90.0
CUST_001319,LOAN_00001319,42477,56864,60,Good,Access Bank,Abuja,7.883573078628782,3.665888652852728,Permanent,HND/BSc,2.0,81071.0,40535.5,41117.0,39954.0,55572.0,90.0
CUST_001320,LOAN_00001320,75804,101953,90,Good,First Bank,Benin City,6.069265337754693,3.0303305979829074,Contract,HND/BSc,3.0,152475.0,50825.0,64810.0,31760.0,65307.666666666664,90.0
CUST_001321,LOAN_00001321,57525,69138,30,Good,Union Bank,Enugu,8.64351290672881,4.213812695021144,Permanent,HND/BSc,2.0,95991.0,47995.5,57444.0,38547.0,58730.5,60.0
CUST_001322,LOAN_00001322,68909,80607,30,Good,First Bank,Benin City,6.2814437793147135,12.507008401968218,Contract,HND/BSc,6.0,397688.0,66281.33333333333,159711.0,13465.0,86533.0,60.0
CUST_001323,LOAN_00001323,72228,92354,90,Bad,UBA,Abuja,12.464835709926527,14.537175748600044,Contract,Secondary,2.0,82118.0,41059.0,53874.0,28244.0,53332.5,75.0
CUST_001324,LOAN_00001324,77104,89807,90,Bad,Stanbic IBTC,Port Harcourt,12.15349571133638,8.123594391374631,Self-Employed,HND/BSc,0.0,0.0,0.0,0.0,0.0,0.0,0.0
CUST_001325,LOAN_00001325,126927,165876,90,Good,UBA,Jos,9.101254945094194,9.152207441399312,Permanent,PhD,2.0,31865.0,15932.5,16157.0,15708.0,19523.0,105.0
CUST_001326,LOAN_00001326,243348,292609,365,Bad,GTBank,Lagos,7.189815927886476,4.762178028881113,Self-Employed,Secondary,1.0,180244.0,180244.0,180244.0,180244.0,232528.0,180.0
CUST_001327,LOAN_00001327,47523,62072,60,Good,GTBank,Calabar,7.43032193831262,9.612376232161884,Permanent,HND/BSc,2.0,1094213.0,547106.5,1032536.0,61677.0,676206.0,60.0
CUST_001328,LOAN_00001328,28388,36433,90,Good,UBA,Kaduna,7.706670548300472,4.7358588240837225,Self-Employed,HND/BSc,6.0,368269.0,61378.166666666664,172315.0,5000.0,75614.66666666667,70.0
CUST_001329,LOAN_00001329,42477,52907,90,Good,Stanbic IBTC,Kaduna,10.548213899214495,10.33457197438596,Contract,Masters,2.0,283433.0,141716.5,276791.0,6642.0,197078.0,45.0
CUST_001330,LOAN_00001330,123917,144222,30,Good,UBA,Lagos,8.064750959669542,14.199104010970244,Permanent,Secondary,2.0,91462.0,45731.0,79392.0,12070.0,59544.5,45.0
CUST_001331,LOAN_00001331,55831,70793,180,Bad,Stanbic IBTC,Benin City,11.710569518553076,5.348382471636475,Self-Employed,PhD,1.0,21014.0,21014.0,21014.0,21014.0,24901.0,90.0
CUST_001332,LOAN_00001332,20221,23359,180,Good,Stanbic IBTC,Jos,12.49685307337328,12.174764616685223,Permanent,HND/BSc,2.0,57002.0,28501.0,30610.0,26392.0,37191.5,120.0
CUST_001333,LOAN_00001333,86941,114092,60,Good,Fidelity Bank,Kano,7.023515380410405,3.2820290738198885,Permanent,Masters,2.0,102570.0,51285.0,70155.0,32415.0,63520.0,75.0
CUST_001334,LOAN_00001334,45682,59264,60,Good,Union Bank,Calabar,9.04625033238112,7.505966895859451,Permanent,Secondary,1.0,54748.0,54748.0,54748.0,54748.0,66407.0,60.0
CUST_001335,LOAN_00001335,42336,53310,90,Good,Zenith Bank,Ibadan,4.85550883149308,4.328982093966109,Self-Employed,Masters,1.0,27569.0,27569.0,27569.0,27569.0,36623.0,30.0
CUST_001336,LOAN_00001336,50284,64330,30,Good,Stanbic IBTC,Abuja,5.804221429897231,7.229705299148393,Permanent,Masters,2.0,67702.0,33851.0,49138.0,18564.0,39946.0,60.0
CUST_001337,LOAN_00001337,31094,36730,90,Good,First Bank,Benin City,7.721191900391441,5.082443035666602,Permanent,HND/BSc,5.0,476168.0,95233.6,176862.0,21322.0,116560.8,90.0
CUST_001338,LOAN_00001338,47968,61234,60,Good,Stanbic IBTC,Enugu,5.85582444311601,7.4796598814746496,Permanent,HND/BSc,7.0,293461.0,41923.0,65835.0,16273.0,54923.71428571428,85.71428571428571
CUST_001339,LOAN_00001339,99989,121417,60,Good,Stanbic IBTC,Port Harcourt,11.889044417098455,8.010273673290364,Contract,HND/BSc,5.0,252098.0,50419.6,96364.0,11150.0,65773.0,102.0
CUST_001340,LOAN_00001340,298997,377650,180,Good,Stanbic IBTC,Kaduna,5.424576304531882,6.6070934733710205,Contract,Secondary,1.0,52643.0,52643.0,52643.0,52643.0,68104.0,180.0
CUST_001341,LOAN_00001341,231637,304760,60,Good,Fidelity Bank,Benin City,8.100947393977828,10.87946339367755,Permanent,Masters,2.0,96197.0,48098.5,87722.0,8475.0,63739.0,105.0
CUST_001342,LOAN_00001342,16783,22251,60,Good,Union Bank,Port Harcourt,9.451293164138882,14.026224615106916,Permanent,Secondary,4.0,143030.0,35757.5,57121.0,20331.0,43218.25,120.0
CUST_001343,LOAN_00001343,59834,75913,60,Good,Fidelity Bank,Abuja,10.2267751734476,7.807144489263268,Contract,Secondary,8.0,1080581.0,135072.625,831283.0,16085.0,172616.25,67.5
CUST_001344,LOAN_00001344,119450,150486,90,Bad,GTBank,Kaduna,7.447624327538561,5.308117877700257,Self-Employed,HND/BSc,7.0,173193.0,24741.85714285714,66164.0,7552.0,32254.428571428572,77.14285714285714
CUST_001345,LOAN_00001345,129655,159344,90,Bad,Fidelity Bank,Kaduna,11.821891618522557,6.2486730983518,Self-Employed,Secondary,10.0,494298.0,49429.8,88454.0,9035.0,61137.1,57.0
CUST_001346,LOAN_00001346,44667,55660,60,Good,First Bank,Kano,9.11487235970133,13.248009881956428,Self-Employed,,1.0,64659.0,64659.0,64659.0,64659.0,78938.0,60.0
CUST_001347,LOAN_00001347,38085,44207,60,Good,First Bank,Benin City,7.955570024027966,9.859676679241774,Permanent,Masters,6.0,302506.0,50417.666666666664,100483.0,26024.0,64665.666666666664,70.0
CUST_001348,LOAN_00001348,188179,223139,60,Bad,Fidelity Bank,Jos,4.60516570646833,8.460132387683487,Temporary,HND/BSc,4.0,536253.0,134063.25,178944.0,85716.0,167595.5,97.5
CUST_001349,LOAN_00001349,155296,185540,90,Good,Union Bank,Lagos,8.182205216006485,4.7956406581071205,Permanent,Masters,1.0,28533.0,28533.0,28533.0,28533.0,35625.0,60.0
CUST_001350,LOAN_00001350,35249,42705,60,Good,UBA,Lagos,11.386622567341572,8.396727699885384,Temporary,Masters,2.0,76092.0,38046.0,62624.0,13468.0,46522.5,105.0
CUST_001351,LOAN_00001351,88768,114750,90,Good,Zenith Bank,Ibadan,9.530869163991838,6.34190404028864,Permanent,Secondary,8.0,532797.0,66599.625,246966.0,7987.0,82296.75,108.75
CUST_001352,LOAN_00001352,74634,95266,60,Good,Union Bank,Enugu,11.489462083562064,14.31795753424019,Contract,Masters,3.0,206507.0,68835.66666666667,139234.0,11008.0,95211.66666666667,110.0
CUST_001353,LOAN_00001353,57509,77471,90,Good,Fidelity Bank,Port Harcourt,8.44610503539375,13.608841312988776,Permanent,Secondary,10.0,593232.0,59323.2,130189.0,9437.0,77823.0,102.0
CUST_001354,LOAN_00001354,115555,155796,60,Good,Stanbic IBTC,Benin City,5.066155345850337,4.006830501938376,Permanent,HND/BSc,3.0,36120.0,12040.0,17433.0,5801.0,14350.666666666666,100.0
CUST_001355,LOAN_00001355,83657,101496,30,Good,Access Bank,Calabar,4.122758612522929,9.199841871134916,Self-Employed,HND/BSc,6.0,303480.0,50580.0,85742.0,28330.0,63763.666666666664,80.0
CUST_001356,LOAN_00001356,24638,31048,365,Good,Zenith Bank,Enugu,6.72897592046732,5.7007001461760645,Self-Employed,Masters,6.0,345084.0,57514.0,94748.0,21860.0,71153.66666666667,80.0
CUST_001357,LOAN_00001357,18395,24317,365,Bad,Zenith Bank,Kano,10.281914243480132,7.929325074291487,Temporary,Secondary,6.0,309170.0,51528.333333333336,108080.0,18992.0,67019.5,75.0
CUST_001358,LOAN_00001358,134047,177355,90,Good,First Bank,Kaduna,11.112339135475244,13.522175979017478,Contract,Secondary,4.0,221126.0,55281.5,95101.0,7842.0,69524.25,82.5
CUST_001359,LOAN_00001359,38495,44300,30,Good,Zenith Bank,Jos,6.661775511582965,9.330174238662538,Contract,HND/BSc,0.0,0.0,0.0,0.0,0.0,0.0,0.0
CUST_001360,LOAN_00001360,100531,130018,60,Good,Fidelity Bank,Benin City,8.460885287949225,7.010583520449118,Permanent,HND/BSc,3.0,216225.0,72075.0,161898.0,19488.0,95881.33333333333,90.0
CUST_001361,LOAN_00001361,75167,99437,365,Bad,Stanbic IBTC,Enugu,7.790070139906735,5.494660249259965,Temporary,Masters,9.0,570513.0,63390.333333333336,125914.0,18756.0,83268.44444444444,86.66666666666667
CUST_001362,LOAN_00001362,385768,490202,180,Good,Stanbic IBTC,Enugu,7.69470505916285,12.60389831287787,Contract,HND/BSc,2.0,107323.0,53661.5,75552.0,31771.0,64495.0,45.0
CUST_001363,LOAN_00001363,46357,57466,90,Bad,GTBank,Jos,6.082138418801355,10.494216184372164,Self-Employed,Secondary,7.0,571891.0,81698.71428571429,206156.0,24356.0,108515.85714285714,120.0
CUST_001364,LOAN_00001364,95010,120578,90,Good,Stanbic IBTC,Ibadan,5.2273399452651255,8.616785525114775,Contract,Secondary,0.0,0.0,0.0,0.0,0.0,0.0,0.0
CUST_001365,LOAN_00001365,110350,148200,60,Good,Union Bank,Port Harcourt,5.770197024080918,5.6098122463557365,Contract,HND/BSc,1.0,47390.0,47390.0,47390.0,47390.0,64828.0,180.0
CUST_001366,LOAN_00001366,55589,72602,90,Good,Stanbic IBTC,Port Harcourt,4.4979914844701145,7.010956489885576,Temporary,HND/BSc,5.0,233284.0,46656.8,73413.0,21107.0,59430.6,60.0
CUST_001367,LOAN_00001367,71840,91194,30,Good,First Bank,Enugu,5.783176676412193,14.518121120862222,Permanent,Secondary,4.0,127518.0,31879.5,53763.0,7169.0,37813.5,52.5
CUST_001368,LOAN_00001368,44508,57619,60,Good,Stanbic IBTC,Abuja,4.082808078628415,9.241079251270012,Permanent,HND/BSc,1.0,198649.0,198649.0,198649.0,198649.0,246385.0,180.0
CUST_001369,LOAN_00001369,47366,58574,60,Good,GTBank,Enugu,9.645325605723803,7.808391374919035,Permanent,HND/BSc,0.0,0.0,0.0,0.0,0.0,0.0,0.0
CUST_001370,LOAN_00001370,56633,66744,60,Good,Access Bank,Enugu,6.847378666489146,9.257064508179887,Self-Employed,Secondary,1.0,27547.0,27547.0,27547.0,27547.0,35120.0,180.0
CUST_001371,LOAN_00001371,90931,104906,30,Good,Fidelity Bank,Jos,12.758302402842178,12.347862070795305,Permanent,HND/BSc,3.0,316025.0,105341.66666666667,131735.0,61074.0,129533.66666666667,90.0
CUST_001372,LOAN_00001372,133957,159556,60,Good,First Bank,Kaduna,5.74345345698668,7.081307238034425,Permanent,Masters,6.0,116422.0,19403.666666666668,33139.0,9535.0,24412.333333333332,90.0
CUST_001373,LOAN_00001373,22397,27176,60,Good,Union Bank,Jos,7.112457132786345,5.144473451191306,Permanent,HND/BSc,0.0,0.0,0.0,0.0,0.0,0.0,0.0
CUST_001374,LOAN_00001374,124786,155212,60,Good,Access Bank,Benin City,7.220570427773799,10.019233420068574,Contract,Masters,1.0,24137.0,24137.0,24137.0,24137.0,32871.0,90.0
CUST_001375,LOAN_00001375,89262,110975,30,Good,First Bank,Enugu,4.076063464562145,10.982449241772803,Contract,Secondary,6.0,359791.0,59965.166666666664,165984.0,17287.0,75459.5,90.0
CUST_001376,LOAN_00001376,126398,148937,365,Bad,UBA,Port Harcourt,11.55287157735513,11.552616035502597,Permanent,HND/BSc,5.0,276873.0,55374.6,167143.0,9654.0,68104.8,84.0
CUST_001377,LOAN_00001377,28984,37801,30,Good,Zenith Bank,Calabar,4.287950141298922,13.583851089193557,Temporary,HND/BSc,0.0,0.0,0.0,0.0,0.0,0.0,0.0
CUST_001378,LOAN_00001378,25694,32508,90,Good,UBA,Port Harcourt,12.461618512563172,7.4540894482693565,Temporary,HND/BSc,5.0,289007.0,57801.4,119664.0,19515.0,72988.4,120.0
CUST_001379,LOAN_00001379,55017,63503,90,Good,Stanbic IBTC,Lagos,12.028669159842586,3.9042587547467016,Permanent,HND/BSc,4.0,130767.0,32691.75,70547.0,11464.0,44204.5,67.5
CUST_001380,LOAN_00001380,32135,40716,90,Good,Access Bank,Ibadan,8.819697244773671,14.500183003571308,Self-Employed,Masters,1.0,24539.0,24539.0,24539.0,24539.0,32686.0,60.0
CUST_001381,LOAN_00001381,46080,56319,30,Good,Stanbic IBTC,Kano,8.892360174201627,8.220143129249703,Contract,HND/BSc,4.0,160645.0,40161.25,87647.0,5627.0,54064.25,82.5
CUST_001382,LOAN_00001382,54098,69429,90,Good,Zenith Bank,Benin City,9.884001306605407,10.479090116077575,Permanent,Secondary,3.0,343542.0,114514.0,176220.0,16324.0,149700.0,150.0
CUST_001383,LOAN_00001383,219511,272277,90,Good,First Bank,Benin City,7.483450107413983,10.995663877539506,Permanent,HND/BSc,2.0,109413.0,54706.5,98682.0,10731.0,71199.5,135.0
CUST_001384,LOAN_00001384,121906,150686,60,Good,Zenith Bank,Ibadan,9.8250005505807,9.558164504414442,Contract,Masters,1.0,21467.0,21467.0,21467.0,21467.0,29739.0,30.0
CUST_001385,LOAN_00001385,80320,95711,60,Good,GTBank,Calabar,4.402915498196382,5.463090356835242,Contract,,4.0,100458.0,25114.5,28740.0,20339.0,33503.25,82.5
CUST_001386,LOAN_00001386,16864,22697,365,Good,Zenith Bank,Kano,4.486428646147539,12.061716601393698,Permanent,HND/BSc,3.0,106991.0,35663.666666666664,57182.0,8989.0,46984.666666666664,50.0
CUST_001387,LOAN_00001387,258422,319815,365,Bad,GTBank,Kaduna,8.1150737765759,12.64502369164898,Self-Employed,HND/BSc,2.0,80434.0,40217.0,47553.0,32881.0,50783.0,60.0
CUST_001388,LOAN_00001388,12145,14997,60,Good,Zenith Bank,Enugu,8.946600709954314,9.635707032209275,Contract,HND/BSc,2.0,64972.0,32486.0,36740.0,28232.0,40977.5,60.0
CUST_001389,LOAN_00001389,40124,46945,90,Good,Fidelity Bank,Kano,11.990358763022371,8.862733927018098,Self-Employed,Masters,0.0,0.0,0.0,0.0,0.0,0.0,0.0
CUST_001390,LOAN_00001390,103114,128712,60,Bad,GTBank,Calabar,4.941945705171066,4.367258197535824,Permanent,,2.0,84713.0,42356.5,56375.0,28338.0,55783.0,120.0
CUST_001391,LOAN_00001391,396074,464665,30,Good,Access Bank,Abuja,11.403831344745004,4.007419937997407,Contract,Masters,0.0,0.0,0.0,0.0,0.0,0.0,0.0
CUST_001392,LOAN_00001392,98658,132777,90,Good,Stanbic IBTC,Lagos,5.890426035628627,7.074778146762345,Permanent,HND/BSc,3.0,101688.0,33896.0,42663.0,16705.0,43507.333333333336,90.0
CUST_001393,LOAN_00001393,43414,52276,30,Good,Union Bank,Kano,7.5467528365902865,6.730153866208719,Contract,Secondary,1.0,26904.0,26904.0,26904.0,26904.0,35404.0,30.0
CUST_001394,LOAN_00001394,26910,32577,90,Good,Stanbic IBTC,Kano,6.849421913446716,14.443877411559257,Self-Employed,Masters,1.0,42625.0,42625.0,42625.0,42625.0,53773.0,60.0
CUST_001395,LOAN_00001395,240458,302245,365,Bad,UBA,Lagos,7.601397455788591,12.403472909321158,Self-Employed,Masters,2.0,248480.0,124240.0,182250.0,66230.0,152898.0,60.0
CUST_001396,LOAN_00001396,41403,51351,60,Good,Stanbic IBTC,Enugu,5.354459482653271,10.91909154310872,Permanent,Masters,2.0,129075.0,64537.5,92537.0,36538.0,87516.5,105.0
CUST_001397,LOAN_00001397,271892,327272,180,Bad,First Bank,Kano,8.532130669631995,9.21177706821126,Self-Employed,Secondary,1.0,82609.0,82609.0,82609.0,82609.0,101512.0,90.0
CUST_001398,LOAN_00001398,109070,145182,30,Good,Fidelity Bank,Lagos,11.214783308482303,5.008410368719816,Temporary,HND/BSc,8.0,527457.0,65932.125,159751.0,8537.0,79465.25,123.75
CUST_001399,LOAN_00001399,72090,94248,365,Bad,Zenith Bank,Lagos,7.973806093410072,14.741480066211407,Contract,Secondary,2.0,63945.0,31972.5,56378.0,7567.0,40576.5,135.0
CUST_001400,LOAN_00001400,100762,130449,30,Good,UBA,Lagos,8.415522183083791,7.500488378882521,Permanent,Masters,2.0,47559.0,23779.5,26824.0,20735.0,32135.5,45.0
CUST_001401,LOAN_00001401,153344,200115,90,Bad,First Bank,Jos,11.638908267531828,4.283107229366937,Self-Employed,Secondary,1.0,34536.0,34536.0,34536.0,34536.0,46773.0,60.0
CUST_001402,LOAN_00001402,102786,121820,30,Good,First Bank,Calabar,10.35452303174228,8.925586748588954,Permanent,HND/BSc,4.0,208211.0,52052.75,97806.0,29053.0,62013.0,82.5
CUST_001403,LOAN_00001403,14159,16346,60,Good,GTBank,Jos,8.414089676678064,13.487976139357,Self-Employed,Secondary,3.0,197270.0,65756.66666666667,85986.0,55251.0,80184.66666666667,120.0
CUST_001404,LOAN_00001404,144232,167172,60,Good,Stanbic IBTC,Abuja,6.319260833702617,13.647492021327952,Contract,Secondary,1.0,26099.0,26099.0,26099.0,26099.0,30641.0,30.0
CUST_001405,LOAN_00001405,10000,12663,90,Good,Access Bank,Kaduna,11.9643407216047,3.131590992677367,Permanent,HND/BSc,2.0,96955.0,48477.5,64009.0,32946.0,63909.0,30.0
CUST_001406,LOAN_00001406,68612,83556,90,Good,Union Bank,Jos,9.193183615215023,13.635548937016797,Permanent,Secondary,3.0,76808.0,25602.666666666668,44250.0,5000.0,31327.333333333332,100.0
CUST_001407,LOAN_00001407,28551,35918,90,Good,Access Bank,Jos,5.990328490996241,6.257810609998302,Permanent,HND/BSc,5.0,228624.0,45724.8,91214.0,14710.0,55708.8,72.0
CUST_001408,LOAN_00001408,35746,46264,60,Good,UBA,Calabar,6.422077773742093,3.467668367621077,Temporary,PhD,5.0,241265.0,48253.0,118562.0,20591.0,61085.2,84.0
CUST_001409,LOAN_00001409,34370,43965,180,Good,Fidelity Bank,Kaduna,11.228197800426212,13.173483244354491,Permanent,,4.0,150062.0,37515.5,52709.0,19548.0,48319.25,90.0
CUST_001410,LOAN_00001410,40822,50211,30,Good,Access Bank,Ibadan,4.397310058787099,13.3664010718585,Contract,Secondary,0.0,0.0,0.0,0.0,0.0,0.0,0.0
CUST_001411,LOAN_00001411,68269,87641,30,Good,Zenith Bank,Lagos,12.92882968325938,10.1547729581082,Temporary,Masters,3.0,61466.0,20488.666666666668,28549.0,14208.0,26402.333333333332,100.0
CUST_001412,LOAN_00001412,38194,45113,90,Good,Access Bank,Benin City,5.1731651174331255,9.8932050875563,Permanent,HND/BSc,3.0,297191.0,99063.66666666667,209723.0,18782.0,125269.33333333333,110.0
CUST_001413,LOAN_00001413,88785,103606,90,Bad,UBA,Kaduna,11.164616728572437,12.757443271457031,Contract,PhD,1.0,22341.0,22341.0,22341.0,22341.0,29167.0,180.0
CUST_001414,LOAN_00001414,40513,52108,180,Good,Union Bank,Abuja,7.552977850945146,12.435714632523355,Contract,Masters,0.0,0.0,0.0,0.0,0.0,0.0,0.0
CUST_001415,LOAN_00001415,10000,13123,90,Good,Access Bank,Enugu,8.429945649587202,13.68126568131245,Contract,Secondary,5.0,171160.0,34232.0,63043.0,11485.0,42506.8,120.0
CUST_001416,LOAN_00001416,17704,23161,60,Good,Zenith Bank,Abuja,11.9258551971812,9.632969371160442,Permanent,HND/BSc,5.0,299747.0,59949.4,191030.0,9429.0,80090.8,126.0
CUST_001417,LOAN_00001417,30668,40816,30,Good,GTBank,Lagos,7.716200706302919,14.611765112793703,Permanent,HND/BSc,2.0,105168.0,52584.0,100168.0,5000.0,73400.0,105.0
CUST_001418,LOAN_00001418,33632,45289,90,Good,Fidelity Bank,Kaduna,8.837443783059111,14.95376197120006,Contract,Masters,6.0,428837.0,71472.83333333333,138690.0,18682.0,94182.66666666667,115.0
CUST_001419,LOAN_00001419,27890,35291,180,Bad,UBA,Abuja,4.443696961682529,4.398535319983591,Temporary,HND/BSc,7.0,244142.0,34877.42857142857,71736.0,10584.0,45760.42857142857,77.14285714285714
CUST_001420,LOAN_00001420,37146,46416,90,Good,GTBank,Abuja,4.021127264807078,13.194525114649466,Permanent,HND/BSc,5.0,201838.0,40367.6,120726.0,5190.0,49038.2,84.0
CUST_001421,LOAN_00001421,82358,99812,90,Good,GTBank,Ibadan,6.203198857015533,8.997867092983068,Permanent,HND/BSc,3.0,107936.0,35978.666666666664,56525.0,15588.0,46490.0,70.0
CUST_001422,LOAN_00001422,56654,70280,30,Good,GTBank,Ibadan,10.125247836268905,7.650796059597985,Permanent,,2.0,135770.0,67885.0,72502.0,63268.0,92005.5,105.0
CUST_001423,LOAN_00001423,151171,189012,180,Bad,First Bank,Kaduna,5.091384040232231,10.35686771859258,Self-Employed,PhD,1.0,15629.0,15629.0,15629.0,15629.0,18879.0,180.0
CUST_001424,LOAN_00001424,46211,54081,60,Good,Fidelity Bank,Lagos,5.023857629240945,3.671586687144084,Permanent,HND/BSc,1.0,23619.0,23619.0,23619.0,23619.0,29633.0,30.0
CUST_001425,LOAN_00001425,23858,29153,180,Good,Union Bank,Jos,7.698645472323129,9.077533425204958,Self-Employed,Masters,0.0,0.0,0.0,0.0,0.0,0.0,0.0
CUST_001426,LOAN_00001426,61836,75003,30,Good,Stanbic IBTC,Port Harcourt,9.830533347474038,13.45068684032,Permanent,Masters,3.0,67017.0,22339.0,35049.0,15325.0,27922.0,60.0
CUST_001427,LOAN_00001427,58924,71056,90,Good,Fidelity Bank,Kano,10.408647930231377,5.561538193667626,Temporary,Masters,5.0,635359.0,127071.8,287421.0,29566.0,162006.2,96.0
CUST_001428,LOAN_00001428,123912,165947,180,Bad,First Bank,Benin City,5.6060560668853725,8.116678737233102,Contract,Secondary,2.0,37674.0,18837.0,29848.0,7826.0,25192.0,75.0
CUST_001429,LOAN_00001429,41668,51911,60,Good,Stanbic IBTC,Kano,4.716293326348382,14.273770652578506,Self-Employed,HND/BSc,5.0,321387.0,64277.4,156116.0,29508.0,80592.0,96.0
CUST_001430,LOAN_00001430,146444,169281,180,Good,Fidelity Bank,Calabar,12.4635733055099,8.142766053668367,Permanent,HND/BSc,5.0,634313.0,126862.6,427822.0,26729.0,168440.6,132.0
CUST_001431,LOAN_00001431,20149,26003,30,Good,GTBank,Ibadan,6.345997443058915,7.30041158798878,Self-Employed,HND/BSc,5.0,202416.0,40483.2,60331.0,25808.0,50058.6,126.0
CUST_001432,LOAN_00001432,44033,54335,90,Good,UBA,Kaduna,11.680118478478516,8.286439777480538,Permanent,Secondary,1.0,14663.0,14663.0,14663.0,14663.0,18601.0,180.0
CUST_001433,LOAN_00001433,65529,88335,60,Good,Stanbic IBTC,Kano,11.771423054165364,9.233433198210676,Permanent,HND/BSc,2.0,72992.0,36496.0,56454.0,16538.0,46921.0,60.0
CUST_001434,LOAN_00001434,418387,561592,90,Good,Zenith Bank,Lagos,10.9527033258629,10.583896129577626,Permanent,HND/BSc,2.0,67249.0,33624.5,54237.0,13012.0,44529.5,75.0
CUST_001435,LOAN_00001435,114473,135227,90,Good,Zenith Bank,Benin City,5.519502459873131,12.608313611000774,Self-Employed,HND/BSc,2.0,25327.0,12663.5,13234.0,12093.0,14825.0,120.0
CUST_001436,LOAN_00001436,18852,22235,180,Bad,Access Bank,Kano,11.396213133287803,8.425226469171772,Self-Employed,HND/BSc,0.0,0.0,0.0,0.0,0.0,0.0,0.0
CUST_001437,LOAN_00001437,99613,126167,90,Bad,Stanbic IBTC,Benin City,10.92325503317428,12.809771221081684,Contract,Secondary,2.0,148827.0,74413.5,124529.0,24298.0,88781.0,75.0
CUST_001438,LOAN_00001438,222570,299206,30,Good,UBA,Enugu,9.370506910955951,9.404647936224968,Contract,Masters,2.0,151131.0,75565.5,80345.0,70786.0,91206.5,60.0
CUST_001439,LOAN_00001439,39572,50138,180,Good,Union Bank,Lagos,7.034818316520575,7.061766124415732,Permanent,PhD,1.0,22515.0,22515.0,22515.0,22515.0,28131.0,30.0
CUST_001440,LOAN_00001440,79834,102511,365,Bad,First Bank,Port Harcourt,6.362577438398897,10.89540993743297,Self-Employed,HND/BSc,5.0,159526.0,31905.2,41480.0,12520.0,41451.0,84.0
CUST_001441,LOAN_00001441,370497,488501,180,Bad,GTBank,Abuja,5.097002908723231,11.612667056921897,Self-Employed,Masters,2.0,143874.0,71937.0,108869.0,35005.0,93933.0,60.0
CUST_001442,LOAN_00001442,268949,322907,180,Bad,Access Bank,Benin City,8.587813602107843,9.69658770755385,Self-Employed,Secondary,0.0,0.0,0.0,0.0,0.0,0.0,0.0
CUST_001443,LOAN_00001443,35332,42095,90,Good,Zenith Bank,Lagos,9.26734787958862,3.679379677616681,Contract,Masters,6.0,128673.0,21445.5,42352.0,9357.0,27812.333333333332,85.0
CUST_001444,LOAN_00001444,36946,42523,90,Bad,First Bank,Benin City,7.234050914642085,5.038594501929898,Temporary,Secondary,0.0,0.0,0.0,0.0,0.0,0.0,0.0
CUST_001445,LOAN_00001445,204433,275136,60,Bad,First Bank,Benin City,8.278231609127817,6.423572650682738,Self-Employed,HND/BSc,0.0,0.0,0.0,0.0,0.0,0.0,0.0
CUST_001446,LOAN_00001446,158273,202028,365,Good,GTBank,Jos,7.271630116323401,6.391507271417917,Contract,HND/BSc,2.0,212451.0,106225.5,167286.0,45165.0,128824.5,135.0
CUST_001447,LOAN_00001447,23400,28841,365,Good,Union Bank,Jos,9.76905451588631,11.081049602962446,Permanent,HND/BSc,1.0,8713.0,8713.0,8713.0,8713.0,11957.0,60.0
CUST_001448,LOAN_00001448,103107,139154,180,Bad,Union Bank,Lagos,12.11133287016907,3.220183940083591,Contract,HND/BSc,0.0,0.0,0.0,0.0,0.0,0.0,0.0
CUST_001449,LOAN_00001449,222768,269346,30,Good,Stanbic IBTC,Jos,5.475282358422504,12.06818132459424,Contract,HND/BSc,5.0,319331.0,63866.2,131997.0,5000.0,82036.6,60.0
CUST_001450,LOAN_00001450,516980,625949,90,Good,Zenith Bank,Calabar,7.432679289128111,6.184109697683198,Permanent,HND/BSc,4.0,153385.0,38346.25,56450.0,10595.0,51882.0,67.5
CUST_001451,LOAN_00001451,29262,36367,180,Good,Union Bank,Port Harcourt,5.267817435557752,6.720262154593229,Permanent,Masters,3.0,172775.0,57591.666666666664,68314.0,37918.0,75801.0,90.0
CUST_001452,LOAN_00001452,35773,45384,365,Good,UBA,Kaduna,9.624493933670488,9.334917935327091,Contract,HND/BSc,5.0,494528.0,98905.6,184624.0,39505.0,131718.2,138.0
CUST_001453,LOAN_00001453,245338,327925,365,Bad,Union Bank,Lagos,10.55983458539736,5.59110721126749,Contract,Secondary,2.0,33422.0,16711.0,22871.0,10551.0,20485.0,105.0
CUST_001454,LOAN_00001454,26457,30434,90,Good,First Bank,Lagos,12.387214593377102,13.61365576290633,Contract,HND/BSc,1.0,24822.0,24822.0,24822.0,24822.0,30480.0,60.0
CUST_001455,LOAN_00001455,56851,73669,90,Good,GTBank,Calabar,6.509847336348685,4.024425351918783,Permanent,Masters,1.0,24628.0,24628.0,24628.0,24628.0,31757.0,30.0
CUST_001456,LOAN_00001456,54725,69449,60,Good,UBA,Ibadan,12.551900852788872,8.332588347612779,Self-Employed,HND/BSc,5.0,148374.0,29674.8,55743.0,5000.0,37547.0,114.0
CUST_001457,LOAN_00001457,35266,40565,90,Good,Stanbic IBTC,Ibadan,4.569364046386073,13.19306723345868,Contract,HND/BSc,10.0,401172.0,40117.2,130672.0,15902.0,51653.5,75.0
CUST_001458,LOAN_00001458,33225,43570,60,Good,Zenith Bank,Jos,9.427124770281294,10.39012673305483,Permanent,HND/BSc,2.0,54346.0,27173.0,41752.0,12594.0,36993.5,135.0
CUST_001459,LOAN_00001459,28460,33306,60,Good,Stanbic IBTC,Kaduna,4.51419447408997,6.507954190111601,Permanent,HND/BSc,5.0,215764.0,43152.8,88103.0,11448.0,53798.8,84.0
CUST_001460,LOAN_00001460,48604,60281,60,Bad,First Bank,Jos,12.043967689857505,8.04912249331753,Self-Employed,Secondary,2.0,115400.0,57700.0,73771.0,41629.0,73732.0,135.0
CUST_001461,LOAN_00001461,41442,51415,365,Bad,UBA,Enugu,8.768281513630487,11.480332564110176,Self-Employed,HND/BSc,2.0,47058.0,23529.0,42058.0,5000.0,32240.5,120.0
CUST_001462,LOAN_00001462,34060,44495,30,Good,UBA,Enugu,10.024135156865164,14.679128920366791,Permanent,Secondary,5.0,147951.0,29590.2,40166.0,15709.0,38239.0,42.0
CUST_001463,LOAN_00001463,17498,21859,30,Bad,UBA,Abuja,11.484165333194074,13.7176646205532,Temporary,Secondary,1.0,65975.0,65975.0,65975.0,65975.0,83504.0,30.0
CUST_001464,LOAN_00001464,240577,283131,90,Good,First Bank,Enugu,5.352795602355719,7.109193700588522,Permanent,Secondary,6.0,542743.0,90457.16666666667,277754.0,26019.0,110038.5,70.0
CUST_001465,LOAN_00001465,93770,109981,180,Bad,First Bank,Ibadan,4.347324057443204,14.97837455145429,Temporary,HND/BSc,7.0,577872.0,82553.14285714286,222596.0,6194.0,100653.28571428571,90.0
CUST_001466,LOAN_00001466,77925,95755,180,Bad,Stanbic IBTC,Port Harcourt,11.90993031321567,3.0420559623726997,Permanent,HND/BSc,0.0,0.0,0.0,0.0,0.0,0.0,0.0
CUST_001467,LOAN_00001467,130391,158707,30,Good,Access Bank,Enugu,6.834399047130392,3.331557069700981,Permanent,,4.0,194973.0,48743.25,80316.0,32166.0,65852.25,52.5
CUST_001468,LOAN_00001468,28068,34055,30,Good,Stanbic IBTC,Jos,5.160810171344488,12.886086182054326,Contract,HND/BSc,3.0,92880.0,30960.0,65888.0,11773.0,38208.333333333336,70.0
CUST_001469,LOAN_00001469,62297,77864,30,Good,Zenith Bank,Benin City,8.216151133783779,5.393552241996624,Permanent,Masters,2.0,60132.0,30066.0,36688.0,23444.0,34777.5,105.0
CUST_001470,LOAN_00001470,205224,255226,365,Bad,GTBank,Lagos,9.38475468126417,3.7292312207548894,Contract,Secondary,3.0,114025.0,38008.333333333336,62222.0,16281.0,48618.333333333336,70.0
CUST_001471,LOAN_00001471,194502,261621,180,Bad,UBA,Port Harcourt,4.278735430802591,5.845776878838027,Self-Employed,Secondary,1.0,48494.0,48494.0,48494.0,48494.0,60757.0,60.0
CUST_001472,LOAN_00001472,50353,59978,60,Good,Access Bank,Port Harcourt,6.47406092431379,8.113201847770323,Self-Employed,Masters,3.0,447403.0,149134.33333333334,224223.0,59663.0,187730.33333333334,50.0
CUST_001473,LOAN_00001473,121870,145690,60,Good,GTBank,Jos,4.295198868492064,11.766795245200855,Contract,HND/BSc,2.0,100837.0,50418.5,84141.0,16696.0,58239.0,105.0
CUST_001474,LOAN_00001474,58149,77547,180,Good,Access Bank,Lagos,7.783018502759491,10.492026318614466,Contract,Secondary,6.0,318595.0,53099.166666666664,150977.0,19757.0,65491.5,70.0
CUST_001475,LOAN_00001475,94581,119038,30,Good,Union Bank,Ibadan,12.055900261596198,5.851454610725045,Permanent,HND/BSc,6.0,665097.0,110849.5,453066.0,14731.0,134763.83333333334,115.0
CUST_001476,LOAN_00001476,69308,85162,180,Good,Union Bank,Port Harcourt,12.843871703442122,9.039245377207012,Permanent,HND/BSc,7.0,250428.0,35775.42857142857,92113.0,6028.0,47980.42857142857,111.42857142857143
CUST_001477,LOAN_00001477,10000,12456,60,Good,Fidelity Bank,Abuja,9.733427981532648,14.114569264782824,Contract,Masters,1.0,48505.0,48505.0,48505.0,48505.0,61544.0,180.0
CUST_001478,LOAN_00001478,235960,308772,90,Good,Union Bank,Jos,5.454739244061326,12.780093323805092,Permanent,Secondary,6.0,356957.0,59492.833333333336,101877.0,14006.0,76452.83333333333,90.0
CUST_001479,LOAN_00001479,102927,134207,60,Bad,Stanbic IBTC,Port Harcourt,12.152644509993753,6.87827741798152,Self-Employed,HND/BSc,4.0,112186.0,28046.5,34801.0,24273.0,36402.25,105.0
CUST_001480,LOAN_00001480,34275,40507,60,Good,Union Bank,Kaduna,8.646230408800545,14.787174736268357,Contract,Masters,5.0,181051.0,36210.2,70814.0,17037.0,44750.6,78.0
CUST_001481,LOAN_00001481,49731,60625,60,Good,First Bank,Lagos,5.383743808926263,11.503444805221571,Permanent,,2.0,116799.0,58399.5,72733.0,44066.0,72239.0,90.0
CUST_001482,LOAN_00001482,57054,65824,60,Good,UBA,Enugu,12.295540025064952,3.749392268001381,Contract,Masters,1.0,202916.0,202916.0,202916.0,202916.0,264113.0,90.0
CUST_001483,LOAN_00001483,125909,165380,60,Good,Stanbic IBTC,Port Harcourt,10.817221456507928,3.421928559463664,Permanent,Secondary,2.0,36935.0,18467.5,21462.0,15473.0,22097.0,105.0
CUST_001484,LOAN_00001484,158390,188831,90,Good,GTBank,Jos,10.585347454508364,5.02089538812036,Contract,Masters,1.0,32018.0,32018.0,32018.0,32018.0,39352.0,180.0
CUST_001485,LOAN_00001485,150083,199064,60,Bad,Fidelity Bank,Enugu,10.38262633414964,11.734270416601762,Self-Employed,Masters,4.0,46703.0,11675.75,18897.0,5000.0,13913.25,67.5
CUST_001486,LOAN_00001486,118257,144280,30,Bad,Fidelity Bank,Abuja,5.8030583898679815,5.204867110109134,Contract,Masters,1.0,30586.0,30586.0,30586.0,30586.0,39842.0,30.0
CUST_001487,LOAN_00001487,25136,33485,60,Good,Fidelity Bank,Enugu,5.899060225367735,9.137841230506002,Permanent,Masters,4.0,75564.0,18891.0,30856.0,10492.0,23617.75,105.0
CUST_001488,LOAN_00001488,110003,145884,30,Good,GTBank,Kaduna,10.194636985845296,4.11912144216998,Self-Employed,PhD,3.0,198370.0,66123.33333333333,91015.0,30814.0,85617.33333333333,120.0
CUST_001489,LOAN_00001489,87347,114576,180,Bad,GTBank,Ibadan,5.977504750993572,14.050633893962342,Permanent,Secondary,0.0,0.0,0.0,0.0,0.0,0.0,0.0
CUST_001490,LOAN_00001490,55225,64121,60,Bad,GTBank,Port Harcourt,7.948045271227439,7.127527363002811,Self-Employed,Secondary,3.0,75851.0,25283.666666666668,45918.0,12431.0,30128.0,100.0
CUST_001491,LOAN_00001491,55828,74181,90,Good,GTBank,Kano,11.038016430345472,13.897584678727569,Contract,Masters,3.0,58138.0,19379.333333333332,22838.0,15981.0,26071.0,80.0
CUST_001492,LOAN_00001492,126706,159916,90,Bad,Fidelity Bank,Kano,11.055572662880568,14.338507702926533,Contract,Secondary,3.0,243576.0,81192.0,168565.0,17208.0,97342.0,60.0
CUST_001493,LOAN_00001493,114172,132274,30,Good,Fidelity Bank,Enugu,8.079355952732737,3.073543767764169,Self-Employed,Secondary,1.0,101208.0,101208.0,101208.0,101208.0,135436.0,30.0
CUST_001494,LOAN_00001494,60916,70392,90,Good,Access Bank,Calabar,11.129709444477204,8.569622246384785,Self-Employed,HND/BSc,1.0,45528.0,45528.0,45528.0,45528.0,60665.0,30.0
CUST_001495,LOAN_00001495,13034,16221,30,Good,Stanbic IBTC,Lagos,11.547596165782512,3.2958726684827147,Permanent,Masters,5.0,377451.0,75490.2,127127.0,12323.0,98111.4,120.0
CUST_001496,LOAN_00001496,15199,20447,60,Good,UBA,Kano,9.892981761558342,13.90431319563487,Permanent,Secondary,7.0,236310.0,33758.57142857143,48882.0,14729.0,41189.28571428572,124.28571428571429
CUST_001497,LOAN_00001497,18422,21215,90,Good,Union Bank,Calabar,6.055832670775781,9.22089053681491,Self-Employed,HND/BSc,7.0,190708.0,27244.0,68238.0,5000.0,33193.142857142855,107.14285714285714
CUST_001498,LOAN_00001498,58407,77286,30,Good,Union Bank,Kano,6.466106023469928,3.899328152381962,Permanent,Secondary,0.0,0.0,0.0,0.0,0.0,0.0,0.0
CUST_001499,LOAN_00001499,85486,106427,90,Bad,First Bank,Calabar,6.833570398678618,4.3233207393188025,Contract,Secondary,9.0,247027.0,27447.444444444445,58164.0,12188.0,35646.22222222222,110.0
CUST_001500,LOAN_00001500,107991,134314,60,Bad,Fidelity Bank,Lagos,5.051236969605569,7.602108293912869,Self-Employed,HND/BSc,0.0,0.0,0.0,0.0,0.0,0.0,0.0
CUST_001501,LOAN_00001501,196627,236889,60,Bad,First Bank,Benin City,6.458436583329506,14.282810314474672,Contract,Secondary,4.0,258845.0,64711.25,74968.0,52623.0,82979.0,90.0
CUST_001502,LOAN_00001502,87990,104913,60,Good,Stanbic IBTC,Kano,5.885673018812789,11.31490981881697,Self-Employed,Masters,5.0,84182.0,16836.4,39578.0,7450.0,22119.2,78.0
CUST_001503,LOAN_00001503,17152,21323,180,Good,Stanbic IBTC,Kaduna,8.09795874827742,13.41142639426959,Self-Employed,Masters,5.0,98652.0,19730.4,24716.0,12345.0,25361.6,102.0
CUST_001504,LOAN_00001504,190843,234383,365,Bad,First Bank,Port Harcourt,12.175937930850385,7.397479756079756,Self-Employed,Masters,6.0,330734.0,55122.333333333336,216261.0,8928.0,68829.5,85.0
CUST_001505,LOAN_00001505,344489,442033,90,Bad,Fidelity Bank,Calabar,4.940322850785623,3.51856439459998,Self-Employed,Secondary,0.0,0.0,0.0,0.0,0.0,0.0,0.0
CUST_001506,LOAN_00001506,147066,171279,60,Good,First Bank,Port Harcourt,10.48241131552656,14.691811646452969,Contract,HND/BSc,4.0,183791.0,45947.75,117669.0,10415.0,60599.0,60.0
CUST_001507,LOAN_00001507,105176,140988,90,Bad,Union Bank,Jos,10.185547039718148,3.2060758879484346,Contract,Secondary,1.0,39166.0,39166.0,39166.0,39166.0,48174.0,60.0
CUST_001508,LOAN_00001508,230381,309830,180,Bad,Access Bank,Jos,4.8617877879702185,14.371819836973067,Contract,Secondary,1.0,14467.0,14467.0,14467.0,14467.0,19094.0,90.0
CUST_001509,LOAN_00001509,39831,50231,60,Good,Union Bank,Lagos,12.3031516441522,7.424129086189737,Self-Employed,HND/BSc,2.0,132318.0,66159.0,77583.0,54735.0,82459.5,135.0
CUST_001510,LOAN_00001510,133897,166448,365,Bad,Zenith Bank,Calabar,9.116249819411376,3.1210848602625783,Self-Employed,Masters,10.0,584279.0,58427.9,213208.0,10098.0,73820.6,63.0
CUST_001511,LOAN_00001511,75925,88312,30,Bad,Fidelity Bank,Abuja,7.273529690221158,11.2698867806941,Permanent,Secondary,6.0,237732.0,39622.0,95355.0,5613.0,52171.333333333336,80.0
CUST_001512,LOAN_00001512,53814,66362,365,Bad,Fidelity Bank,Jos,10.80884725145776,14.76648364837625,Permanent,Secondary,1.0,31380.0,31380.0,31380.0,31380.0,41477.0,30.0
CUST_001513,LOAN_00001513,10000,11603,180,Bad,UBA,Lagos,6.3162891256147065,14.58750867405111,Temporary,PhD,7.0,442454.0,63207.71428571428,139262.0,9014.0,80080.71428571429,94.28571428571429
CUST_001514,LOAN_00001514,23014,27504,60,Good,GTBank,Jos,10.241588533416884,4.931244134429021,Contract,HND/BSc,4.0,150208.0,37552.0,66056.0,15531.0,48601.0,82.5
CUST_001515,LOAN_00001515,89960,113737,60,Good,Zenith Bank,Jos,4.357400868150225,5.174973672793859,Permanent,PhD,5.0,337065.0,67413.0,145927.0,14333.0,83557.0,114.0
CUST_001516,LOAN_00001516,126873,161495,60,Bad,Stanbic IBTC,Abuja,11.554672338483448,9.78646697543592,Self-Employed,,1.0,61669.0,61669.0,61669.0,61669.0,81744.0,60.0
CUST_001517,LOAN_00001517,50689,67569,180,Bad,Fidelity Bank,Kano,8.033537623191865,10.647657917139894,Temporary,HND/BSc,2.0,80892.0,40446.0,44075.0,36817.0,51617.5,60.0
CUST_001518,LOAN_00001518,100581,121701,180,Bad,First Bank,Enugu,9.730236229221475,11.873014963990387,Self-Employed,Secondary,4.0,249594.0,62398.5,197896.0,5282.0,78920.5,105.0
CUST_001519,LOAN_00001519,47526,55233,90,Good,Zenith Bank,Benin City,5.9911403782601536,5.17260432566577,Self-Employed,Masters,3.0,615353.0,205117.66666666666,443650.0,49069.0,248179.0,90.0
CUST_001520,LOAN_00001520,51371,67671,60,Good,UBA,Jos,10.09366341392603,14.508085041173214,Permanent,Secondary,3.0,153873.0,51291.0,81612.0,19352.0,64921.333333333336,30.0
CUST_001521,LOAN_00001521,34741,41258,180,Bad,Stanbic IBTC,Jos,10.950162483039488,10.664871075470854,Self-Employed,Secondary,3.0,139816.0,46605.333333333336,64572.0,32908.0,61451.333333333336,90.0
CUST_001522,LOAN_00001522,56689,72480,30,Good,GTBank,Kaduna,8.258918681959589,13.164563026446658,Contract,Masters,6.0,292425.0,48737.5,116263.0,8809.0,62509.333333333336,80.0
CUST_001523,LOAN_00001523,97477,122437,90,Bad,GTBank,Benin City,9.559542316556149,9.480788583410062,Self-Employed,HND/BSc,0.0,0.0,0.0,0.0,0.0,0.0,0.0
CUST_001524,LOAN_00001524,106615,141307,30,Bad,UBA,Abuja,8.106933314401587,7.971322171078591,Permanent,Secondary,3.0,48496.0,16165.333333333334,19526.0,12316.0,20198.0,100.0
CUST_001525,LOAN_00001525,95299,118285,90,Good,UBA,Port Harcourt,12.04682232332061,14.726194879139952,Permanent,HND/BSc,4.0,97064.0,24266.0,35701.0,6904.0,30814.25,75.0
CUST_001526,LOAN_00001526,40939,54254,90,Good,First Bank,Calabar,8.480822624628873,9.985456449838033,Contract,Masters,6.0,240241.0,40040.166666666664,77814.0,14105.0,52984.166666666664,130.0
CUST_001527,LOAN_00001527,42069,52286,180,Good,Fidelity Bank,Jos,11.576278381259373,13.402482993590148,Permanent,Secondary,4.0,108845.0,27211.25,41874.0,11640.0,33574.0,82.5
CUST_001528,LOAN_00001528,58094,67261,30,Good,GTBank,Enugu,11.212168524432236,14.43950875639548,Self-Employed,Secondary,3.0,136420.0,45473.333333333336,82746.0,16207.0,57748.333333333336,100.0
CUST_001529,LOAN_00001529,34975,42314,365,Bad,Stanbic IBTC,Calabar,7.694543392135209,11.10425552410391,Temporary,Secondary,4.0,272740.0,68185.0,108065.0,26950.0,89549.5,52.5
CUST_001530,LOAN_00001530,38596,50805,180,Good,Zenith Bank,Benin City,6.070760426717275,9.5872641422241,Self-Employed,HND/BSc,2.0,68595.0,34297.5,62752.0,5843.0,45423.0,60.0
CUST_001531,LOAN_00001531,73864,89034,180,Bad,Stanbic IBTC,Calabar,7.654739193037939,3.0421302109278074,Self-Employed,Masters,0.0,0.0,0.0,0.0,0.0,0.0,0.0
CUST_001532,LOAN_00001532,39475,52866,180,Good,Access Bank,Kano,11.435956381976982,3.480235688868072,Contract,Masters,5.0,351612.0,70322.4,156402.0,6205.0,87290.6,72.0
CUST_001533,LOAN_00001533,52864,65284,90,Good,Access Bank,Jos,6.048692822374531,5.410214592613396,Self-Employed,HND/BSc,4.0,446785.0,111696.25,303346.0,40924.0,147677.5,127.5
CUST_001534,LOAN_00001534,28424,34416,365,Bad,UBA,Calabar,8.719927112719745,5.232101182271943,Self-Employed,Secondary,2.0,49140.0,24570.0,28541.0,20599.0,30256.0,30.0
CUST_001535,LOAN_00001535,89520,103943,365,Bad,First Bank,Port Harcourt,11.254870731646728,6.057105542398144,Self-Employed,Secondary,0.0,0.0,0.0,0.0,0.0,0.0,0.0
CUST_001536,LOAN_00001536,71835,96523,365,Bad,Access Bank,Port Harcourt,7.181297276155409,6.65921565237193,Contract,Secondary,6.0,297727.0,49621.166666666664,161544.0,5604.0,60759.666666666664,90.0
CUST_001537,LOAN_00001537,83318,112078,180,Good,GTBank,Jos,9.779886733024275,7.320785922608739,Contract,Secondary,5.0,251566.0,50313.2,102688.0,17898.0,67651.6,90.0
CUST_001538,LOAN_00001538,38443,49536,90,Good,Stanbic IBTC,Ibadan,6.21068416643933,8.046452280826518,Self-Employed,Secondary,2.0,45431.0,22715.5,29440.0,15991.0,30153.0,60.0
CUST_001539,LOAN_00001539,153037,180152,90,Good,Stanbic IBTC,Port Harcourt,4.983515008313439,4.186396061472176,Permanent,HND/BSc,1.0,50096.0,50096.0,50096.0,50096.0,65330.0,60.0
CUST_001540,LOAN_00001540,77428,93513,365,Bad,UBA,Calabar,11.149458025835706,3.5083431834333845,Self-Employed,Secondary,0.0,0.0,0.0,0.0,0.0,0.0,0.0
CUST_001541,LOAN_00001541,77119,104062,60,Bad,Fidelity Bank,Lagos,4.890717610678362,11.087333388876282,Temporary,Masters,3.0,87761.0,29253.666666666668,43048.0,12177.0,34978.0,100.0
CUST_001542,LOAN_00001542,112160,147767,90,Good,Fidelity Bank,Port Harcourt,6.442432555716261,9.448017898116932,Contract,Masters,0.0,0.0,0.0,0.0,0.0,0.0,0.0
CUST_001543,LOAN_00001543,331704,427150,90,Good,Zenith Bank,Benin City,11.695984797976962,8.329730426641436,Self-Employed,HND/BSc,3.0,139485.0,46495.0,60232.0,31410.0,60401.333333333336,70.0
CUST_001544,LOAN_00001544,12369,14699,90,Good,UBA,Ibadan,7.118223583708005,10.613279294020227,Self-Employed,Secondary,0.0,0.0,0.0,0.0,0.0,0.0,0.0
CUST_001545,LOAN_00001545,73016,88622,30,Bad,Union Bank,Calabar,12.75740814562745,12.932152886442486,Self-Employed,Masters,1.0,131216.0,131216.0,131216.0,131216.0,165062.0,180.0
CUST_001546,LOAN_00001546,44516,52783,90,Good,Zenith Bank,Abuja,12.817609012964738,8.132314909394456,Contract,,4.0,120823.0,30205.75,42667.0,23756.0,40202.0,112.5
CUST_001547,LOAN_00001547,29770,34756,180,Bad,Union Bank,Kaduna,6.41448418408201,10.693433580623752,Self-Employed,Secondary,3.0,87336.0,29112.0,37421.0,13054.0,36775.0,60.0
CUST_001548,LOAN_00001548,16347,20313,90,Good,Fidelity Bank,Abuja,4.368804000249014,14.442866686021905,Contract,Masters,2.0,59198.0,29599.0,34631.0,24567.0,34859.0,60.0
CUST_001549,LOAN_00001549,333869,385212,180,Good,UBA,Kano,10.345569557848412,13.075493950338728,Permanent,Masters,1.0,18006.0,18006.0,18006.0,18006.0,23033.0,60.0
CUST_001550,LOAN_00001550,62655,83474,60,Bad,Union Bank,Kaduna,8.058878523835094,8.112009726028914,Self-Employed,HND/BSc,2.0,73386.0,36693.0,48123.0,25263.0,44233.5,30.0
CUST_001551,LOAN_00001551,188102,216571,30,Good,UBA,Kano,4.906775595636186,10.736602053776917,Self-Employed,HND/BSc,2.0,54562.0,27281.0,35525.0,19037.0,35117.0,60.0
CUST_001552,LOAN_00001552,117335,136584,180,Bad,UBA,Kaduna,10.367705370802383,5.124851062991278,Self-Employed,HND/BSc,5.0,633328.0,126665.6,259991.0,32453.0,164350.0,114.0
CUST_001553,LOAN_00001553,28262,35773,180,Good,Fidelity Bank,Kaduna,4.280574182007291,9.726266218741078,Permanent,HND/BSc,7.0,296373.0,42339.0,74617.0,8262.0,53943.42857142857,90.0
CUST_001554,LOAN_00001554,75091,89129,60,Good,Zenith Bank,Lagos,11.83177021443018,14.775939493661314,Permanent,HND/BSc,3.0,86599.0,28866.333333333332,40141.0,8920.0,38287.666666666664,100.0
CUST_001555,LOAN_00001555,86501,106474,90,Good,Zenith Bank,Enugu,5.247872762019734,9.219781382430266,Temporary,PhD,2.0,64826.0,32413.0,51485.0,13341.0,41932.0,45.0
CUST_001556,LOAN_00001556,84916,103103,60,Good,UBA,Benin City,5.145806908720525,14.131659590281767,Permanent,Masters,2.0,61228.0,30614.0,41420.0,19808.0,38433.0,45.0
CUST_001557,LOAN_00001557,110201,128272,180,Bad,Access Bank,Abuja,5.581050681717261,7.888019046039128,Self-Employed,Secondary,1.0,41951.0,41951.0,41951.0,41951.0,57413.0,60.0
CUST_001558,LOAN_00001558,19528,25810,180,Good,First Bank,Port Harcourt,12.6423972264286,14.986137926215576,Self-Employed,HND/BSc,7.0,289537.0,41362.42857142857,66243.0,19958.0,52032.0,94.28571428571429
CUST_001559,LOAN_00001559,142487,182811,180,Bad,Fidelity Bank,Calabar,10.238524242284614,9.950640422730691,Self-Employed,HND/BSc,0.0,0.0,0.0,0.0,0.0,0.0,0.0
CUST_001560,LOAN_00001560,101686,121459,90,Good,First Bank,Ibadan,11.21234381917273,3.507227930831214,Permanent,Secondary,4.0,170130.0,42532.5,72613.0,6889.0,53806.0,75.0
CUST_001561,LOAN_00001561,53917,63916,60,Good,First Bank,Benin City,7.578714871594777,10.041057560296656,Self-Employed,HND/BSc,4.0,151943.0,37985.75,89081.0,9280.0,48539.75,75.0
CUST_001562,LOAN_00001562,177570,206490,180,Bad,Zenith Bank,Kano,7.0268145475446,6.29487234815516,Self-Employed,PhD,2.0,101861.0,50930.5,61883.0,39978.0,69318.5,120.0
CUST_001563,LOAN_00001563,114536,148428,365,Good,Zenith Bank,Lagos,6.110356061048529,3.3897758644307365,Contract,HND/BSc,5.0,224827.0,44965.4,97139.0,15754.0,55935.6,60.0
CUST_001564,LOAN_00001564,65383,80464,90,Bad,Access Bank,Kano,8.32583225481168,12.85023965633596,Contract,Secondary,5.0,243697.0,48739.4,99617.0,7595.0,63309.8,114.0
CUST_001565,LOAN_00001565,161312,193837,90,Good,First Bank,Enugu,8.966458601807517,6.308755643769072,Contract,Secondary,4.0,225859.0,56464.75,93563.0,22154.0,67369.0,52.5
CUST_001566,LOAN_00001566,66722,82238,60,Good,First Bank,Ibadan,9.6859735928748,12.558582648557982,Permanent,HND/BSc,3.0,386649.0,128883.0,326911.0,14264.0,167062.0,100.0
CUST_001567,LOAN_00001567,134544,158865,365,Bad,UBA,Lagos,6.314066535988251,6.458610995470403,Self-Employed,HND/BSc,4.0,116848.0,29212.0,77350.0,8937.0,35345.5,135.0
CUST_001568,LOAN_00001568,125178,168920,60,Bad,Zenith Bank,Kano,12.537886728126916,5.331916246485291,Self-Employed,HND/BSc,2.0,22485.0,11242.5,17150.0,5335.0,15380.0,45.0
CUST_001569,LOAN_00001569,14725,17231,30,Good,First Bank,Enugu,5.527826483864223,14.687226889253129,Temporary,HND/BSc,2.0,83369.0,41684.5,58413.0,24956.0,50398.0,75.0
CUST_001570,LOAN_00001570,264167,319262,60,Bad,Stanbic IBTC,Calabar,12.690878572897711,7.339743933060235,Contract,Secondary,4.0,343401.0,85850.25,278938.0,16987.0,101590.5,90.0
CUST_001571,LOAN_00001571,129546,156373,90,Bad,Access Bank,Calabar,4.133705102567534,10.216514537317924,Self-Employed,Secondary,2.0,67696.0,33848.0,62696.0,5000.0,46506.5,60.0
CUST_001572,LOAN_00001572,113487,140377,365,Good,Union Bank,Kano,8.330131226351611,10.31977791377366,Permanent,HND/BSc,2.0,61701.0,30850.5,55671.0,6030.0,38834.5,90.0
CUST_001573,LOAN_00001573,42842,57070,90,Good,Stanbic IBTC,Benin City,7.000310543049065,9.72568178608202,Self-Employed,Secondary,2.0,62077.0,31038.5,35037.0,27040.0,38984.5,180.0
CUST_001574,LOAN_00001574,139182,166360,60,Good,Stanbic IBTC,Ibadan,8.042110725372257,13.976348922254576,Contract,Masters,6.0,316631.0,52771.833333333336,139973.0,10189.0,63843.666666666664,80.0
CUST_001575,LOAN_00001575,10320,13368,30,Bad,Union Bank,Jos,9.1359812108271,11.09329285640242,Temporary,Secondary,1.0,71821.0,71821.0,71821.0,71821.0,93406.0,30.0
CUST_001576,LOAN_00001576,53935,71188,60,Good,Fidelity Bank,Benin City,7.920302422114381,7.844796049259163,Self-Employed,HND/BSc,3.0,223191.0,74397.0,132907.0,25712.0,96095.33333333333,100.0
CUST_001577,LOAN_00001577,52571,68860,60,Good,Fidelity Bank,Calabar,7.733621652714355,13.348564614291288,Temporary,HND/BSc,1.0,22783.0,22783.0,22783.0,22783.0,29186.0,90.0
CUST_001578,LOAN_00001578,117029,135757,60,Good,Access Bank,Ibadan,10.59451073871976,5.172754789391573,Self-Employed,HND/BSc,5.0,495501.0,99100.2,425261.0,9595.0,117941.6,72.0
CUST_001579,LOAN_00001579,23116,30390,365,Good,Stanbic IBTC,Enugu,10.17288647577818,9.530841091325009,Self-Employed,Masters,5.0,688679.0,137735.8,542027.0,19183.0,185805.0,126.0
CUST_001580,LOAN_00001580,63073,80415,180,Good,First Bank,Lagos,11.499441538322632,14.406604463325076,Permanent,HND/BSc,3.0,318587.0,106195.66666666667,171301.0,5123.0,144686.33333333334,120.0
CUST_001581,LOAN_00001581,59993,72996,60,Good,Zenith Bank,Kaduna,6.24963083115546,10.504771558564952,Self-Employed,Masters,1.0,33011.0,33011.0,33011.0,33011.0,41442.0,30.0
CUST_001582,LOAN_00001582,45568,54108,365,Good,Access Bank,Kano,9.485756587786572,12.803621405698514,Contract,HND/BSc,1.0,64286.0,64286.0,64286.0,64286.0,83029.0,30.0
CUST_001583,LOAN_00001583,30442,40988,60,Good,UBA,Abuja,9.266753068535683,10.842728706542314,Permanent,HND/BSc,2.0,25076.0,12538.0,13409.0,11667.0,16153.5,90.0
CUST_001584,LOAN_00001584,71024,88793,90,Good,Union Bank,Ibadan,7.327640297854199,13.072450362454685,Permanent,Masters,1.0,141809.0,141809.0,141809.0,141809.0,184273.0,180.0
CUST_001585,LOAN_00001585,25208,32583,30,Good,Stanbic IBTC,Port Harcourt,8.374517877124127,14.333854558142924,Self-Employed,HND/BSc,2.0,30041.0,15020.5,24728.0,5313.0,20110.5,105.0
CUST_001586,LOAN_00001586,48235,60824,90,Good,Access Bank,Enugu,6.824039289751559,6.275060730392841,Permanent,HND/BSc,1.0,12848.0,12848.0,12848.0,12848.0,16442.0,60.0
CUST_001587,LOAN_00001587,13057,15144,30,Good,GTBank,Jos,5.276599578552867,5.035932975080627,Contract,Masters,5.0,227943.0,45588.6,115626.0,11313.0,61237.4,66.0
CUST_001588,LOAN_00001588,23754,30244,60,Good,GTBank,Kaduna,5.924210895964595,8.807889003990478,Self-Employed,PhD,1.0,5000.0,5000.0,5000.0,5000.0,6882.0,30.0
CUST_001589,LOAN_00001589,34295,42860,90,Good,Fidelity Bank,Port Harcourt,4.94962281761081,11.42234912189059,Temporary,HND/BSc,1.0,38144.0,38144.0,38144.0,38144.0,46809.0,60.0
CUST_001590,LOAN_00001590,108636,135773,60,Bad,Union Bank,Jos,10.147626176711118,5.726295038186594,Self-Employed,HND/BSc,6.0,214210.0,35701.666666666664,87716.0,10344.0,46367.666666666664,85.0
CUST_001591,LOAN_00001591,32922,41616,30,Good,Zenith Bank,Abuja,9.946546537982364,3.049217405162005,Contract,Secondary,2.0,27344.0,13672.0,14701.0,12643.0,17270.5,135.0
CUST_001592,LOAN_00001592,27309,36653,90,Good,First Bank,Calabar,12.555457344218857,7.115221390040464,Permanent,HND/BSc,4.0,99250.0,24812.5,37758.0,13181.0,30704.75,127.5
CUST_001593,LOAN_00001593,45007,52035,60,Good,Zenith Bank,Benin City,10.567105722825172,14.626312025613462,Permanent,HND/BSc,3.0,142204.0,47401.333333333336,63013.0,39310.0,60169.333333333336,150.0
CUST_001594,LOAN_00001594,122600,149755,365,Bad,Zenith Bank,Kano,4.468412548805183,11.33960952727016,Permanent,Masters,6.0,435086.0,72514.33333333333,143221.0,28128.0,90165.16666666667,70.0
CUST_001595,LOAN_00001595,232178,284258,60,Good,Zenith Bank,Lagos,11.958206565360587,7.815905327294687,Permanent,HND/BSc,0.0,0.0,0.0,0.0,0.0,0.0,0.0
CUST_001596,LOAN_00001596,73550,91406,180,Bad,Union Bank,Jos,11.764076466511533,5.3109131681620845,Temporary,Masters,5.0,347347.0,69469.4,270291.0,13227.0,91404.6,84.0
CUST_001597,LOAN_00001597,20699,26847,180,Bad,Zenith Bank,Kaduna,7.989882886954287,7.273076085056964,Contract,Secondary,5.0,644013.0,128802.6,271092.0,13648.0,158379.6,108.0
CUST_001598,LOAN_00001598,19565,25489,60,Good,UBA,Ibadan,9.272767454751293,5.038073199614976,Permanent,HND/BSc,3.0,241904.0,80634.66666666667,124652.0,43262.0,107554.0,80.0
CUST_001599,LOAN_00001599,48525,63515,60,Good,Union Bank,Calabar,12.784704992252667,4.275669855755417,Permanent,PhD,1.0,35153.0,35153.0,35153.0,35153.0,44299.0,180.0
CUST_001600,LOAN_00001600,12440,15637,30,Good,UBA,Ibadan,8.790739274633497,13.880908470870647,Contract,Secondary,3.0,332214.0,110738.0,184614.0,64163.0,132116.0,120.0
CUST_001601,LOAN_00001601,70239,93510,60,Good,Union Bank,Kaduna,12.147896455384808,14.971804060505685,Contract,Secondary,2.0,45620.0,22810.0,38369.0,7251.0,31169.5,105.0
CUST_001602,LOAN_00001602,97429,120945,60,Good,Fidelity Bank,Ibadan,4.747348820291678,4.969373275149484,Permanent,HND/BSc,1.0,191995.0,191995.0,191995.0,191995.0,257960.0,60.0
CUST_001603,LOAN_00001603,12908,17050,180,Bad,Access Bank,Jos,5.719466818378145,3.6542707065393567,Temporary,Masters,1.0,18682.0,18682.0,18682.0,18682.0,23288.0,60.0
CUST_001604,LOAN_00001604,41773,55346,90,Good,GTBank,Enugu,7.966794490971861,6.956773285754548,Permanent,HND/BSc,8.0,555416.0,69427.0,229917.0,5516.0,86360.625,67.5
CUST_001605,LOAN_00001605,57480,74145,60,Good,Zenith Bank,Ibadan,9.262811275035745,8.539910169136984,Permanent,HND/BSc,1.0,15207.0,15207.0,15207.0,15207.0,18704.0,180.0
CUST_001606,LOAN_00001606,120513,162291,60,Good,Fidelity Bank,Benin City,11.3460506667652,5.457854964910254,Permanent,HND/BSc,10.0,262313.0,26231.3,63570.0,5339.0,33245.2,72.0
CUST_001607,LOAN_00001607,93756,120965,90,Good,Access Bank,Abuja,12.894359036288682,6.617098941582702,Contract,Secondary,2.0,41504.0,20752.0,26132.0,15372.0,27955.0,135.0
CUST_001608,LOAN_00001608,27145,33507,90,Good,GTBank,Lagos,7.499663468267048,5.410448828299892,Permanent,Masters,2.0,203111.0,101555.5,158344.0,44767.0,124605.5,105.0
CUST_001609,LOAN_00001609,214644,268481,30,Good,Stanbic IBTC,Jos,4.426740725260764,12.291126821189415,Permanent,Secondary,5.0,742441.0,148488.2,438757.0,21622.0,190694.0,42.0
CUST_001610,LOAN_00001610,26820,35105,365,Good,First Bank,Port Harcourt,11.210543529657922,11.550935318967127,Permanent,HND/BSc,5.0,550718.0,110143.6,181801.0,34846.0,141551.2,144.0
CUST_001611,LOAN_00001611,79148,92265,60,Good,UBA,Kaduna,9.439426471745271,10.619418189131782,Contract,HND/BSc,0.0,0.0,0.0,0.0,0.0,0.0,0.0
CUST_001612,LOAN_00001612,62629,73529,60,Good,Stanbic IBTC,Calabar,5.786885729813815,7.6466142849504575,Permanent,Masters,1.0,219555.0,219555.0,219555.0,219555.0,302206.0,60.0
CUST_001613,LOAN_00001613,94814,122719,365,Good,Union Bank,Jos,8.453456109592782,13.908491295770832,Permanent,Masters,6.0,354989.0,59164.833333333336,149695.0,5000.0,78530.66666666667,60.0
CUST_001614,LOAN_00001614,76779,99284,60,Good,GTBank,Enugu,10.68079220980352,14.63439049842024,Contract,Masters,6.0,390333.0,65055.5,121652.0,10787.0,86787.83333333333,110.0
CUST_001615,LOAN_00001615,187885,248029,60,Good,Stanbic IBTC,Calabar,10.933706083617794,5.083671751504944,Permanent,HND/BSc,7.0,499777.0,71396.71428571429,312555.0,11734.0,88340.28571428571,94.28571428571429
CUST_001616,LOAN_00001616,41072,49258,365,Bad,First Bank,Benin City,8.496565707988857,5.6761516969425365,Contract,Secondary,2.0,55476.0,27738.0,49313.0,6163.0,36537.0,45.0
CUST_001617,LOAN_00001617,25402,32426,30,Good,Fidelity Bank,Kaduna,6.746930771159732,9.307572336004435,Permanent,Secondary,2.0,310530.0,155265.0,290087.0,20443.0,183861.0,120.0
CUST_001618,LOAN_00001618,250268,321766,365,Good,GTBank,Calabar,12.763683238346442,4.095006831386943,Permanent,Masters,1.0,16081.0,16081.0,16081.0,16081.0,19078.0,30.0
CUST_001619,LOAN_00001619,102625,135197,60,Good,Stanbic IBTC,Ibadan,9.970263498608436,8.237380785877354,Contract,Masters,4.0,113744.0,28436.0,58241.0,11047.0,35132.0,120.0
CUST_001620,LOAN_00001620,23223,28421,60,Good,UBA,Jos,7.674137674116688,9.981495177332524,Permanent,,8.0,449150.0,56143.75,131104.0,11041.0,72940.125,116.25
CUST_001621,LOAN_00001621,12184,14725,180,Good,UBA,Abuja,6.524169017841872,9.264882853647997,Permanent,Secondary,3.0,80365.0,26788.333333333332,40051.0,5584.0,35679.0,80.0
CUST_001622,LOAN_00001622,116189,153488,90,Good,Access Bank,Kaduna,10.57992684703206,6.970902996936313,Contract,HND/BSc,7.0,457552.0,65364.57142857143,189238.0,7786.0,83818.85714285714,55.714285714285715
CUST_001623,LOAN_00001623,37106,46454,180,Bad,Stanbic IBTC,Kano,6.1796510103439095,9.509349672926485,Temporary,HND/BSc,2.0,28669.0,14334.5,17063.0,11606.0,17447.5,30.0
CUST_001624,LOAN_00001624,376336,486194,90,Good,Zenith Bank,Benin City,5.545389900763194,14.505611451106171,Self-Employed,Masters,5.0,120175.0,24035.0,46998.0,7522.0,31089.2,126.0
CUST_001625,LOAN_00001625,101290,136160,90,Bad,Stanbic IBTC,Lagos,8.768505000658632,5.472208851496513,Self-Employed,HND/BSc,2.0,164738.0,82369.0,141828.0,22910.0,110212.5,60.0
CUST_001626,LOAN_00001626,73116,97585,365,Bad,Fidelity Bank,Kaduna,6.609886533797277,10.857976300728044,Self-Employed,Masters,4.0,301288.0,75322.0,83803.0,63509.0,94282.75,60.0
CUST_001627,LOAN_00001627,134849,168805,90,Bad,GTBank,Enugu,9.660146304312535,3.520760329872622,Temporary,HND/BSc,1.0,29579.0,29579.0,29579.0,29579.0,35625.0,60.0
CUST_001628,LOAN_00001628,233136,284959,30,Bad,GTBank,Jos,5.061448073868101,3.796996853777219,Self-Employed,Secondary,2.0,37479.0,18739.5,28017.0,9462.0,23278.5,90.0
CUST_001629,LOAN_00001629,22320,29405,90,Good,Fidelity Bank,Ibadan,9.894469941105896,9.62193869068302,Contract,Secondary,3.0,498651.0,166217.0,234917.0,55970.0,219554.66666666666,100.0
CUST_001630,LOAN_00001630,25419,29285,90,Good,Stanbic IBTC,Lagos,6.54966875197932,4.259270163935394,Permanent,Secondary,9.0,393155.0,43683.88888888889,74322.0,5277.0,57762.11111111111,60.0
CUST_001631,LOAN_00001631,38915,47799,30,Good,Fidelity Bank,Lagos,4.002186409910615,3.268161461122288,Permanent,HND/BSc,9.0,1334164.0,148240.44444444444,880858.0,13355.0,192264.22222222222,116.66666666666667
CUST_001632,LOAN_00001632,102067,135072,90,Bad,First Bank,Benin City,5.142424519067587,5.058155971776266,Self-Employed,Secondary,2.0,26418.0,13209.0,18178.0,8240.0,17897.0,60.0
CUST_001633,LOAN_00001633,23151,31033,365,Bad,Union Bank,Calabar,12.402538400515846,9.778190051994894,Temporary,HND/BSc,4.0,185314.0,46328.5,123004.0,7545.0,58556.25,52.5
CUST_001634,LOAN_00001634,61592,77131,180,Good,Fidelity Bank,Enugu,11.80619175203822,11.44009145422719,Contract,HND/BSc,3.0,115295.0,38431.666666666664,42494.0,33313.0,48567.666666666664,100.0
CUST_001635,LOAN_00001635,12624,14726,30,Good,UBA,Calabar,6.102481288326132,5.42974276969656,Self-Employed,Masters,3.0,87709.0,29236.333333333332,44137.0,17881.0,36663.333333333336,60.0
CUST_001636,LOAN_00001636,71130,86837,180,Bad,Fidelity Bank,Ibadan,11.00534714090942,11.019113246498094,Contract,Masters,1.0,86952.0,86952.0,86952.0,86952.0,115485.0,60.0
CUST_001637,LOAN_00001637,82172,98123,60,Bad,GTBank,Lagos,9.477144338565768,5.1897159731907525,Contract,Secondary,5.0,192906.0,38581.2,86621.0,6055.0,45941.8,66.0
CUST_001638,LOAN_00001638,30573,36795,90,Good,UBA,Enugu,12.738142403048824,10.361489119575086,Contract,Secondary,1.0,41471.0,41471.0,41471.0,41471.0,47805.0,180.0
CUST_001639,LOAN_00001639,58605,77457,60,Good,GTBank,Enugu,7.362450935806532,7.943516158749587,Contract,Secondary,5.0,242988.0,48597.6,76609.0,14544.0,61519.4,96.0
CUST_001640,LOAN_00001640,106184,140962,90,Good,Access Bank,Port Harcourt,10.133145512654542,10.8455941120034,Permanent,,1.0,192793.0,192793.0,192793.0,192793.0,259765.0,60.0
CUST_001641,LOAN_00001641,28783,38235,60,Good,Zenith Bank,Jos,4.571821501815268,14.940633029750968,Self-Employed,HND/BSc,4.0,636173.0,159043.25,367042.0,35783.0,197955.75,97.5
CUST_001642,LOAN_00001642,95520,110930,60,Bad,GTBank,Lagos,7.566226121347654,14.253803582790743,Self-Employed,Secondary,2.0,76699.0,38349.5,44799.0,31900.0,49871.0,30.0
CUST_001643,LOAN_00001643,187583,245660,30,Bad,UBA,Lagos,12.674358950693623,3.0513810940332435,Self-Employed,Masters,2.0,28136.0,14068.0,19049.0,9087.0,16950.5,75.0
CUST_001644,LOAN_00001644,181341,235629,180,Bad,Access Bank,Enugu,8.850827870051084,13.62526517234767,Permanent,HND/BSc,0.0,0.0,0.0,0.0,0.0,0.0,0.0
CUST_001645,LOAN_00001645,24871,32989,60,Good,GTBank,Calabar,6.590915530013602,3.7978895420971983,Self-Employed,Masters,0.0,0.0,0.0,0.0,0.0,0.0,0.0
CUST_001646,LOAN_00001646,62740,81084,90,Good,First Bank,Lagos,5.082438668157462,14.43655903391814,Permanent,Secondary,3.0,72895.0,24298.333333333332,30525.0,15968.0,31198.0,100.0
CUST_001647,LOAN_00001647,42527,52888,180,Good,Fidelity Bank,Enugu,10.331755061633777,6.381908149196216,Permanent,HND/BSc,4.0,164919.0,41229.75,52737.0,21409.0,56040.25,105.0
CUST_001648,LOAN_00001648,55919,67110,365,Bad,Zenith Bank,Lagos,9.80370439086754,7.584417964935252,Self-Employed,HND/BSc,2.0,59089.0,29544.5,42426.0,16663.0,41191.0,75.0
CUST_001649,LOAN_00001649,125779,157026,60,Good,GTBank,Enugu,7.365448422433971,4.099658462108734,Permanent,Masters,5.0,118809.0,23761.8,64966.0,10617.0,29000.2,72.0
CUST_001650,LOAN_00001650,10000,12743,90,Good,Access Bank,Port Harcourt,12.558472166792509,4.347273099946915,Permanent,Masters,4.0,286407.0,71601.75,179540.0,23272.0,94720.5,150.0
CUST_001651,LOAN_00001651,32146,37794,90,Good,First Bank,Jos,4.199825316890653,11.720886782751837,Permanent,HND/BSc,4.0,150814.0,37703.5,83615.0,10754.0,50208.75,75.0
CUST_001652,LOAN_00001652,37697,48026,30,Bad,Stanbic IBTC,Enugu,6.733514664686432,14.3319868289795,Self-Employed,Secondary,7.0,812896.0,116128.0,314929.0,5390.0,153827.0,94.28571428571429
CUST_001653,LOAN_00001653,106866,140020,60,Good,Access Bank,Lagos,12.289625376696232,10.328981939451714,Permanent,HND/BSc,1.0,31624.0,31624.0,31624.0,31624.0,41552.0,60.0
CUST_001654,LOAN_00001654,317435,387790,60,Good,Fidelity Bank,Ibadan,6.888418944874964,11.590200186321733,Contract,,2.0,51552.0,25776.0,28280.0,23272.0,32597.0,75.0
CUST_001655,LOAN_00001655,92589,114852,365,Bad,Access Bank,Jos,6.270275504696533,12.143636935165842,Self-Employed,HND/BSc,7.0,304699.0,43528.42857142857,98654.0,6946.0,54153.57142857143,124.28571428571429
CUST_001656,LOAN_00001656,146488,187129,180,Bad,First Bank,Port Harcourt,8.807983689381226,6.1537712946353,Self-Employed,Masters,2.0,113060.0,56530.0,85079.0,27981.0,70504.5,135.0
CUST_001657,LOAN_00001657,96518,126812,60,Bad,Access Bank,Enugu,11.41421574928484,3.542755571042579,Self-Employed,HND/BSc,5.0,225654.0,45130.8,95816.0,23318.0,55295.4,120.0
CUST_001658,LOAN_00001658,157129,210657,180,Bad,First Bank,Ibadan,4.928320847905249,3.022472927030023,Contract,HND/BSc,0.0,0.0,0.0,0.0,0.0,0.0,0.0
CUST_001659,LOAN_00001659,57150,73149,30,Good,GTBank,Enugu,12.487186386811626,7.207791395448224,Permanent,HND/BSc,1.0,49208.0,49208.0,49208.0,49208.0,58585.0,90.0
CUST_001660,LOAN_00001660,75344,96507,365,Bad,Union Bank,Calabar,11.155655930630475,5.897570738390593,Permanent,Masters,5.0,320827.0,64165.4,190662.0,18489.0,80361.0,114.0
CUST_001661,LOAN_00001661,216433,266763,60,Good,First Bank,Lagos,5.631252299963967,3.747812700590228,Contract,Masters,2.0,217870.0,108935.0,194359.0,23511.0,126647.5,75.0
CUST_001662,LOAN_00001662,180833,210488,180,Good,First Bank,Kaduna,10.408071650783464,5.154339509924001,Self-Employed,HND/BSc,3.0,147035.0,49011.666666666664,87223.0,23609.0,59598.333333333336,60.0
CUST_001663,LOAN_00001663,241941,317933,60,Good,Zenith Bank,Benin City,7.464628503738014,4.493986779215374,Permanent,HND/BSc,2.0,47048.0,23524.0,35911.0,11137.0,32309.0,105.0
CUST_001664,LOAN_00001664,51084,67440,30,Good,First Bank,Abuja,7.620652102686867,13.978540567408444,Permanent,HND/BSc,3.0,116689.0,38896.333333333336,87045.0,5000.0,49097.0,80.0
CUST_001665,LOAN_00001665,37112,43519,365,Bad,First Bank,Calabar,11.049610831949796,4.683206561510027,Self-Employed,Secondary,5.0,276348.0,55269.6,123757.0,33226.0,72146.2,78.0
CUST_001666,LOAN_00001666,76421,88031,90,Bad,Stanbic IBTC,Ibadan,12.66506327182659,9.45178156785215,Self-Employed,PhD,2.0,36801.0,18400.5,21540.0,15261.0,23321.5,120.0
CUST_001667,LOAN_00001667,17047,22550,30,Good,Union Bank,Calabar,5.1399028556247455,10.117271461345975,Self-Employed,HND/BSc,7.0,694907.0,99272.42857142857,216436.0,19482.0,125861.71428571429,90.0
CUST_001668,LOAN_00001668,10461,13057,30,Good,GTBank,Kano,7.785672131909374,9.521873492503603,Self-Employed,Masters,2.0,135962.0,67981.0,112667.0,23295.0,80366.5,75.0
CUST_001669,LOAN_00001669,90938,107157,90,Bad,Fidelity Bank,Enugu,8.328474472758732,4.188677210591855,Self-Employed,Masters,1.0,51820.0,51820.0,51820.0,51820.0,70735.0,60.0
CUST_001670,LOAN_00001670,111574,129988,90,Bad,Zenith Bank,Enugu,7.386806352594979,6.825580341006615,Self-Employed,Masters,1.0,46782.0,46782.0,46782.0,46782.0,54607.0,90.0
CUST_001671,LOAN_00001671,50226,61088,90,Good,Stanbic IBTC,Abuja,7.268702113446025,3.615243989557839,Contract,PhD,5.0,302508.0,60501.6,133447.0,5000.0,75323.6,78.0
CUST_001672,LOAN_00001672,14829,18961,90,Good,UBA,Abuja,4.470418008054369,7.748038969155792,Temporary,HND/BSc,7.0,305192.0,43598.857142857145,129363.0,6767.0,55501.28571428572,64.28571428571429
CUST_001673,LOAN_00001673,251205,324018,30,Bad,Union Bank,Kano,10.169847585063607,5.263187175259104,Contract,Masters,2.0,54432.0,27216.0,40408.0,14024.0,37005.5,45.0
CUST_001674,LOAN_00001674,23161,27560,60,Good,GTBank,Lagos,7.925929754080409,9.739590399412558,Permanent,Secondary,0.0,0.0,0.0,0.0,0.0,0.0,0.0
CUST_001675,LOAN_00001675,141795,180705,180,Bad,GTBank,Benin City,5.75314422379534,11.313700726189207,Permanent,HND/BSc,1.0,24294.0,24294.0,24294.0,24294.0,31509.0,30.0
CUST_001676,LOAN_00001676,63995,83520,60,Bad,UBA,Kaduna,11.344301520718616,9.385438322456478,Self-Employed,Masters,3.0,97301.0,32433.666666666668,83602.0,5007.0,38985.666666666664,70.0
CUST_001677,LOAN_00001677,55198,73946,365,Bad,Fidelity Bank,Kaduna,11.22304673336465,8.21084035933675,Temporary,Secondary,9.0,543084.0,60342.666666666664,148004.0,8503.0,80387.77777777778,100.0
CUST_001678,LOAN_00001678,173699,211654,90,Good,First Bank,Port Harcourt,8.377524652800044,7.648001050280309,Permanent,Masters,1.0,21288.0,21288.0,21288.0,21288.0,24883.0,60.0
CUST_001679,LOAN_00001679,75281,99625,60,Good,Stanbic IBTC,Port Harcourt,6.686055950329845,13.100301217164043,Permanent,Masters,1.0,16581.0,16581.0,16581.0,16581.0,19845.0,90.0
CUST_001680,LOAN_00001680,283622,347195,30,Bad,Access Bank,Lagos,9.742834532168072,5.632416780783241,Self-Employed,Masters,2.0,44760.0,22380.0,23399.0,21361.0,28545.5,60.0
CUST_001681,LOAN_00001681,10466,12325,180,Bad,Zenith Bank,Port Harcourt,6.593369221996627,11.810620074346426,Temporary,HND/BSc,3.0,95503.0,31834.333333333332,35454.0,28815.0,38495.0,150.0
CUST_001682,LOAN_00001682,56180,72359,90,Good,Access Bank,Port Harcourt,6.124071372913408,12.089787896881427,Permanent,HND/BSc,2.0,147840.0,73920.0,101361.0,46479.0,98719.5,30.0
CUST_001683,LOAN_00001683,76188,101883,90,Good,UBA,Kano,10.57463188623694,8.030400087248815,Permanent,HND/BSc,6.0,541251.0,90208.5,405031.0,5000.0,113422.83333333333,115.0
CUST_001684,LOAN_00001684,58869,78111,60,Good,GTBank,Kano,4.362927157488556,6.5676071907076725,Self-Employed,Masters,1.0,7126.0,7126.0,7126.0,7126.0,8896.0,90.0
CUST_001685,LOAN_00001685,211728,285041,30,Good,Fidelity Bank,Port Harcourt,4.852916239311345,8.646497832551702,Permanent,HND/BSc,4.0,257446.0,64361.5,138361.0,6361.0,77457.0,142.5
CUST_001686,LOAN_00001686,152231,186484,30,Bad,GTBank,Calabar,4.061093566212308,4.118567110712382,Self-Employed,HND/BSc,2.0,50916.0,25458.0,30461.0,20455.0,34803.0,45.0
CUST_001687,LOAN_00001687,70215,93015,365,Bad,Zenith Bank,Jos,5.376488678278836,3.55116038674908,Permanent,HND/BSc,3.0,124718.0,41572.666666666664,59825.0,18720.0,54760.666666666664,50.0
CUST_001688,LOAN_00001688,25234,31571,365,Good,GTBank,Jos,4.620910078394135,4.3392383934227015,Permanent,Secondary,2.0,44137.0,22068.5,23469.0,20668.0,28957.0,135.0
CUST_001689,LOAN_00001689,100136,134866,180,Bad,GTBank,Lagos,12.962221310019268,5.2457403775467135,Permanent,Secondary,5.0,320002.0,64000.4,125655.0,9238.0,79272.2,96.0
CUST_001690,LOAN_00001690,59857,72038,30,Good,Zenith Bank,Kaduna,6.599289729586806,9.050121844056516,Permanent,Secondary,2.0,64122.0,32061.0,50769.0,13353.0,37762.5,105.0
CUST_001691,LOAN_00001691,21873,29470,60,Good,Stanbic IBTC,Abuja,5.343412114023225,13.189639633933464,Permanent,HND/BSc,3.0,66428.0,22142.666666666668,32943.0,14103.0,27143.666666666668,60.0
CUST_001692,LOAN_00001692,21574,26620,90,Good,Stanbic IBTC,Lagos,6.168966321963262,5.827707983996244,Permanent,Masters,5.0,285319.0,57063.8,105953.0,16364.0,74235.0,48.0
CUST_001693,LOAN_00001693,117679,141196,30,Bad,Zenith Bank,Port Harcourt,12.425130143861212,14.221944128961336,Self-Employed,Secondary,1.0,17344.0,17344.0,17344.0,17344.0,21209.0,180.0
CUST_001694,LOAN_00001694,30344,35522,90,Good,Fidelity Bank,Kano,8.681442007219562,14.458894907220042,Permanent,Secondary,2.0,112631.0,56315.5,80773.0,31858.0,76671.5,180.0
CUST_001695,LOAN_00001695,149874,173595,180,Bad,UBA,Enugu,7.283362866770712,14.506855258142462,Temporary,HND/BSc,2.0,87760.0,43880.0,58018.0,29742.0,58651.5,75.0
CUST_001696,LOAN_00001696,76751,101148,90,Good,Union Bank,Calabar,11.860523121182975,13.050752816115883,Permanent,Masters,5.0,96876.0,19375.2,35343.0,8565.0,24764.0,60.0
CUST_001697,LOAN_00001697,35100,44273,90,Bad,GTBank,Ibadan,7.554912434941292,7.365900489572647,Self-Employed,Secondary,2.0,91072.0,45536.0,77361.0,13711.0,59213.0,75.0
CUST_001698,LOAN_00001698,44511,56795,30,Good,Fidelity Bank,Kano,7.015077129619263,3.8722069320314767,Permanent,Secondary,9.0,353105.0,39233.88888888889,110900.0,13626.0,50207.555555555555,83.33333333333333
CUST_001699,LOAN_00001699,196529,247549,60,Good,GTBank,Jos,5.86554270294762,9.82582478119794,Permanent,Secondary,0.0,0.0,0.0,0.0,0.0,0.0,0.0
CUST_001700,LOAN_00001700,10000,12329,60,Good,Union Bank,Kano,7.400171415184703,9.704177327246803,Contract,HND/BSc,7.0,351492.0,50213.142857142855,94548.0,36319.0,63464.0,102.85714285714286
CUST_001701,LOAN_00001701,70620,89088,60,Good,UBA,Calabar,6.850159204152334,13.199709205315148,Contract,Secondary,2.0,329123.0,164561.5,197694.0,131429.0,204396.5,105.0
CUST_001702,LOAN_00001702,73994,96313,60,Good,Stanbic IBTC,Abuja,10.095735633683269,14.951892611353262,Self-Employed,HND/BSc,0.0,0.0,0.0,0.0,0.0,0.0,0.0
CUST_001703,LOAN_00001703,270737,339498,60,Good,Fidelity Bank,Port Harcourt,6.606244342036544,9.09788767872177,Self-Employed,Masters,5.0,299202.0,59840.4,120356.0,7756.0,79003.4,60.0
CUST_001704,LOAN_00001704,27378,33145,30,Good,First Bank,Enugu,9.194797717803052,7.142448372477411,Self-Employed,HND/BSc,1.0,45679.0,45679.0,45679.0,45679.0,58533.0,180.0
CUST_001705,LOAN_00001705,89481,115201,30,Good,First Bank,Jos,4.5930294852877545,5.230820538675204,Contract,Secondary,3.0,176241.0,58747.0,82983.0,37834.0,77068.33333333333,30.0
CUST_001706,LOAN_00001706,98546,122028,180,Bad,Union Bank,Jos,5.721602410268629,3.057597897808449,Self-Employed,HND/BSc,8.0,294125.0,36765.625,90119.0,5486.0,45721.75,78.75
CUST_001707,LOAN_00001707,28359,34235,60,Good,First Bank,Benin City,7.666647444502139,9.10936430986655,Contract,HND/BSc,0.0,0.0,0.0,0.0,0.0,0.0,0.0
CUST_001708,LOAN_00001708,25689,30104,365,Good,Stanbic IBTC,Kaduna,12.43254328517826,9.66622400043115,Temporary,PhD,3.0,139586.0,46528.666666666664,74135.0,20399.0,61312.333333333336,130.0
CUST_001709,LOAN_00001709,42747,54993,90,Bad,Union Bank,Abuja,7.395267871441259,12.89926175780877,Self-Employed,Secondary,1.0,38741.0,38741.0,38741.0,38741.0,51294.0,30.0
CUST_001710,LOAN_00001710,123426,154031,365,Bad,Stanbic IBTC,Jos,9.976667090798507,9.054923614713609,Permanent,Masters,4.0,235467.0,58866.75,108339.0,15213.0,73977.5,120.0
CUST_001711,LOAN_00001711,65744,83804,30,Good,UBA,Kaduna,6.295785001792583,13.997620183992678,Permanent,Masters,1.0,74892.0,74892.0,74892.0,74892.0,95407.0,60.0
CUST_001712,LOAN_00001712,50754,63167,60,Good,GTBank,Jos,5.1433021837590855,10.537001718857226,Contract,Secondary,3.0,629295.0,209765.0,519221.0,38889.0,275726.6666666667,70.0
CUST_001713,LOAN_00001713,80345,101434,30,Bad,UBA,Port Harcourt,4.526829400720451,13.084034858652998,Self-Employed,PhD,1.0,69764.0,69764.0,69764.0,69764.0,96188.0,60.0
CUST_001714,LOAN_00001714,106829,137847,60,Good,UBA,Kaduna,6.748721486884762,4.779620817692965,Contract,HND/BSc,7.0,549312.0,78473.14285714286,140150.0,20581.0,101031.71428571429,98.57142857142857
CUST_001715,LOAN_00001715,156384,190054,90,Bad,Stanbic IBTC,Calabar,5.418949241172172,13.264033563627777,Self-Employed,HND/BSc,0.0,0.0,0.0,0.0,0.0,0.0,0.0
CUST_001716,LOAN_00001716,37641,47145,90,Good,Union Bank,Benin City,5.566094032145118,11.10172625332618,Permanent,Secondary,2.0,98184.0,49092.0,71903.0,26281.0,60216.0,60.0
CUST_001717,LOAN_00001717,53830,68056,30,Good,Union Bank,Port Harcourt,10.846833775482551,5.042796389259967,Permanent,Secondary,8.0,342044.0,42755.5,115729.0,13235.0,53987.875,78.75
CUST_001718,LOAN_00001718,97896,116774,30,Good,First Bank,Calabar,4.142542638503868,5.27716269775213,Permanent,HND/BSc,0.0,0.0,0.0,0.0,0.0,0.0,0.0
CUST_001719,LOAN_00001719,195669,261564,90,Good,Access Bank,Enugu,9.02029113161891,14.118007428530657,Contract,HND/BSc,3.0,419320.0,139773.33333333334,332555.0,30064.0,187685.66666666666,50.0
CUST_001720,LOAN_00001720,191157,252265,60,Bad,GTBank,Abuja,7.415152425341184,3.3865843254044745,Self-Employed,HND/BSc,1.0,19355.0,19355.0,19355.0,19355.0,25833.0,180.0
CUST_001721,LOAN_00001721,538451,708207,30,Good,Stanbic IBTC,Abuja,8.558949999176924,8.550419319548473,Permanent,HND/BSc,0.0,0.0,0.0,0.0,0.0,0.0,0.0
CUST_001722,LOAN_00001722,25130,33126,60,Good,First Bank,Ibadan,9.065472134931426,6.761703479209219,Contract,HND/BSc,4.0,181953.0,45488.25,93330.0,13406.0,55057.0,90.0
CUST_001723,LOAN_00001723,111924,129224,60,Bad,Fidelity Bank,Ibadan,6.820309250115503,10.980929279981137,Permanent,HND/BSc,7.0,339514.0,48502.0,109802.0,8954.0,60284.142857142855,85.71428571428571
CUST_001724,LOAN_00001724,14584,16834,180,Good,Access Bank,Kaduna,6.655979741658568,13.075552650827904,Permanent,Secondary,10.0,438229.0,43822.9,81965.0,14735.0,57799.2,57.0
CUST_001725,LOAN_00001725,51419,66440,60,Good,Access Bank,Abuja,10.600616644014153,7.324537458678835,Self-Employed,HND/BSc,4.0,81359.0,20339.75,28730.0,12171.0,27216.0,127.5
CUST_001726,LOAN_00001726,111511,139637,90,Good,Stanbic IBTC,Kaduna,11.841492893090416,8.122825047874047,Permanent,HND/BSc,4.0,562658.0,140664.5,514504.0,7044.0,193289.25,105.0
CUST_001727,LOAN_00001727,115794,148896,60,Good,Zenith Bank,Ibadan,5.733234692126751,14.78301341401697,Self-Employed,HND/BSc,5.0,291300.0,58260.0,119526.0,5000.0,71626.8,78.0
CUST_001728,LOAN_00001728,31709,39271,60,Good,GTBank,Enugu,4.878568844816341,12.406998116150431,Self-Employed,Secondary,2.0,83376.0,41688.0,67662.0,15714.0,51419.0,45.0
CUST_001729,LOAN_00001729,43691,53101,60,Good,Access Bank,Jos,12.080162257528231,13.766449571181496,Self-Employed,Secondary,5.0,423230.0,84646.0,148898.0,27653.0,107244.2,90.0
CUST_001730,LOAN_00001730,51933,64337,90,Good,Stanbic IBTC,Calabar,7.149059172826588,8.265146647819556,Permanent,Secondary,2.0,44711.0,22355.5,34118.0,10593.0,28796.5,135.0
CUST_001731,LOAN_00001731,85754,102515,365,Good,Stanbic IBTC,Kano,8.961856515965327,5.808914447809382,Contract,PhD,9.0,279543.0,31060.333333333332,137651.0,6046.0,40337.0,106.66666666666667
CUST_001732,LOAN_00001732,22759,27083,60,Good,First Bank,Kaduna,7.235888300680031,7.94236158463742,Self-Employed,HND/BSc,0.0,0.0,0.0,0.0,0.0,0.0,0.0
CUST_001733,LOAN_00001733,166015,211456,60,Bad,Fidelity Bank,Enugu,5.132221027114461,11.593103013978162,Self-Employed,Secondary,3.0,149067.0,49689.0,64826.0,35560.0,64169.666666666664,110.0
CUST_001734,LOAN_00001734,18074,23740,60,Bad,Zenith Bank,Calabar,9.303984804529552,4.313164858031752,Self-Employed,Secondary,0.0,0.0,0.0,0.0,0.0,0.0,0.0
CUST_001735,LOAN_00001735,38292,44998,180,Bad,GTBank,Abuja,8.726267665926667,6.245629267398106,Permanent,Secondary,2.0,78194.0,39097.0,59186.0,19008.0,45843.0,45.0
CUST_001736,LOAN_00001736,86261,100727,60,Good,Union Bank,Jos,5.826942032720774,3.5596308055390846,Permanent,HND/BSc,7.0,335543.0,47934.71428571428,168920.0,5000.0,59146.42857142857,81.42857142857143
CUST_001737,LOAN_00001737,67198,85874,90,Bad,UBA,Calabar,8.0668214018705,8.188172860057579,Contract,Secondary,2.0,118161.0,59080.5,66329.0,51832.0,75269.5,60.0
CUST_001738,LOAN_00001738,20807,26872,60,Good,Fidelity Bank,Benin City,11.172527536140812,12.92934883175536,Self-Employed,HND/BSc,1.0,29365.0,29365.0,29365.0,29365.0,39586.0,180.0
CUST_001739,LOAN_00001739,120309,152143,30,Good,Fidelity Bank,Ibadan,9.313834927971024,3.2959642595761296,Permanent,HND/BSc,3.0,295152.0,98384.0,135450.0,32933.0,127173.33333333333,150.0
CUST_001740,LOAN_00001740,291196,368229,180,Bad,First Bank,Calabar,4.872255943602954,11.103882321685992,Permanent,Masters,4.0,213994.0,53498.5,161601.0,8462.0,65013.0,127.5
CUST_001741,LOAN_00001741,714192,823397,30,Good,Union Bank,Kano,8.932193475062215,14.189950494164876,Self-Employed,HND/BSc,1.0,19332.0,19332.0,19332.0,19332.0,23598.0,180.0
CUST_001742,LOAN_00001742,35450,43763,60,Good,Access Bank,Enugu,10.32464469360628,5.843134338134187,Permanent,HND/BSc,0.0,0.0,0.0,0.0,0.0,0.0,0.0
CUST_001743,LOAN_00001743,71523,82582,30,Good,Access Bank,Jos,11.134330652026762,11.323618088731775,Permanent,Masters,7.0,301004.0,43000.57142857143,79969.0,25609.0,54388.0,81.42857142857143
CUST_001744,LOAN_00001744,133266,174419,60,Good,First Bank,Port Harcourt,9.662058207708402,14.701222813202405,Permanent,HND/BSc,2.0,64913.0,32456.5,56223.0,8690.0,40685.0,180.0
CUST_001745,LOAN_00001745,19985,26599,180,Good,Stanbic IBTC,Calabar,5.373923480867054,14.54733672182956,Permanent,Masters,2.0,61377.0,30688.5,31107.0,30270.0,38723.0,135.0
CUST_001746,LOAN_00001746,57010,66283,60,Good,Access Bank,Lagos,10.391559399311449,5.819150316349719,Contract,HND/BSc,3.0,108907.0,36302.333333333336,59312.0,12156.0,48143.0,90.0
CUST_001747,LOAN_00001747,247338,303340,90,Good,Zenith Bank,Kano,10.096076614733647,4.203972638544824,Permanent,HND/BSc,6.0,289912.0,48318.666666666664,87477.0,20873.0,61296.166666666664,55.0
CUST_001748,LOAN_00001748,31030,39970,30,Good,GTBank,Kano,4.219841946465699,4.779390454750992,Permanent,HND/BSc,5.0,662087.0,132417.4,441903.0,14885.0,168321.6,66.0
CUST_001749,LOAN_00001749,24194,28307,60,Good,Fidelity Bank,Lagos,7.705729008312188,11.424428021785706,Permanent,,1.0,29497.0,29497.0,29497.0,29497.0,35726.0,60.0
CUST_001750,LOAN_00001750,87684,115987,180,Bad,Fidelity Bank,Benin City,6.99655222266136,11.709106505439308,Permanent,HND/BSc,1.0,79239.0,79239.0,79239.0,79239.0,103973.0,180.0
CUST_001751,LOAN_00001751,55076,67904,30,Good,Zenith Bank,Port Harcourt,10.024708578282793,11.090838739538388,Self-Employed,PhD,0.0,0.0,0.0,0.0,0.0,0.0,0.0
CUST_001752,LOAN_00001752,28881,34778,90,Good,Union Bank,Ibadan,5.945222310798286,7.032940652906857,Permanent,Secondary,8.0,524083.0,65510.375,200064.0,13471.0,81513.5,97.5
CUST_001753,LOAN_00001753,63912,79519,90,Good,Access Bank,Enugu,9.317847306768329,5.037323277097466,Contract,HND/BSc,6.0,539901.0,89983.5,330647.0,20546.0,117866.33333333333,75.0
CUST_001754,LOAN_00001754,44273,55344,30,Good,Fidelity Bank,Jos,12.218853656327552,9.969133103427035,Permanent,PhD,1.0,17336.0,17336.0,17336.0,17336.0,24176.0,60.0
CUST_001755,LOAN_00001755,11383,13715,30,Good,UBA,Enugu,11.18022134987747,8.804165349094397,Permanent,HND/BSc,5.0,499190.0,99838.0,390060.0,6909.0,126828.8,78.0
CUST_001756,LOAN_00001756,20545,26935,365,Bad,Union Bank,Port Harcourt,12.293119625948773,11.74600976546764,Permanent,,10.0,310680.0,31068.0,57980.0,5247.0,37765.0,69.0
CUST_001757,LOAN_00001757,29141,37283,90,Good,GTBank,Enugu,12.80655370239421,8.296320944227457,Permanent,Secondary,4.0,315031.0,78757.75,121905.0,24184.0,102701.5,105.0
CUST_001758,LOAN_00001758,123732,144872,180,Bad,GTBank,Lagos,4.096031143055465,7.06367633623762,Self-Employed,PhD,3.0,156807.0,52269.0,83991.0,29158.0,71938.0,120.0
CUST_001759,LOAN_00001759,43209,54602,60,Good,Fidelity Bank,Kano,9.604671487397296,6.521742928308173,Contract,HND/BSc,0.0,0.0,0.0,0.0,0.0,0.0,0.0
CUST_001760,LOAN_00001760,129768,166801,30,Bad,First Bank,Enugu,7.715554579830158,5.537643840596958,Self-Employed,Secondary,2.0,258724.0,129362.0,226520.0,32204.0,155463.0,60.0
CUST_001761,LOAN_00001761,55935,69293,30,Good,Union Bank,Kaduna,11.738690413016096,6.188956514239937,Permanent,Masters,2.0,67534.0,33767.0,43445.0,24089.0,45647.5,90.0
CUST_001762,LOAN_00001762,35370,45168,60,Good,Fidelity Bank,Calabar,6.266332318082185,4.137965266129216,Permanent,Secondary,7.0,210274.0,30039.14285714286,72879.0,10233.0,39399.57142857143,128.57142857142858
CUST_001763,LOAN_00001763,60450,71044,30,Good,First Bank,Port Harcourt,12.829265402035686,7.1622841311466745,Permanent,Secondary,7.0,561513.0,80216.14285714286,194956.0,10759.0,101000.57142857143,72.85714285714286
CUST_001764,LOAN_00001764,119098,148554,30,Bad,Fidelity Bank,Benin City,9.523371725893725,3.4388377483554984,Self-Employed,Secondary,0.0,0.0,0.0,0.0,0.0,0.0,0.0
CUST_001765,LOAN_00001765,47430,54851,180,Good,UBA,Kaduna,11.14183662005948,5.236966165995922,Permanent,HND/BSc,2.0,54073.0,27036.5,43050.0,11023.0,35672.0,30.0
CUST_001766,LOAN_00001766,57490,67346,60,Good,Union Bank,Lagos,4.770395975404915,11.96124533543315,Contract,,8.0,295459.0,36932.375,91035.0,5000.0,47767.25,82.5
CUST_001767,LOAN_00001767,27619,34354,60,Good,Stanbic IBTC,Abuja,5.651120962829785,6.905627864119472,Permanent,Secondary,1.0,25311.0,25311.0,25311.0,25311.0,29402.0,180.0
CUST_001768,LOAN_00001768,35493,42114,30,Good,GTBank,Lagos,10.82563305730783,11.018844203728126,Permanent,HND/BSc,8.0,282825.0,35353.125,69303.0,5000.0,46633.5,90.0
CUST_001769,LOAN_00001769,24394,29849,90,Good,Fidelity Bank,Benin City,4.197878698353913,11.602610107167328,Temporary,Secondary,2.0,39095.0,19547.5,23289.0,15806.0,25390.5,60.0
CUST_001770,LOAN_00001770,126223,159210,180,Good,UBA,Benin City,11.351901873044046,9.974224112785365,Contract,Masters,5.0,342645.0,68529.0,116824.0,8356.0,85214.4,96.0
CUST_001771,LOAN_00001771,75979,88143,60,Bad,First Bank,Kaduna,4.125541168227203,14.504372896384782,Self-Employed,Secondary,6.0,269155.0,44859.166666666664,76387.0,26658.0,54583.333333333336,100.0
CUST_001772,LOAN_00001772,57324,70478,180,Bad,First Bank,Calabar,9.91406955155146,3.257278399477359,Self-Employed,Secondary,1.0,234735.0,234735.0,234735.0,234735.0,309048.0,180.0
CUST_001773,LOAN_00001773,29588,38637,60,Good,GTBank,Port Harcourt,7.285845282086253,11.863831807057704,Contract,Secondary,4.0,171418.0,42854.5,73127.0,31808.0,54092.75,82.5
CUST_001774,LOAN_00001774,154920,203314,60,Good,Zenith Bank,Ibadan,9.50345367447279,14.505439727284896,Permanent,HND/BSc,8.0,327396.0,40924.5,71289.0,10364.0,50289.25,86.25
CUST_001775,LOAN_00001775,107588,133486,30,Good,Fidelity Bank,Kano,10.264282662902025,13.347260752235272,Contract,Masters,6.0,122952.0,20492.0,41383.0,7837.0,26758.666666666668,100.0
CUST_001776,LOAN_00001776,133802,180382,90,Good,Union Bank,Kaduna,7.082276972676738,5.014712301660159,Permanent,HND/BSc,5.0,680741.0,136148.2,301334.0,32350.0,182013.4,66.0
CUST_001777,LOAN_00001777,168646,196163,60,Good,Access Bank,Benin City,4.97166203299752,6.921843675020785,Contract,Secondary,4.0,268069.0,67017.25,82210.0,54451.0,87852.75,90.0
CUST_001778,LOAN_00001778,28178,37807,60,Good,First Bank,Abuja,4.626812809734391,5.069422078517585,Contract,HND/BSc,4.0,254008.0,63502.0,175684.0,10349.0,80683.75,52.5
CUST_001779,LOAN_00001779,60944,73729,90,Good,Union Bank,Jos,9.300424203062931,10.21570036577645,Self-Employed,Masters,9.0,222566.0,24729.555555555555,40373.0,11805.0,32307.222222222223,83.33333333333333
CUST_001780,LOAN_00001780,47863,60636,60,Good,Union Bank,Benin City,8.685898183607005,11.546255783753908,Self-Employed,Secondary,3.0,84570.0,28190.0,43601.0,9787.0,35740.0,80.0
CUST_001781,LOAN_00001781,231155,304782,60,Bad,Stanbic IBTC,Calabar,10.679809082090191,6.804885232356698,Self-Employed,Secondary,1.0,19277.0,19277.0,19277.0,19277.0,24884.0,30.0
CUST_001782,LOAN_00001782,41736,48837,365,Good,Union Bank,Calabar,8.587619590035434,9.474078887811546,Permanent,Secondary,2.0,52661.0,26330.5,35720.0,16941.0,34426.5,135.0
CUST_001783,LOAN_00001783,72872,90524,60,Good,Union Bank,Benin City,7.802012110277912,11.29104684085434,Permanent,Masters,2.0,204948.0,102474.0,140398.0,64550.0,125421.5,75.0
CUST_001784,LOAN_00001784,67810,88155,90,Good,Stanbic IBTC,Calabar,7.582784604126077,8.05607779933258,Permanent,HND/BSc,8.0,169807.0,21225.875,38568.0,11413.0,26159.875,101.25
CUST_001785,LOAN_00001785,19221,23411,180,Good,First Bank,Kaduna,4.238022123379007,13.24818636546551,Self-Employed,HND/BSc,8.0,500766.0,62595.75,197541.0,8995.0,79309.375,67.5
CUST_001786,LOAN_00001786,22744,26656,90,Bad,Union Bank,Benin City,7.020014815269914,12.258599223453803,Temporary,Secondary,1.0,44034.0,44034.0,44034.0,44034.0,56447.0,60.0
CUST_001787,LOAN_00001787,35034,42477,60,Good,Zenith Bank,Benin City,12.784181417720449,3.775986526206848,Permanent,HND/BSc,5.0,373961.0,74792.2,209746.0,5000.0,95210.8,120.0
CUST_001788,LOAN_00001788,30016,36152,30,Good,Zenith Bank,Port Harcourt,11.8620001860438,10.453503589089948,Permanent,,3.0,140171.0,46723.666666666664,65388.0,24084.0,57998.666666666664,90.0
CUST_001789,LOAN_00001789,128795,156256,90,Bad,UBA,Kano,6.964402603307959,5.823906611516995,Contract,Secondary,1.0,81084.0,81084.0,81084.0,81084.0,106713.0,90.0
CUST_001790,LOAN_00001790,22691,26777,90,Good,Stanbic IBTC,Abuja,9.29015864559735,9.690219176007304,Self-Employed,PhD,0.0,0.0,0.0,0.0,0.0,0.0,0.0
CUST_001791,LOAN_00001791,90626,115387,60,Good,UBA,Calabar,11.625670709819444,14.482661311595596,Contract,HND/BSc,0.0,0.0,0.0,0.0,0.0,0.0,0.0
CUST_001792,LOAN_00001792,146644,180111,365,Bad,Stanbic IBTC,Port Harcourt,7.971469030750618,13.548744054627,Permanent,Secondary,3.0,148146.0,49382.0,69191.0,24283.0,61825.0,180.0
CUST_001793,LOAN_00001793,36255,46916,90,Good,Fidelity Bank,Ibadan,4.161620773751359,7.854196837381581,Temporary,HND/BSc,2.0,236875.0,118437.5,155449.0,81426.0,153841.5,105.0
CUST_001794,LOAN_00001794,54493,68198,90,Bad,Fidelity Bank,Ibadan,4.670594156367761,6.49816630013224,Self-Employed,PhD,1.0,38052.0,38052.0,38052.0,38052.0,52080.0,30.0
CUST_001795,LOAN_00001795,269265,347200,30,Good,Union Bank,Enugu,8.59353449213836,5.812868932899108,Permanent,HND/BSc,1.0,42863.0,42863.0,42863.0,42863.0,50693.0,180.0
CUST_001796,LOAN_00001796,89310,119754,90,Bad,Access Bank,Kaduna,12.724954381082906,9.39017843707824,Temporary,Masters,4.0,360450.0,90112.5,190737.0,5000.0,119943.0,90.0
CUST_001797,LOAN_00001797,149233,173368,60,Good,Fidelity Bank,Kaduna,10.23888587996981,4.370981439096676,Contract,Secondary,5.0,160933.0,32186.6,87024.0,6244.0,38897.2,60.0
CUST_001798,LOAN_00001798,36742,45589,365,Good,Access Bank,Lagos,4.638245722947126,9.591300097538983,Permanent,HND/BSc,5.0,574394.0,114878.8,233310.0,31217.0,142148.8,72.0
CUST_001799,LOAN_00001799,80924,100583,60,Good,Fidelity Bank,Abuja,5.704247882126765,3.016003673889504,Contract,Masters,3.0,65887.0,21962.333333333332,25544.0,15151.0,27285.333333333332,90.0
CUST_001800,LOAN_00001800,64773,80060,60,Good,GTBank,Benin City,10.94190828895165,6.8861955689501375,Self-Employed,PhD,1.0,62847.0,62847.0,62847.0,62847.0,82744.0,60.0
CUST_001801,LOAN_00001801,47841,62787,90,Good,Fidelity Bank,Calabar,11.572957839606204,5.639211765966975,Self-Employed,HND/BSc,1.0,108356.0,108356.0,108356.0,108356.0,127820.0,60.0
CUST_001802,LOAN_00001802,24452,29890,30,Good,UBA,Abuja,9.559251275697315,14.654625479529384,Permanent,HND/BSc,10.0,357862.0,35786.2,71209.0,9802.0,44980.6,84.0
CUST_001803,LOAN_00001803,42066,51855,30,Good,First Bank,Enugu,9.79980852666835,11.726907834839748,Temporary,Secondary,0.0,0.0,0.0,0.0,0.0,0.0,0.0
CUST_001804,LOAN_00001804,76197,91460,60,Good,Union Bank,Lagos,4.255037053450462,7.1958405655468525,Permanent,Secondary,1.0,32153.0,32153.0,32153.0,32153.0,40632.0,60.0
CUST_001805,LOAN_00001805,110963,137112,60,Bad,UBA,Port Harcourt,11.456772336233575,4.114141038367446,Self-Employed,Secondary,1.0,125206.0,125206.0,125206.0,125206.0,154029.0,60.0
CUST_001806,LOAN_00001806,72838,83944,90,Bad,First Bank,Abuja,11.094476873537468,9.201607136287487,Contract,Secondary,7.0,171449.0,24492.714285714286,52358.0,6645.0,31471.85714285714,98.57142857142857
CUST_001807,LOAN_00001807,35797,42119,180,Good,Zenith Bank,Port Harcourt,6.331316296930124,5.561374575912508,Permanent,Secondary,0.0,0.0,0.0,0.0,0.0,0.0,0.0
CUST_001808,LOAN_00001808,110724,128345,60,Good,UBA,Ibadan,10.378090479689565,9.437154550780294,Permanent,HND/BSc,4.0,278986.0,69746.5,212289.0,17182.0,87661.5,82.5
CUST_001809,LOAN_00001809,45903,55575,30,Good,Zenith Bank,Calabar,5.933691457824983,13.02434825014671,Self-Employed,,7.0,490144.0,70020.57142857143,177504.0,23883.0,91504.57142857143,55.714285714285715
CUST_001810,LOAN_00001810,152815,203481,30,Good,Access Bank,Enugu,4.3629714494636165,10.389510625216625,Contract,HND/BSc,2.0,117062.0,58531.0,97652.0,19410.0,81857.0,60.0
CUST_001811,LOAN_00001811,104295,122372,180,Bad,Access Bank,Benin City,5.810228883313395,10.605461034540026,Self-Employed,HND/BSc,7.0,452939.0,64705.57142857143,140442.0,7789.0,82093.85714285714,77.14285714285714
CUST_001812,LOAN_00001812,71872,84905,90,Good,GTBank,Calabar,5.607659890788696,9.492363468753735,Contract,,2.0,40740.0,20370.0,24263.0,16477.0,24324.5,120.0
CUST_001813,LOAN_00001813,63408,84389,180,Bad,Fidelity Bank,Kano,7.039731970613625,14.12718759157691,Self-Employed,Secondary,5.0,307498.0,61499.6,104104.0,27708.0,74626.6,78.0
CUST_001814,LOAN_00001814,71686,85571,90,Bad,UBA,Kaduna,7.766045474579123,14.18283221304724,Contract,HND/BSc,1.0,13028.0,13028.0,13028.0,13028.0,17348.0,60.0
CUST_001815,LOAN_00001815,81538,108244,60,Good,Zenith Bank,Enugu,8.576850023479372,9.152678412882626,Permanent,HND/BSc,6.0,191903.0,31983.833333333332,70796.0,6380.0,41122.166666666664,130.0
CUST_001816,LOAN_00001816,77005,98427,180,Bad,First Bank,Abuja,8.290784879574954,6.669113845722054,Permanent,Secondary,4.0,106103.0,26525.75,49447.0,9425.0,35459.5,135.0
CUST_001817,LOAN_00001817,31276,37750,90,Good,Access Bank,Calabar,6.436071453687604,8.515044070553326,Self-Employed,Masters,3.0,143899.0,47966.333333333336,98122.0,17209.0,57067.0,60.0
CUST_001818,LOAN_00001818,119997,147443,365,Bad,Fidelity Bank,Jos,4.262536017166671,5.238694946347389,Contract,Secondary,4.0,146915.0,36728.75,61019.0,25827.0,45789.0,97.5
CUST_001819,LOAN_00001819,82191,107783,60,Good,Access Bank,Kaduna,9.445914600134357,10.636131783817072,Permanent,Secondary,2.0,237655.0,118827.5,195462.0,42193.0,153943.5,75.0
CUST_001820,LOAN_00001820,60510,70614,60,Bad,First Bank,Kaduna,7.56170346862619,9.001108029386799,Temporary,Secondary,2.0,86242.0,43121.0,74074.0,12168.0,52726.5,30.0
CUST_001821,LOAN_00001821,32899,39114,30,Good,Fidelity Bank,Jos,6.688049416487948,4.239605733759358,Self-Employed,PhD,2.0,52245.0,26122.5,47044.0,5201.0,34195.0,60.0
CUST_001822,LOAN_00001822,28939,36253,180,Good,Fidelity Bank,Lagos,11.80246938547461,5.371773373435384,Permanent,HND/BSc,1.0,21382.0,21382.0,21382.0,21382.0,25239.0,180.0
CUST_001823,LOAN_00001823,75510,90298,30,Good,Zenith Bank,Lagos,10.720689770183435,8.75558347439432,Temporary,HND/BSc,2.0,37190.0,18595.0,28487.0,8703.0,21926.5,75.0
CUST_001824,LOAN_00001824,57713,67717,90,Good,Zenith Bank,Jos,11.71988993535198,13.6510678886263,Self-Employed,HND/BSc,1.0,39725.0,39725.0,39725.0,39725.0,50940.0,60.0
CUST_001825,LOAN_00001825,29281,37422,60,Good,UBA,Kano,8.45484515241215,9.79668864757317,Permanent,Secondary,4.0,246786.0,61696.5,126323.0,9830.0,79627.5,60.0
CUST_001826,LOAN_00001826,81447,107169,180,Good,UBA,Ibadan,5.178381269140997,11.17842000250165,Permanent,HND/BSc,4.0,209384.0,52346.0,154043.0,10912.0,69989.25,112.5
CUST_001827,LOAN_00001827,71047,89064,60,Bad,Stanbic IBTC,Jos,10.265992925091451,7.068342596926916,Self-Employed,HND/BSc,0.0,0.0,0.0,0.0,0.0,0.0,0.0
CUST_001828,LOAN_00001828,138526,172323,180,Bad,Union Bank,Ibadan,5.854664019434577,9.85693671653081,Self-Employed,Secondary,2.0,152875.0,76437.5,130779.0,22096.0,95813.5,90.0
CUST_001829,LOAN_00001829,29509,38254,180,Good,Stanbic IBTC,Calabar,7.971067021825451,8.368557871656808,Permanent,HND/BSc,2.0,53360.0,26680.0,29935.0,23425.0,34037.5,105.0
CUST_001830,LOAN_00001830,103694,125610,90,Good,GTBank,Kano,4.585007100539997,10.909558951477928,Permanent,Secondary,3.0,100027.0,33342.333333333336,69251.0,14802.0,45371.666666666664,120.0
CUST_001831,LOAN_00001831,33995,43215,60,Good,Access Bank,Enugu,11.42777562180684,3.606906792948125,Permanent,Secondary,1.0,196991.0,196991.0,196991.0,196991.0,239361.0,60.0
CUST_001832,LOAN_00001832,206605,269783,60,Good,UBA,Ibadan,5.133465769427505,8.91960259486751,Contract,Masters,0.0,0.0,0.0,0.0,0.0,0.0,0.0
CUST_001833,LOAN_00001833,125452,164655,180,Good,Zenith Bank,Kaduna,12.127877563443787,6.551911501727604,Permanent,HND/BSc,1.0,49658.0,49658.0,49658.0,49658.0,64779.0,180.0
CUST_001834,LOAN_00001834,49593,57146,30,Good,First Bank,Calabar,11.778075420354014,6.914220735334911,Permanent,HND/BSc,1.0,5000.0,5000.0,5000.0,5000.0,6595.0,30.0
CUST_001835,LOAN_00001835,47539,60828,30,Good,Zenith Bank,Kaduna,8.181244879953216,14.531009178696737,Self-Employed,HND/BSc,1.0,42683.0,42683.0,42683.0,42683.0,53106.0,90.0
CUST_001836,LOAN_00001836,31403,41181,180,Bad,Access Bank,Kano,10.699313838735916,5.192337752536593,Self-Employed,HND/BSc,3.0,142071.0,47357.0,67619.0,14584.0,59414.666666666664,110.0
CUST_001837,LOAN_00001837,218902,285078,30,Good,Stanbic IBTC,Ibadan,9.57500566436338,6.734943030943163,Contract,HND/BSc,2.0,133061.0,66530.5,123138.0,9923.0,92375.0,135.0
CUST_001838,LOAN_00001838,274845,343918,60,Good,Zenith Bank,Port Harcourt,11.227680781039703,9.118710908770462,Permanent,Masters,2.0,31138.0,15569.0,16426.0,14712.0,20110.0,30.0
CUST_001839,LOAN_00001839,10000,11513,30,Good,Union Bank,Kano,7.886245907073208,13.356323377795484,Contract,HND/BSc,0.0,0.0,0.0,0.0,0.0,0.0,0.0
CUST_001840,LOAN_00001840,148640,196846,90,Good,GTBank,Kano,11.07227635819915,8.000040998476445,Permanent,,3.0,236019.0,78673.0,100379.0,62229.0,98606.0,50.0
CUST_001841,LOAN_00001841,30747,38619,180,Bad,Access Bank,Port Harcourt,8.162111353586331,11.926383370658051,Temporary,,5.0,160771.0,32154.2,47791.0,7977.0,42594.2,84.0
CUST_001842,LOAN_00001842,99644,114908,90,Good,Stanbic IBTC,Calabar,12.468692090585144,13.276489178577627,Self-Employed,HND/BSc,7.0,303822.0,43403.142857142855,118851.0,16602.0,54386.857142857145,55.714285714285715
CUST_001843,LOAN_00001843,59481,79140,30,Good,Union Bank,Ibadan,8.377348907426327,6.720196269862187,Permanent,Masters,0.0,0.0,0.0,0.0,0.0,0.0,0.0
CUST_001844,LOAN_00001844,35948,44925,60,Good,First Bank,Ibadan,8.163573447403566,7.713002202464519,Permanent,HND/BSc,4.0,145316.0,36329.0,78909.0,14364.0,44792.25,142.5
CUST_001845,LOAN_00001845,56886,72460,90,Good,Stanbic IBTC,Kaduna,11.065646754071617,7.278674684260276,Contract,HND/BSc,3.0,106245.0,35415.0,62389.0,12720.0,43248.0,90.0
CUST_001846,LOAN_00001846,95320,112533,365,Bad,Fidelity Bank,Kano,11.394199225847542,12.994269703415052,Contract,Secondary,2.0,82242.0,41121.0,59252.0,22990.0,55736.5,105.0
CUST_001847,LOAN_00001847,89020,108060,60,Good,Union Bank,Kano,8.990402028890536,3.532162343443214,Contract,HND/BSc,7.0,421264.0,60180.57142857143,167156.0,19808.0,76815.85714285714,85.71428571428571
CUST_001848,LOAN_00001848,92394,109553,60,Good,Union Bank,Benin City,5.618180321455679,6.70105306594416,Self-Employed,PhD,3.0,119310.0,39770.0,58075.0,8109.0,49627.333333333336,60.0
CUST_001849,LOAN_00001849,14427,17580,90,Good,GTBank,Enugu,8.209824078618215,11.15290269114156,Self-Employed,Masters,3.0,114842.0,38280.666666666664,48595.0,21248.0,47453.0,100.0
CUST_001850,LOAN_00001850,203992,251233,60,Good,Access Bank,Kano,12.712652526187105,9.785321994784113,Contract,Masters,1.0,19456.0,19456.0,19456.0,19456.0,26694.0,30.0
CUST_001851,LOAN_00001851,111184,128447,60,Bad,First Bank,Abuja,10.776875737352666,8.235472311524331,Self-Employed,Secondary,1.0,25091.0,25091.0,25091.0,25091.0,34329.0,60.0
CUST_001852,LOAN_00001852,61920,76558,180,Bad,GTBank,Enugu,11.300463434912189,9.479378726656613,Self-Employed,HND/BSc,6.0,323915.0,53985.833333333336,131207.0,18366.0,67423.0,75.0
CUST_001853,LOAN_00001853,52519,69430,30,Good,Stanbic IBTC,Abuja,4.295429489373161,5.371015029939819,Self-Employed,Secondary,5.0,519588.0,103917.6,171727.0,32444.0,134043.0,102.0
CUST_001854,LOAN_00001854,275854,328163,180,Bad,GTBank,Ibadan,8.21073516370744,8.168599459296125,Temporary,HND/BSc,1.0,6900.0,6900.0,6900.0,6900.0,9126.0,60.0
CUST_001855,LOAN_00001855,37482,43837,30,Good,Union Bank,Enugu,9.819590202918,9.020435810116188,Permanent,HND/BSc,7.0,451924.0,64560.57142857143,148111.0,24737.0,82185.57142857143,85.71428571428571
CUST_001856,LOAN_00001856,94954,120679,60,Good,Access Bank,Kano,11.470294152652672,13.81426946345522,Permanent,HND/BSc,5.0,272088.0,54417.6,118521.0,6892.0,67268.4,78.0
CUST_001857,LOAN_00001857,24919,31809,60,Good,UBA,Port Harcourt,4.443462882244943,6.1300219536477165,Self-Employed,HND/BSc,8.0,528037.0,66004.625,150791.0,6953.0,86797.75,60.0
CUST_001858,LOAN_00001858,101680,120492,180,Bad,GTBank,Kaduna,11.671949970776858,13.41394202597919,Self-Employed,HND/BSc,3.0,79433.0,26477.666666666668,64446.0,5000.0,31215.0,90.0
CUST_001859,LOAN_00001859,13351,15953,30,Good,Fidelity Bank,Abuja,8.935608430677206,10.730896809911783,Temporary,Secondary,1.0,40323.0,40323.0,40323.0,40323.0,55590.0,30.0
CUST_001860,LOAN_00001860,31205,40669,30,Good,GTBank,Enugu,5.775825735184539,3.244089972811212,Permanent,Secondary,3.0,183970.0,61323.333333333336,89628.0,7107.0,79887.0,120.0
CUST_001861,LOAN_00001861,108967,139398,60,Good,Stanbic IBTC,Kano,6.8552969480473,11.695576042792723,Contract,Masters,4.0,617780.0,154445.0,257443.0,58250.0,196871.75,120.0
CUST_001862,LOAN_00001862,89663,108785,180,Bad,Stanbic IBTC,Enugu,6.537365965764047,3.426622530588661,Permanent,Secondary,2.0,153124.0,76562.0,122490.0,30634.0,95544.0,45.0
CUST_001863,LOAN_00001863,106258,139502,30,Good,First Bank,Kano,8.777731308596282,14.968573521765755,Contract,Secondary,4.0,365387.0,91346.75,287706.0,17130.0,122294.75,37.5
CUST_001864,LOAN_00001864,122111,147325,30,Good,Stanbic IBTC,Kano,4.465171119200186,13.471640252294376,Permanent,Masters,1.0,8737.0,8737.0,8737.0,8737.0,11831.0,30.0
CUST_001865,LOAN_00001865,27657,35752,90,Good,Zenith Bank,Kano,5.426825426499311,6.568124970480548,Permanent,,1.0,8088.0,8088.0,8088.0,8088.0,10040.0,90.0
CUST_001866,LOAN_00001866,96368,122010,30,Good,Access Bank,Benin City,11.314237390382042,6.088934762360465,Permanent,Masters,1.0,37996.0,37996.0,37996.0,37996.0,45406.0,60.0
CUST_001867,LOAN_00001867,165995,204502,180,Bad,Access Bank,Kaduna,5.1934359167213,7.577292985267307,Contract,Secondary,1.0,119685.0,119685.0,119685.0,119685.0,158345.0,90.0
CUST_001868,LOAN_00001868,120071,151993,90,Good,UBA,Port Harcourt,6.100566425123143,7.274003583773316,Permanent,Secondary,4.0,214481.0,53620.25,92352.0,9849.0,69549.0,60.0
CUST_001869,LOAN_00001869,73275,95773,60,Good,UBA,Port Harcourt,8.080335450437417,7.468053820624572,Permanent,,1.0,51261.0,51261.0,51261.0,51261.0,68813.0,60.0
CUST_001870,LOAN_00001870,28360,37018,60,Good,Access Bank,Enugu,8.654087993019974,6.8193185534337655,Permanent,Masters,6.0,220179.0,36696.5,68986.0,16111.0,46990.166666666664,80.0
CUST_001871,LOAN_00001871,82260,98544,90,Good,Fidelity Bank,Enugu,10.872494316527428,10.453600882179977,Permanent,HND/BSc,7.0,267287.0,38183.857142857145,63587.0,25992.0,47497.28571428572,72.85714285714286
CUST_001872,LOAN_00001872,29470,35940,30,Bad,UBA,Kano,8.02599183999569,4.971163964647488,Temporary,Secondary,0.0,0.0,0.0,0.0,0.0,0.0,0.0
CUST_001873,LOAN_00001873,106261,131021,180,Bad,First Bank,Benin City,11.10878158931985,13.151775509352158,Permanent,Secondary,2.0,47377.0,23688.5,41280.0,6097.0,28554.5,180.0
CUST_001874,LOAN_00001874,23218,30383,60,Good,Stanbic IBTC,Kano,9.565116763409115,12.748829808375785,Permanent,Secondary,5.0,400032.0,80006.4,199138.0,25436.0,97388.2,60.0
CUST_001875,LOAN_00001875,31290,39589,365,Bad,Access Bank,Benin City,5.017897654814402,8.717798494263246,Self-Employed,HND/BSc,3.0,333623.0,111207.66666666667,279399.0,23392.0,144958.0,80.0
CUST_001876,LOAN_00001876,41998,56593,90,Good,Union Bank,Kano,5.406982945535548,13.23275958334257,Contract,Secondary,1.0,23215.0,23215.0,23215.0,23215.0,29879.0,30.0
CUST_001877,LOAN_00001877,153454,185342,60,Bad,UBA,Abuja,7.9333035290479375,5.96574084036352,Self-Employed,,2.0,110781.0,55390.5,57539.0,53242.0,70464.5,75.0
CUST_001878,LOAN_00001878,19309,24228,90,Good,Access Bank,Abuja,7.572004537801356,3.210785468447604,Contract,Secondary,1.0,44914.0,44914.0,44914.0,44914.0,56784.0,90.0
CUST_001879,LOAN_00001879,23821,30967,90,Good,Zenith Bank,Ibadan,10.691898426735651,10.430495100357875,Temporary,Masters,1.0,20624.0,20624.0,20624.0,20624.0,28361.0,30.0
CUST_001880,LOAN_00001880,49147,57090,30,Good,GTBank,Kano,9.226634258176166,8.494912883576585,Permanent,Secondary,3.0,96735.0,32245.0,45870.0,21847.0,42800.333333333336,130.0
CUST_001881,LOAN_00001881,107251,125458,60,Good,Stanbic IBTC,Kaduna,7.493197729020244,9.805974555550447,Temporary,HND/BSc,1.0,41769.0,41769.0,41769.0,41769.0,54823.0,30.0
CUST_001882,LOAN_00001882,472938,558287,90,Bad,Access Bank,Ibadan,5.536842551053471,13.792072908220836,Self-Employed,Secondary,4.0,119065.0,29766.25,51688.0,14244.0,36880.5,45.0
CUST_001883,LOAN_00001883,38121,50647,365,Good,GTBank,Enugu,6.0415339209294565,14.63910688279132,Contract,Masters,0.0,0.0,0.0,0.0,0.0,0.0,0.0
CUST_001884,LOAN_00001884,97967,121254,90,Good,UBA,Calabar,9.179509166221532,10.613437677067235,Self-Employed,HND/BSc,2.0,90619.0,45309.5,73616.0,17003.0,59228.0,105.0
CUST_001885,LOAN_00001885,30494,39688,180,Good,GTBank,Kano,7.810949244098133,12.16866707822926,Contract,Secondary,3.0,198792.0,66264.0,139713.0,28020.0,82853.33333333333,70.0
CUST_001886,LOAN_00001886,10002,12699,365,Good,Stanbic IBTC,Abuja,8.634347579746048,4.005701201845971,Permanent,Masters,5.0,132303.0,26460.6,49081.0,14596.0,35763.2,108.0
CUST_001887,LOAN_00001887,58607,71620,60,Good,Access Bank,Calabar,5.536096917720103,4.928587018698067,Permanent,HND/BSc,6.0,241808.0,40301.333333333336,77204.0,8902.0,52684.666666666664,105.0
CUST_001888,LOAN_00001888,16099,18740,30,Good,Zenith Bank,Benin City,9.966156271101092,11.79845765943572,Temporary,PhD,7.0,265741.0,37963.0,73724.0,15533.0,49952.71428571428,120.0
CUST_001889,LOAN_00001889,113979,131378,30,Good,Fidelity Bank,Calabar,11.672848667703704,8.176385476656023,Contract,PhD,2.0,183987.0,91993.5,117917.0,66070.0,119252.0,120.0
CUST_001890,LOAN_00001890,109046,142009,90,Good,UBA,Kaduna,6.3214555610821055,8.351583244852868,Permanent,PhD,2.0,29518.0,14759.0,18541.0,10977.0,19018.5,120.0
CUST_001891,LOAN_00001891,40779,47642,90,Bad,Access Bank,Kano,8.42362803248644,6.703292179625239,Self-Employed,Secondary,6.0,204682.0,34113.666666666664,91497.0,14850.0,43426.833333333336,95.0
CUST_001892,LOAN_00001892,231974,293086,180,Bad,Stanbic IBTC,Port Harcourt,12.779745961188116,10.288276601732925,Contract,Secondary,2.0,29739.0,14869.5,18627.0,11112.0,18877.0,180.0
CUST_001893,LOAN_00001893,24520,30315,30,Good,UBA,Calabar,6.999175664956549,5.221980544994431,Permanent,,3.0,282095.0,94031.66666666667,204183.0,36119.0,116020.0,110.0
CUST_001894,LOAN_00001894,47494,54934,180,Good,First Bank,Port Harcourt,9.355417104313853,10.522995351766747,Self-Employed,HND/BSc,7.0,339059.0,48437.0,154769.0,8042.0,60052.0,60.0
CUST_001895,LOAN_00001895,18212,23800,90,Good,GTBank,Benin City,4.811761301802199,5.085586285622876,Self-Employed,Secondary,9.0,520533.0,57837.0,137619.0,11449.0,73244.55555555556,123.33333333333333
CUST_001896,LOAN_00001896,53206,71718,90,Good,Fidelity Bank,Ibadan,9.45413502231499,3.765912416516563,Permanent,Masters,1.0,17482.0,17482.0,17482.0,17482.0,23054.0,60.0
CUST_001897,LOAN_00001897,46181,54179,30,Good,Stanbic IBTC,Port Harcourt,4.806685959741561,6.964292264388732,Temporary,Secondary,1.0,25492.0,25492.0,25492.0,25492.0,29761.0,30.0
CUST_001898,LOAN_00001898,62485,74958,30,Good,First Bank,Ibadan,12.633118917914398,5.773684104118172,Permanent,Masters,0.0,0.0,0.0,0.0,0.0,0.0,0.0
CUST_001899,LOAN_00001899,16756,19931,60,Good,Union Bank,Abuja,10.440963868650805,13.667899662675987,Contract,Masters,3.0,265689.0,88563.0,131135.0,39248.0,105146.66666666667,70.0
CUST_001900,LOAN_00001900,185891,238522,90,Bad,Access Bank,Kano,11.09343809322136,3.659441446423519,Permanent,Masters,4.0,115641.0,28910.25,75207.0,6034.0,36142.25,52.5
CUST_001901,LOAN_00001901,152859,194635,90,Bad,Zenith Bank,Calabar,10.33693924694473,5.119364310889474,Contract,Secondary,4.0,362664.0,90666.0,220195.0,21065.0,116194.75,112.5
CUST_001902,LOAN_00001902,71035,85318,60,Bad,UBA,Abuja,9.30756132468819,9.584635266996592,Permanent,HND/BSc,2.0,129223.0,64611.5,72762.0,56461.0,78840.5,90.0
CUST_001903,LOAN_00001903,32419,39612,365,Good,GTBank,Abuja,8.049215029769549,8.772806290169683,Permanent,HND/BSc,2.0,142508.0,71254.0,81218.0,61290.0,93144.0,60.0
CUST_001904,LOAN_00001904,88747,115692,60,Bad,UBA,Jos,11.72536041784956,3.5502242204964185,Self-Employed,HND/BSc,4.0,169644.0,42411.0,66597.0,22501.0,52932.5,97.5
CUST_001905,LOAN_00001905,33332,42242,180,Good,Fidelity Bank,Lagos,12.611521007887568,3.0870291361817337,Permanent,Secondary,1.0,30557.0,30557.0,30557.0,30557.0,42304.0,180.0
CUST_001906,LOAN_00001906,122225,159392,180,Bad,Access Bank,Kaduna,8.491325556136733,14.856815303533798,Self-Employed,HND/BSc,2.0,124399.0,62199.5,84587.0,39812.0,81030.5,105.0
CUST_001907,LOAN_00001907,12387,14902,60,Good,UBA,Ibadan,12.383815442397358,10.906016404306058,Contract,HND/BSc,5.0,394567.0,78913.4,164983.0,12077.0,107984.6,66.0
CUST_001908,LOAN_00001908,62549,76669,365,Bad,GTBank,Jos,9.249996189896658,7.384873570818682,Temporary,HND/BSc,10.0,431792.0,43179.2,169615.0,5838.0,53586.0,111.0
CUST_001909,LOAN_00001909,47701,56386,60,Good,Access Bank,Lagos,8.845457682067899,8.645186971958896,Contract,Masters,2.0,54098.0,27049.0,28221.0,25877.0,34298.5,120.0
CUST_001910,LOAN_00001910,86532,108609,180,Good,UBA,Kaduna,8.09034459659821,6.198601445451443,Permanent,HND/BSc,3.0,110389.0,36796.333333333336,46234.0,28303.0,48818.0,90.0
CUST_001911,LOAN_00001911,41404,48054,60,Good,Zenith Bank,Ibadan,5.883589853771079,7.1384854043185175,Permanent,Secondary,5.0,161917.0,32383.4,72522.0,7445.0,39207.8,90.0
CUST_001912,LOAN_00001912,17615,20629,90,Good,Stanbic IBTC,Kano,4.033476947362533,10.788533607218568,Self-Employed,HND/BSc,2.0,79151.0,39575.5,55381.0,23770.0,50732.0,135.0
CUST_001913,LOAN_00001913,16498,19153,90,Good,Access Bank,Kaduna,6.173556041704551,13.593741586408449,Self-Employed,Masters,5.0,240991.0,48198.2,123263.0,14133.0,62539.6,72.0
CUST_001914,LOAN_00001914,73039,90231,60,Good,Stanbic IBTC,Calabar,8.587508544432087,5.209560276974218,Permanent,HND/BSc,1.0,98384.0,98384.0,98384.0,98384.0,132195.0,60.0
CUST_001915,LOAN_00001915,46357,59682,90,Good,Union Bank,Abuja,7.419639570337773,13.084338064623823,Contract,HND/BSc,4.0,61336.0,15334.0,31001.0,5485.0,19142.5,75.0
CUST_001916,LOAN_00001916,99236,116223,30,Bad,Access Bank,Lagos,8.036367052023703,4.458679554219229,Contract,Secondary,1.0,17405.0,17405.0,17405.0,17405.0,24137.0,30.0
CUST_001917,LOAN_00001917,88262,116140,30,Bad,Zenith Bank,Lagos,12.825833976076446,5.579906683060695,Temporary,HND/BSc,3.0,121850.0,40616.666666666664,102296.0,9296.0,50651.333333333336,100.0
CUST_001918,LOAN_00001918,200875,236665,90,Bad,Stanbic IBTC,Lagos,7.152451336023948,3.446103456595752,Temporary,PhD,2.0,18282.0,9141.0,9646.0,8636.0,11751.5,105.0
CUST_001919,LOAN_00001919,164417,205388,90,Bad,First Bank,Ibadan,8.06964645424097,4.689742345115993,Temporary,PhD,2.0,124440.0,62220.0,68667.0,55773.0,79381.5,45.0
CUST_001920,LOAN_00001920,66048,86575,180,Bad,GTBank,Calabar,5.201639962175376,14.007637745568609,Self-Employed,HND/BSc,0.0,0.0,0.0,0.0,0.0,0.0,0.0
CUST_001921,LOAN_00001921,16013,20685,60,Good,First Bank,Kaduna,4.431619591932889,8.513264959420543,Temporary,Masters,3.0,326336.0,108778.66666666667,290259.0,13569.0,140249.33333333334,40.0
CUST_001922,LOAN_00001922,26516,31728,60,Good,UBA,Abuja,10.978685631332452,3.9319903413402426,Permanent,Masters,4.0,89458.0,22364.5,46918.0,11562.0,28399.25,52.5
CUST_001923,LOAN_00001923,143265,187909,30,Bad,Zenith Bank,Calabar,9.136148575647807,14.516722056467536,Self-Employed,,3.0,169629.0,56543.0,123522.0,22870.0,72152.66666666667,120.0
CUST_001924,LOAN_00001924,42624,52202,30,Bad,First Bank,Jos,10.846343254395055,13.547907693103802,Self-Employed,HND/BSc,3.0,158304.0,52768.0,93736.0,19823.0,66387.33333333333,70.0
CUST_001925,LOAN_00001925,24299,30810,30,Good,Access Bank,Kano,5.348765189978964,12.056190250417696,Temporary,HND/BSc,2.0,26065.0,13032.5,15267.0,10798.0,15957.0,30.0
CUST_001926,LOAN_00001926,35699,41974,60,Good,UBA,Port Harcourt,9.14645894064422,14.201673503370694,Contract,HND/BSc,3.0,84858.0,28286.0,37765.0,9406.0,36372.0,120.0
CUST_001927,LOAN_00001927,41961,49720,365,Good,UBA,Calabar,6.28278226907238,5.64155305002917,Permanent,Secondary,1.0,98610.0,98610.0,98610.0,98610.0,117737.0,180.0
CUST_001928,LOAN_00001928,150420,195866,30,Good,First Bank,Jos,6.052556352100179,13.036431516121036,Contract,HND/BSc,5.0,265650.0,53130.0,93247.0,18885.0,68980.0,114.0
CUST_001929,LOAN_00001929,82052,103009,60,Bad,Union Bank,Abuja,4.103734126476867,11.279894356251674,Self-Employed,Masters,2.0,138415.0,69207.5,115705.0,22710.0,91897.5,60.0
CUST_001930,LOAN_00001930,20981,28064,60,Good,First Bank,Port Harcourt,5.173066512121647,13.43711099481226,Permanent,Masters,3.0,175686.0,58562.0,93801.0,17383.0,78731.33333333333,60.0
CUST_001931,LOAN_00001931,173354,207533,90,Good,Union Bank,Port Harcourt,6.783413003497258,12.562938788911556,Permanent,Masters,6.0,263963.0,43993.833333333336,154135.0,7717.0,57400.0,75.0
CUST_001932,LOAN_00001932,27459,33335,30,Good,Zenith Bank,Calabar,5.051908845318451,7.1579407581218994,Contract,Secondary,8.0,278277.0,34784.625,74912.0,11653.0,43881.875,90.0
CUST_001933,LOAN_00001933,92424,119469,60,Good,GTBank,Lagos,12.872725963698436,12.292782444207068,Permanent,HND/BSc,0.0,0.0,0.0,0.0,0.0,0.0,0.0
CUST_001934,LOAN_00001934,56536,71908,30,Good,First Bank,Enugu,6.777693836715557,6.149475635818684,Permanent,Secondary,6.0,315550.0,52591.666666666664,167246.0,5337.0,71404.0,90.0
CUST_001935,LOAN_00001935,89162,114978,90,Bad,Fidelity Bank,Abuja,5.172915520320954,6.943105956336658,Permanent,Secondary,2.0,88564.0,44282.0,83564.0,5000.0,57277.5,90.0
CUST_001936,LOAN_00001936,22973,28459,60,Good,Union Bank,Lagos,5.79174081545162,4.294868606675713,Temporary,PhD,3.0,161108.0,53702.666666666664,67253.0,34821.0,67374.0,50.0
CUST_001937,LOAN_00001937,53816,66636,365,Good,First Bank,Abuja,9.289329055073289,14.220919391765625,Self-Employed,HND/BSc,1.0,15311.0,15311.0,15311.0,15311.0,20356.0,60.0
CUST_001938,LOAN_00001938,51729,68911,60,Good,Stanbic IBTC,Enugu,4.576391714783097,6.4920403608033785,Permanent,Masters,8.0,513531.0,64191.375,121053.0,11317.0,81859.75,105.0
CUST_001939,LOAN_00001939,83585,103937,90,Bad,Access Bank,Kano,11.761907171270412,9.247469582057422,Self-Employed,Secondary,3.0,66619.0,22206.333333333332,32819.0,11156.0,27046.0,110.0
CUST_001940,LOAN_00001940,104020,133307,60,Bad,Fidelity Bank,Enugu,12.653497113134325,7.695994037594312,Self-Employed,HND/BSc,2.0,94443.0,47221.5,84308.0,10135.0,57586.0,75.0
CUST_001941,LOAN_00001941,13954,18126,365,Good,Fidelity Bank,Benin City,6.220726786006428,14.519137447002018,Permanent,HND/BSc,1.0,38538.0,38538.0,38538.0,38538.0,53797.0,180.0
CUST_001942,LOAN_00001942,40567,51206,90,Good,Union Bank,Calabar,8.050857417317733,7.020590051261789,Permanent,Secondary,2.0,270825.0,135412.5,172772.0,98053.0,178347.0,120.0
CUST_001943,LOAN_00001943,83206,107439,365,Bad,Stanbic IBTC,Calabar,4.199210059265473,12.342549857072267,Contract,HND/BSc,1.0,108471.0,108471.0,108471.0,108471.0,138559.0,180.0
CUST_001944,LOAN_00001944,19609,22746,60,Good,Stanbic IBTC,Jos,9.766392022544991,13.26499385557416,Contract,Secondary,2.0,87916.0,43958.0,66249.0,21667.0,58824.5,45.0
CUST_001945,LOAN_00001945,29842,34723,365,Bad,UBA,Lagos,7.7253345224733,8.227277969771592,Self-Employed,HND/BSc,5.0,257869.0,51573.8,87157.0,14864.0,64113.8,114.0
CUST_001946,LOAN_00001946,83799,104562,365,Bad,Union Bank,Jos,6.430526194914002,7.5380617734351745,Contract,,3.0,91985.0,30661.666666666668,45253.0,18174.0,38780.333333333336,100.0
CUST_001947,LOAN_00001947,90733,119799,30,Good,GTBank,Benin City,5.861533995549476,11.972949851191537,Permanent,Masters,2.0,109489.0,54744.5,91918.0,17571.0,69983.5,75.0
CUST_001948,LOAN_00001948,63422,85288,180,Bad,Access Bank,Enugu,9.886207698928844,13.954751763674809,Temporary,,3.0,224529.0,74843.0,173596.0,21798.0,95924.33333333333,110.0
CUST_001949,LOAN_00001949,64194,76584,90,Good,Zenith Bank,Calabar,7.7459532792908306,12.059180796866858,Permanent,Masters,0.0,0.0,0.0,0.0,0.0,0.0,0.0
CUST_001950,LOAN_00001950,76295,100382,60,Bad,Fidelity Bank,Ibadan,5.616933601269208,5.725516387102387,Self-Employed,Masters,1.0,11976.0,11976.0,11976.0,11976.0,14980.0,30.0
CUST_001951,LOAN_00001951,55904,71671,180,Good,Zenith Bank,Enugu,10.201981733381416,13.659692969252465,Permanent,HND/BSc,5.0,212644.0,42528.8,66468.0,21779.0,55006.0,66.0
CUST_001952,LOAN_00001952,62578,73395,60,Good,First Bank,Enugu,9.085650547330244,7.650980009241997,Permanent,HND/BSc,1.0,34273.0,34273.0,34273.0,34273.0,43406.0,60.0
CUST_001953,LOAN_00001953,79278,93623,90,Good,First Bank,Benin City,11.728048494365463,9.914752941335212,Contract,HND/BSc,0.0,0.0,0.0,0.0,0.0,0.0,0.0
CUST_001954,LOAN_00001954,47006,59161,30,Good,Zenith Bank,Kano,5.057283089888436,12.977227431512532,Permanent,Masters,1.0,29270.0,29270.0,29270.0,29270.0,38262.0,30.0
CUST_001955,LOAN_00001955,72174,84825,60,Bad,First Bank,Abuja,11.070999417500104,5.260737208805907,Contract,Secondary,8.0,499194.0,62399.25,184861.0,13704.0,80891.375,101.25
CUST_001956,LOAN_00001956,188860,253785,60,Bad,GTBank,Benin City,10.06165108135533,12.414121628130635,Permanent,Secondary,6.0,212425.0,35404.166666666664,107705.0,5777.0,44325.666666666664,115.0
CUST_001957,LOAN_00001957,11213,13087,180,Good,Stanbic IBTC,Abuja,5.03509843145288,10.15395357492813,Contract,PhD,1.0,36498.0,36498.0,36498.0,36498.0,47060.0,180.0
CUST_001958,LOAN_00001958,112027,130628,30,Good,First Bank,Calabar,10.253386568845483,13.720099701931298,Self-Employed,Secondary,7.0,378776.0,54110.857142857145,77364.0,16816.0,66220.57142857143,81.42857142857143
CUST_001959,LOAN_00001959,14656,16963,30,Good,UBA,Benin City,7.9739255999184735,5.063644822122516,Permanent,,8.0,319881.0,39985.125,151561.0,9852.0,50880.75,71.25
CUST_001960,LOAN_00001960,24014,29855,60,Good,First Bank,Abuja,12.504863070002587,8.048186844491141,Self-Employed,Masters,1.0,33399.0,33399.0,33399.0,33399.0,43924.0,90.0
CUST_001961,LOAN_00001961,223053,297296,365,Good,Access Bank,Jos,5.274502155561094,12.99411711440205,Permanent,HND/BSc,4.0,401777.0,100444.25,231595.0,22946.0,128392.5,67.5
CUST_001962,LOAN_00001962,39087,46331,60,Good,GTBank,Benin City,9.785500517341642,3.230780441481122,Permanent,HND/BSc,1.0,23473.0,23473.0,23473.0,23473.0,27550.0,180.0
CUST_001963,LOAN_00001963,70215,86778,60,Bad,Access Bank,Calabar,7.437820409166513,4.346416401187714,Self-Employed,Masters,0.0,0.0,0.0,0.0,0.0,0.0,0.0
CUST_001964,LOAN_00001964,86047,112588,90,Good,Access Bank,Benin City,12.6113320353179,14.886782553080817,Contract,Secondary,5.0,205343.0,41068.6,90392.0,15926.0,51760.0,150.0
CUST_001965,LOAN_00001965,98627,117432,180,Good,UBA,Calabar,6.969774057612488,6.364730143084207,Contract,Masters,2.0,220739.0,110369.5,191133.0,29606.0,129654.5,75.0
CUST_001966,LOAN_00001966,18372,24458,30,Good,GTBank,Benin City,12.659673185426202,14.70651832468744,Permanent,Masters,1.0,22031.0,22031.0,22031.0,22031.0,27925.0,180.0
CUST_001967,LOAN_00001967,55881,74215,60,Bad,GTBank,Abuja,12.11337265990674,5.190378612104087,Self-Employed,Secondary,4.0,273248.0,68312.0,200359.0,5000.0,87159.75,112.5
CUST_001968,LOAN_00001968,35289,42203,30,Good,Union Bank,Kano,6.433449117795907,7.333133316088027,Contract,Secondary,2.0,72902.0,36451.0,57886.0,15016.0,46183.0,75.0
CUST_001969,LOAN_00001969,85552,114280,90,Bad,GTBank,Kaduna,11.23187599143785,12.034433334042848,Permanent,Secondary,0.0,0.0,0.0,0.0,0.0,0.0,0.0
CUST_001970,LOAN_00001970,67175,89805,60,Bad,GTBank,Abuja,12.960437816231554,10.89334088685814,Permanent,Secondary,4.0,141626.0,35406.5,65673.0,12035.0,44197.25,105.0
CUST_001971,LOAN_00001971,167176,217525,90,Bad,GTBank,Lagos,6.273967019541541,9.973468799148666,Self-Employed,Secondary,5.0,288261.0,57652.2,101177.0,24081.0,77384.0,96.0
CUST_001972,LOAN_00001972,38940,50792,90,Good,UBA,Port Harcourt,7.930994523909877,9.358790109660092,Contract,Masters,4.0,270523.0,67630.75,73490.0,61009.0,85816.25,135.0
CUST_001973,LOAN_00001973,75535,93754,90,Good,First Bank,Kano,8.681626629100837,13.121285323976885,Permanent,HND/BSc,1.0,66573.0,66573.0,66573.0,66573.0,89401.0,90.0
CUST_001974,LOAN_00001974,33507,41201,365,Good,Union Bank,Jos,6.654380222234779,5.819382754000713,Permanent,Masters,3.0,187268.0,62422.666666666664,145607.0,19856.0,84286.66666666667,90.0
CUST_001975,LOAN_00001975,89181,108340,90,Bad,Access Bank,Enugu,4.137383556814267,8.30965112392222,Permanent,Secondary,2.0,173616.0,86808.0,96567.0,77049.0,109570.5,45.0
CUST_001976,LOAN_00001976,136149,183619,90,Good,GTBank,Abuja,5.98116319777774,4.865427505877488,Contract,HND/BSc,2.0,169688.0,84844.0,156137.0,13551.0,109957.0,120.0
CUST_001977,LOAN_00001977,44357,53187,30,Good,Fidelity Bank,Benin City,6.5374319590758265,10.151299148768452,Self-Employed,HND/BSc,0.0,0.0,0.0,0.0,0.0,0.0,0.0
CUST_001978,LOAN_00001978,12932,17176,30,Good,First Bank,Abuja,7.992397311863685,6.006533091255842,Contract,Masters,0.0,0.0,0.0,0.0,0.0,0.0,0.0
CUST_001979,LOAN_00001979,72700,95862,180,Bad,First Bank,Ibadan,5.539922305720617,7.006104772120629,Contract,HND/BSc,1.0,5210.0,5210.0,5210.0,5210.0,6205.0,180.0
CUST_001980,LOAN_00001980,12029,14782,30,Good,Access Bank,Kano,11.859289210225054,8.655008599482338,Temporary,HND/BSc,2.0,48422.0,24211.0,33617.0,14805.0,30719.0,105.0
CUST_001981,LOAN_00001981,70933,94046,90,Good,UBA,Kaduna,10.344200194582026,3.321247028437534,Contract,Masters,5.0,691680.0,138336.0,445318.0,26634.0,167889.6,84.0
CUST_001982,LOAN_00001982,43008,52406,180,Good,Zenith Bank,Jos,4.766804298036957,4.103255231050052,Contract,HND/BSc,3.0,57166.0,19055.333333333332,22166.0,13112.0,23741.333333333332,100.0
CUST_001983,LOAN_00001983,75969,96885,60,Good,Zenith Bank,Ibadan,9.850832060259382,11.231150648498636,Permanent,Secondary,6.0,168419.0,28069.833333333332,67962.0,5000.0,34873.0,105.0
CUST_001984,LOAN_00001984,132184,166825,60,Good,First Bank,Calabar,9.882908287650585,8.147639768610087,Contract,HND/BSc,3.0,62799.0,20933.0,37118.0,5066.0,24370.666666666668,100.0
CUST_001985,LOAN_00001985,28196,34181,90,Good,Stanbic IBTC,Ibadan,12.605990562792648,13.377482663998745,Contract,Masters,2.0,65210.0,32605.0,50278.0,14932.0,41531.5,180.0
CUST_001986,LOAN_00001986,14798,17916,30,Good,Stanbic IBTC,Abuja,4.027187842205452,11.336064043730394,Permanent,Secondary,5.0,194354.0,38870.8,75893.0,18305.0,49653.0,96.0
CUST_001987,LOAN_00001987,65296,87452,60,Bad,Access Bank,Jos,6.231392048252265,3.0972112997678694,Temporary,HND/BSc,1.0,6514.0,6514.0,6514.0,6514.0,8932.0,30.0
CUST_001988,LOAN_00001988,271151,343716,60,Bad,Zenith Bank,Abuja,12.35012331437784,10.400547969205618,Self-Employed,HND/BSc,2.0,159614.0,79807.0,101857.0,57757.0,103762.5,120.0
CUST_001989,LOAN_00001989,24266,31534,60,Good,First Bank,Calabar,12.389205238584548,4.124698392716597,Self-Employed,PhD,2.0,23926.0,11963.0,15905.0,8021.0,14749.0,135.0
CUST_001990,LOAN_00001990,20073,23912,30,Good,UBA,Enugu,10.485277774335737,12.371198157485932,Contract,Secondary,1.0,153043.0,153043.0,153043.0,153043.0,185399.0,30.0
CUST_001991,LOAN_00001991,42834,51929,60,Good,Zenith Bank,Jos,10.89186988942786,14.898092259342024,Contract,Secondary,4.0,272692.0,68173.0,112920.0,31886.0,84459.5,45.0
CUST_001992,LOAN_00001992,29662,37556,60,Good,First Bank,Enugu,4.823346621366824,9.374385530898138,Permanent,HND/BSc,5.0,216397.0,43279.4,79009.0,10912.0,52780.8,60.0
CUST_001993,LOAN_00001993,69382,82532,60,Good,First Bank,Kano,8.624882513004103,11.193354002329563,Permanent,HND/BSc,2.0,77628.0,38814.0,39894.0,37734.0,51497.5,75.0
CUST_001994,LOAN_00001994,63337,76143,90,Bad,GTBank,Kano,6.084246921600995,5.847769930737019,Self-Employed,Masters,1.0,145134.0,145134.0,145134.0,145134.0,184947.0,30.0
CUST_001995,LOAN_00001995,21742,29321,60,Good,UBA,Enugu,5.630962392522555,8.251172925045523,Contract,HND/BSc,1.0,11591.0,11591.0,11591.0,11591.0,16170.0,30.0
CUST_001996,LOAN_00001996,289447,361946,90,Bad,GTBank,Kano,11.292729692109994,13.273143986836605,Self-Employed,Masters,0.0,0.0,0.0,0.0,0.0,0.0,0.0
CUST_001997,LOAN_00001997,25310,34027,30,Good,Access Bank,Jos,5.215343230124927,5.009075372955015,Permanent,Masters,7.0,340217.0,48602.42857142857,154709.0,5802.0,64133.28571428572,98.57142857142857
CUST_001998,LOAN_00001998,54069,66698,365,Good,GTBank,Benin City,8.217864732967467,6.186427267365145,Contract,PhD,0.0,0.0,0.0,0.0,0.0,0.0,0.0
CUST_001999,LOAN_00001999,61204,72451,180,Good,Fidelity Bank,Lagos,12.447204156274298,8.345204103432362,Contract,HND/BSc,2.0,128662.0,64331.0,96506.0,32156.0,80111.5,45.0
CUST_002000,LOAN_00002000,92054,115772,90,Bad,GTBank,Kano,5.6724885000880825,11.546986702128168,Contract,,2.0,158086.0,79043.0,111138.0,46948.0,99488.0,180.0
CUST_002001,LOAN_00002001,36968,46032,180,Bad,Fidelity Bank,Kano,12.801940813644112,7.510607457548086,Self-Employed,Secondary,4.0,227591.0,56897.75,115811.0,5577.0,71930.25,112.5
CUST_002002,LOAN_00002002,38358,46593,90,Good,Zenith Bank,Abuja,12.948591871849532,14.132787357396047,Temporary,Masters,4.0,262882.0,65720.5,168515.0,10538.0,79488.0,82.5
CUST_002003,LOAN_00002003,54147,67135,90,Good,Stanbic IBTC,Enugu,9.000554392141627,4.13348461522463,Permanent,HND/BSc,0.0,0.0,0.0,0.0,0.0,0.0,0.0
CUST_002004,LOAN_00002004,186811,231684,60,Good,Union Bank,Port Harcourt,5.531284661594421,7.44965037053817,Permanent,Masters,3.0,111908.0,37302.666666666664,55699.0,27731.0,48381.0,110.0
CUST_002005,LOAN_00002005,54898,63736,60,Good,Union Bank,Kaduna,6.84494399146806,11.507449481141062,Permanent,HND/BSc,0.0,0.0,0.0,0.0,0.0,0.0,0.0
CUST_002006,LOAN_00002006,130486,157609,90,Bad,First Bank,Ibadan,7.820435494088816,5.711841187937909,Self-Employed,Masters,3.0,56346.0,18782.0,33945.0,5000.0,24434.666666666668,60.0
CUST_002007,LOAN_00002007,27807,33633,90,Good,Union Bank,Kano,6.783918019224006,10.876957610756076,Permanent,PhD,1.0,24711.0,24711.0,24711.0,24711.0,29173.0,30.0
CUST_002008,LOAN_00002008,80481,99489,60,Good,Fidelity Bank,Ibadan,6.525720218888642,4.970603498728151,Self-Employed,Masters,2.0,77158.0,38579.0,53375.0,23783.0,52290.0,135.0
CUST_002009,LOAN_00002009,71333,83259,30,Good,UBA,Jos,12.750067382947218,3.671763418340237,Contract,Masters,1.0,5949.0,5949.0,5949.0,5949.0,8226.0,90.0
CUST_002010,LOAN_00002010,76190,95952,30,Bad,GTBank,Port Harcourt,5.380283446741711,4.452188600983787,Contract,Secondary,1.0,392920.0,392920.0,392920.0,392920.0,529056.0,30.0
CUST_002011,LOAN_00002011,348339,427418,90,Bad,Fidelity Bank,Kaduna,10.59995117845176,14.159817397609617,Self-Employed,Secondary,1.0,32542.0,32542.0,32542.0,32542.0,40683.0,30.0
CUST_002012,LOAN_00002012,103615,126606,90,Good,UBA,Enugu,4.003692604952574,9.621010595274615,Contract,,2.0,283968.0,141984.0,255157.0,28811.0,165982.5,120.0
CUST_002013,LOAN_00002013,45916,57107,60,Good,Stanbic IBTC,Lagos,9.365644024621393,12.556149305755788,Contract,HND/BSc,1.0,57384.0,57384.0,57384.0,57384.0,66040.0,180.0
CUST_002014,LOAN_00002014,19439,22862,60,Good,Union Bank,Kaduna,12.24348703558647,6.991854010860615,Permanent,HND/BSc,3.0,391578.0,130526.0,304480.0,37094.0,166022.33333333334,130.0
CUST_002015,LOAN_00002015,118745,151900,365,Good,Stanbic IBTC,Kaduna,6.591406846838972,10.11190377462536,Contract,HND/BSc,1.0,68622.0,68622.0,68622.0,68622.0,83263.0,90.0
CUST_002016,LOAN_00002016,130404,167724,30,Bad,Union Bank,Lagos,5.669733777319473,8.939425604459899,Contract,Secondary,1.0,108428.0,108428.0,108428.0,108428.0,148566.0,60.0
CUST_002017,LOAN_00002017,39220,45624,90,Good,GTBank,Benin City,9.865118153905843,14.348855512827528,Contract,HND/BSc,1.0,25044.0,25044.0,25044.0,25044.0,34584.0,30.0
CUST_002018,LOAN_00002018,12281,15909,90,Good,Access Bank,Enugu,10.413412665685538,11.970895632649324,Temporary,HND/BSc,1.0,11670.0,11670.0,11670.0,11670.0,15109.0,30.0
CUST_002019,LOAN_00002019,139695,163580,180,Bad,GTBank,Abuja,10.192274670567832,11.766511577958948,Temporary,Secondary,2.0,37803.0,18901.5,32803.0,5000.0,25653.0,105.0
CUST_002020,LOAN_00002020,59839,77664,90,Good,Zenith Bank,Ibadan,6.873851920192367,3.5562392332113544,Self-Employed,Secondary,5.0,171195.0,34239.0,97047.0,5041.0,41531.2,90.0
CUST_002021,LOAN_00002021,77218,96425,30,Good,Fidelity Bank,Kano,6.269821619433978,9.596036028044292,Permanent,HND/BSc,4.0,402468.0,100617.0,198364.0,29224.0,122190.0,120.0
CUST_002022,LOAN_00002022,22233,27478,60,Good,First Bank,Kaduna,12.603269199658396,8.603897446821778,Self-Employed,HND/BSc,3.0,81764.0,27254.666666666668,37914.0,14440.0,32870.333333333336,30.0
CUST_002023,LOAN_00002023,67108,81620,90,Bad,Access Bank,Jos,12.309695574429366,14.134107199274334,Permanent,Secondary,3.0,106508.0,35502.666666666664,52161.0,10796.0,48607.0,80.0
CUST_002024,LOAN_00002024,60867,74420,365,Good,GTBank,Lagos,8.115849489035384,6.088103858274387,Permanent,HND/BSc,2.0,89880.0,44940.0,63180.0,26700.0,56514.5,75.0
CUST_002025,LOAN_00002025,90261,114666,180,Good,UBA,Ibadan,11.61574479538936,6.238001439493132,Permanent,PhD,4.0,190159.0,47539.75,89034.0,14365.0,62205.5,82.5
CUST_002026,LOAN_00002026,28519,33166,30,Good,Access Bank,Port Harcourt,8.070911298708666,7.936154986578005,Permanent,HND/BSc,3.0,71628.0,23876.0,33608.0,17155.0,28738.0,150.0
CUST_002027,LOAN_00002027,183027,229092,30,Good,Fidelity Bank,Lagos,7.819501162652593,5.920436560876512,Permanent,Masters,0.0,0.0,0.0,0.0,0.0,0.0,0.0
CUST_002028,LOAN_00002028,29731,39139,60,Good,Union Bank,Port Harcourt,5.410866528393652,4.550207013704994,Contract,PhD,2.0,80273.0,40136.5,54397.0,25876.0,46885.5,75.0
CUST_002029,LOAN_00002029,75167,97783,365,Bad,Access Bank,Enugu,7.837654508427756,13.28897815980961,Temporary,Secondary,1.0,77898.0,77898.0,77898.0,77898.0,106165.0,30.0
CUST_002030,LOAN_00002030,36534,42907,180,Good,Union Bank,Kaduna,8.836752447398263,9.69931829284699,Permanent,Secondary,6.0,211627.0,35271.166666666664,69273.0,9283.0,43622.333333333336,90.0
CUST_002031,LOAN_00002031,39418,45853,180,Bad,Fidelity Bank,Jos,4.202538946858178,13.3363526274788,Temporary,HND/BSc,4.0,151671.0,37917.75,76370.0,14413.0,45959.25,82.5
CUST_002032,LOAN_00002032,25910,34055,180,Good,GTBank,Kano,7.997017046578658,12.97361718484435,Permanent,HND/BSc,0.0,0.0,0.0,0.0,0.0,0.0,0.0
CUST_002033,LOAN_00002033,82050,102978,60,Good,Fidelity Bank,Port Harcourt,11.032205965556802,6.384508257476053,Permanent,HND/BSc,3.0,114696.0,38232.0,54079.0,29848.0,49203.333333333336,90.0
CUST_002034,LOAN_00002034,86053,106078,90,Good,Access Bank,Ibadan,10.120414507368428,9.572849331891288,Contract,HND/BSc,7.0,298563.0,42651.857142857145,109083.0,7981.0,52394.28571428572,77.14285714285714
CUST_002035,LOAN_00002035,62062,76352,90,Bad,UBA,Benin City,9.716412899775415,3.998612432880845,Self-Employed,HND/BSc,1.0,20274.0,20274.0,20274.0,20274.0,25517.0,90.0
CUST_002036,LOAN_00002036,111809,148563,90,Good,Stanbic IBTC,Enugu,12.185998855934823,13.9830226083691,Permanent,Secondary,1.0,9612.0,9612.0,9612.0,9612.0,13226.0,30.0
CUST_002037,LOAN_00002037,92455,116533,365,Good,Access Bank,Benin City,4.16228808842707,7.851152580781838,Permanent,,5.0,390304.0,78060.8,227158.0,10084.0,106568.4,96.0
CUST_002038,LOAN_00002038,53074,63026,60,Good,Fidelity Bank,Enugu,9.013428275730108,7.724114206668256,Contract,Secondary,4.0,144811.0,36202.75,48437.0,20876.0,44957.25,67.5
CUST_002039,LOAN_00002039,148410,188711,180,Bad,Stanbic IBTC,Abuja,11.086139635687363,6.633064447415439,Permanent,PhD,2.0,87881.0,43940.5,45343.0,42538.0,55717.0,45.0
CUST_002040,LOAN_00002040,55275,67557,180,Bad,Fidelity Bank,Ibadan,8.872018444311404,8.527964936528445,Self-Employed,Secondary,3.0,100100.0,33366.666666666664,55232.0,13065.0,41645.666666666664,110.0
CUST_002041,LOAN_00002041,118827,138388,90,Bad,UBA,Benin City,6.915059973223412,6.021112638545377,Contract,Secondary,4.0,468152.0,117038.0,437801.0,6406.0,140882.5,82.5
CUST_002042,LOAN_00002042,48618,59070,30,Good,Fidelity Bank,Jos,5.226255085827801,7.498227273561655,Permanent,Secondary,4.0,232939.0,58234.75,131103.0,23483.0,73184.5,60.0
CUST_002043,LOAN_00002043,48202,58193,60,Good,GTBank,Kaduna,11.988067646345725,12.599364583018582,Self-Employed,,3.0,59372.0,19790.666666666668,39828.0,5000.0,24333.666666666668,70.0
CUST_002044,LOAN_00002044,165510,212312,60,Good,First Bank,Lagos,8.236861531488426,13.011066043022062,Permanent,Secondary,3.0,150366.0,50122.0,74846.0,15388.0,62829.666666666664,140.0
CUST_002045,LOAN_00002045,27689,31969,180,Good,Union Bank,Kano,11.903036772871314,6.650189731542193,Self-Employed,HND/BSc,0.0,0.0,0.0,0.0,0.0,0.0,0.0
CUST_002046,LOAN_00002046,38887,50654,60,Good,Union Bank,Kaduna,9.272669101898517,8.628173166633456,Self-Employed,Masters,3.0,101596.0,33865.333333333336,57286.0,11090.0,45264.666666666664,40.0
CUST_002047,LOAN_00002047,12608,16515,365,Good,Access Bank,Kaduna,10.067729049535007,13.485837315360628,Temporary,HND/BSc,4.0,334816.0,83704.0,188654.0,34760.0,103222.25,52.5
CUST_002048,LOAN_00002048,31007,41512,60,Good,First Bank,Enugu,11.238350389406053,3.6320799819563656,Contract,HND/BSc,5.0,180680.0,36136.0,71103.0,13201.0,44394.2,78.0
CUST_002049,LOAN_00002049,26932,35637,90,Good,Fidelity Bank,Jos,9.932399901401208,13.669739543949426,Contract,,0.0,0.0,0.0,0.0,0.0,0.0,0.0
CUST_002050,LOAN_00002050,31196,38585,30,Good,UBA,Enugu,7.58249356611044,5.63021214782798,Permanent,Masters,2.0,53648.0,26824.0,27158.0,26490.0,32995.0,105.0
CUST_002051,LOAN_00002051,52052,68547,180,Bad,Access Bank,Calabar,8.622700455357858,11.142470930572513,Self-Employed,HND/BSc,3.0,142912.0,47637.333333333336,96100.0,19079.0,57883.333333333336,110.0
CUST_002052,LOAN_00002052,39768,52854,30,Good,Fidelity Bank,Port Harcourt,11.227409722082918,9.990620356615205,Contract,HND/BSc,3.0,88548.0,29516.0,39101.0,24004.0,36236.0,140.0
CUST_002053,LOAN_00002053,125010,168637,30,Bad,Stanbic IBTC,Kano,7.362852667356858,9.635288978271024,Contract,,10.0,407838.0,40783.8,88744.0,15320.0,53994.2,54.0
CUST_002054,LOAN_00002054,347842,406708,365,Bad,Zenith Bank,Port Harcourt,7.493093110916474,13.312322697033856,Self-Employed,,1.0,21112.0,21112.0,21112.0,21112.0,29209.0,180.0
CUST_002055,LOAN_00002055,33924,44625,60,Good,Fidelity Bank,Lagos,4.86121104452201,4.218865723735935,Permanent,HND/BSc,0.0,0.0,0.0,0.0,0.0,0.0,0.0
CUST_002056,LOAN_00002056,129815,153965,90,Good,First Bank,Calabar,12.231259916995729,7.164336303907632,Self-Employed,Masters,0.0,0.0,0.0,0.0,0.0,0.0,0.0
CUST_002057,LOAN_00002057,69562,90738,90,Bad,Access Bank,Ibadan,4.819326834508976,9.459032956137188,Self-Employed,HND/BSc,0.0,0.0,0.0,0.0,0.0,0.0,0.0
CUST_002058,LOAN_00002058,35317,43371,30,Good,First Bank,Lagos,9.833882597037004,12.735466247352475,Contract,HND/BSc,0.0,0.0,0.0,0.0,0.0,0.0,0.0
CUST_002059,LOAN_00002059,49862,64705,365,Good,Access Bank,Lagos,7.718750309225179,5.597317000940058,Contract,Secondary,1.0,12271.0,12271.0,12271.0,12271.0,15222.0,30.0
CUST_002060,LOAN_00002060,32062,41878,90,Good,Fidelity Bank,Abuja,7.650574512298981,12.635158096491317,Permanent,Secondary,1.0,26763.0,26763.0,26763.0,26763.0,32114.0,30.0
CUST_002061,LOAN_00002061,37268,44563,60,Good,GTBank,Kano,10.115966529154155,7.7956617899272285,Temporary,HND/BSc,1.0,47921.0,47921.0,47921.0,47921.0,61758.0,60.0
CUST_002062,LOAN_00002062,296830,388579,90,Good,Stanbic IBTC,Enugu,4.603843593668908,5.266966277204345,Permanent,HND/BSc,1.0,26342.0,26342.0,26342.0,26342.0,31056.0,180.0
CUST_002063,LOAN_00002063,96977,112952,30,Bad,Fidelity Bank,Jos,9.343352046562911,12.107837285321793,Contract,Secondary,3.0,153889.0,51296.333333333336,61394.0,39121.0,64989.0,110.0
CUST_002064,LOAN_00002064,23473,29912,60,Good,Union Bank,Port Harcourt,10.948286073751191,4.090786817694574,Self-Employed,HND/BSc,3.0,50883.0,16961.0,27564.0,11386.0,20919.666666666668,150.0
CUST_002065,LOAN_00002065,38032,44982,90,Bad,First Bank,Lagos,11.453914820979348,9.177208488905316,Temporary,HND/BSc,5.0,222154.0,44430.8,85679.0,23527.0,54631.4,84.0
CUST_002066,LOAN_00002066,76721,101041,60,Bad,Zenith Bank,Port Harcourt,5.534773504543978,3.766509406342661,Self-Employed,,3.0,271644.0,90548.0,219660.0,14888.0,117943.66666666667,90.0
CUST_002067,LOAN_00002067,22948,28232,90,Good,Zenith Bank,Port Harcourt,12.076771450703562,7.27701426189345,Contract,Masters,2.0,189726.0,94863.0,173332.0,16394.0,117175.5,180.0
CUST_002068,LOAN_00002068,42911,56831,60,Good,UBA,Ibadan,9.90531482662698,10.212921588076712,Permanent,HND/BSc,4.0,200818.0,50204.5,85803.0,29619.0,63899.0,67.5
CUST_002069,LOAN_00002069,54154,65684,30,Good,Access Bank,Kano,11.936693207386146,9.673386497846558,Permanent,PhD,0.0,0.0,0.0,0.0,0.0,0.0,0.0
CUST_002070,LOAN_00002070,126477,146202,30,Good,First Bank,Kano,8.367526453991784,7.855865014855999,Permanent,HND/BSc,0.0,0.0,0.0,0.0,0.0,0.0,0.0
CUST_002071,LOAN_00002071,75493,95517,90,Bad,UBA,Benin City,8.878300105874818,8.148575927665387,Self-Employed,HND/BSc,1.0,26522.0,26522.0,26522.0,26522.0,36938.0,90.0
CUST_002072,LOAN_00002072,296125,348435,30,Bad,First Bank,Kaduna,12.27134449325804,5.721234640209199,Self-Employed,,1.0,33908.0,33908.0,33908.0,33908.0,47461.0,90.0
CUST_002073,LOAN_00002073,10000,13296,60,Good,Union Bank,Kano,12.099185890192048,8.470591061089234,Self-Employed,HND/BSc,2.0,153939.0,76969.5,109590.0,44349.0,103116.5,105.0
CUST_002074,LOAN_00002074,20189,23456,90,Good,Access Bank,Port Harcourt,8.033447860321019,14.439058268650012,Self-Employed,HND/BSc,0.0,0.0,0.0,0.0,0.0,0.0,0.0
CUST_002075,LOAN_00002075,50206,58780,365,Good,Fidelity Bank,Enugu,6.469713684721135,13.205435013405484,Contract,Secondary,0.0,0.0,0.0,0.0,0.0,0.0,0.0
CUST_002076,LOAN_00002076,61691,80109,180,Bad,Fidelity Bank,Port Harcourt,7.538533911078377,4.742794428916126,Permanent,Secondary,9.0,877818.0,97535.33333333333,224512.0,8211.0,122769.33333333333,120.0
CUST_002077,LOAN_00002077,28310,35622,180,Good,Zenith Bank,Enugu,7.489878956767748,3.357369447851051,Permanent,HND/BSc,5.0,431031.0,86206.2,270926.0,20541.0,107897.0,72.0
CUST_002078,LOAN_00002078,26494,35637,30,Good,Fidelity Bank,Benin City,6.581801874845146,14.202291752599567,Permanent,,4.0,94283.0,23570.75,32842.0,18304.0,29705.75,90.0
CUST_002079,LOAN_00002079,101739,129466,90,Good,Fidelity Bank,Enugu,6.417216438996699,9.320996998568972,Self-Employed,HND/BSc,0.0,0.0,0.0,0.0,0.0,0.0,0.0
CUST_002080,LOAN_00002080,77878,90117,60,Good,Union Bank,Kano,11.749566428317475,9.454053877791694,Permanent,PhD,4.0,509986.0,127496.5,185328.0,29548.0,166781.25,97.5
CUST_002081,LOAN_00002081,115529,150386,60,Bad,GTBank,Ibadan,4.628757286161955,12.368615948478269,Self-Employed,PhD,3.0,78561.0,26187.0,57536.0,5000.0,30789.0,90.0
CUST_002082,LOAN_00002082,170686,217015,90,Bad,Zenith Bank,Enugu,10.098500638896349,6.776267686455919,Self-Employed,Secondary,1.0,33267.0,33267.0,33267.0,33267.0,41150.0,90.0
CUST_002083,LOAN_00002083,49662,59477,180,Good,UBA,Port Harcourt,5.555380463108071,8.782890826032027,Contract,HND/BSc,2.0,96386.0,48193.0,52802.0,43584.0,61449.5,180.0
CUST_002084,LOAN_00002084,30365,39325,365,Good,Stanbic IBTC,Jos,7.100553040546569,14.623954957760851,Permanent,HND/BSc,2.0,84716.0,42358.0,66221.0,18495.0,55647.0,45.0
CUST_002085,LOAN_00002085,71658,84825,60,Good,GTBank,Kano,4.553887307213532,11.065784243188888,Permanent,HND/BSc,8.0,400463.0,50057.875,109087.0,8527.0,64105.375,108.75
CUST_002086,LOAN_00002086,130203,150472,60,Good,UBA,Jos,6.429762731699158,4.844940383949432,Permanent,Secondary,3.0,104799.0,34933.0,62181.0,8705.0,45078.0,40.0
CUST_002087,LOAN_00002087,82475,105421,90,Bad,Access Bank,Calabar,10.91578964005518,4.59872097581224,Self-Employed,,1.0,23189.0,23189.0,23189.0,23189.0,26782.0,180.0
CUST_002088,LOAN_00002088,16449,20367,30,Good,GTBank,Calabar,11.965137920925327,5.451177099996064,Permanent,Masters,5.0,424734.0,84946.8,256001.0,10909.0,110537.8,78.0
CUST_002089,LOAN_00002089,46217,53845,30,Good,Union Bank,Port Harcourt,5.993744367121304,12.20054009304861,Self-Employed,HND/BSc,3.0,167900.0,55966.666666666664,93293.0,14684.0,71546.0,120.0
CUST_002090,LOAN_00002090,38867,45031,60,Good,UBA,Calabar,8.171930553330297,6.544524046087393,Self-Employed,HND/BSc,1.0,28670.0,28670.0,28670.0,28670.0,38434.0,90.0
CUST_002091,LOAN_00002091,36035,43535,180,Bad,Access Bank,Kaduna,8.232916431434857,3.256666160100957,Permanent,Secondary,4.0,467112.0,116778.0,280124.0,7160.0,142862.0,82.5
CUST_002092,LOAN_00002092,17404,22044,365,Good,Zenith Bank,Benin City,11.862177751837608,14.330092362067942,Self-Employed,HND/BSc,5.0,173079.0,34615.8,98595.0,5000.0,43011.8,78.0
CUST_002093,LOAN_00002093,75967,89366,60,Bad,Stanbic IBTC,Kano,10.865191475882249,5.036560996738928,Self-Employed,PhD,4.0,143896.0,35974.0,76749.0,9207.0,46407.25,97.5
CUST_002094,LOAN_00002094,150319,199050,60,Good,Access Bank,Jos,8.617694965312449,3.114698233776823,Self-Employed,Masters,2.0,55471.0,27735.5,41525.0,13946.0,35102.0,180.0
CUST_002095,LOAN_00002095,72788,85351,180,Bad,Fidelity Bank,Port Harcourt,10.03672480424596,5.845579228599876,Permanent,HND/BSc,2.0,80829.0,40414.5,70069.0,10760.0,54975.5,75.0
CUST_002096,LOAN_00002096,28891,34939,180,Good,First Bank,Kaduna,11.6261954851843,5.820345445417605,Permanent,HND/BSc,2.0,107658.0,53829.0,62289.0,45369.0,67249.0,45.0
CUST_002097,LOAN_00002097,145544,180746,90,Good,Access Bank,Port Harcourt,4.085850586229904,8.064063010148676,Permanent,HND/BSc,3.0,125128.0,41709.333333333336,59149.0,21244.0,56404.666666666664,90.0
CUST_002098,LOAN_00002098,34089,45011,365,Good,Access Bank,Kaduna,7.626010279450437,14.044677978000442,Permanent,HND/BSc,5.0,298202.0,59640.4,132839.0,9402.0,70325.0,108.0
CUST_002099,LOAN_00002099,54438,68782,60,Bad,Stanbic IBTC,Calabar,12.165188505493708,13.550219013349174,Self-Employed,Secondary,2.0,196188.0,98094.0,135404.0,60784.0,118161.0,135.0
CUST_002100,LOAN_00002100,109431,144365,365,Bad,First Bank,Calabar,10.662817277595565,8.482734659789134,Self-Employed,HND/BSc,5.0,110102.0,22020.4,30115.0,10232.0,27065.6,144.0
CUST_002101,LOAN_00002101,62490,76836,30,Bad,Fidelity Bank,Enugu,8.885572369006672,7.930798859901678,Temporary,HND/BSc,3.0,80206.0,26735.333333333332,39716.0,10104.0,34657.333333333336,60.0
CUST_002102,LOAN_00002102,48588,63053,60,Good,UBA,Abuja,8.7668007433162,9.660109037698216,Permanent,Secondary,3.0,113822.0,37940.666666666664,58077.0,19862.0,50267.0,60.0
CUST_002103,LOAN_00002103,59383,78644,90,Good,UBA,Port Harcourt,7.12993087843994,5.921448143661189,Permanent,Secondary,3.0,148147.0,49382.333333333336,77879.0,20652.0,66073.66666666667,100.0
CUST_002104,LOAN_00002104,55123,67470,60,Bad,Access Bank,Enugu,8.684684802773631,3.626219903596354,Self-Employed,Secondary,2.0,69353.0,34676.5,58241.0,11112.0,45970.0,105.0
CUST_002105,LOAN_00002105,42472,52485,90,Good,Union Bank,Kano,9.89844879517108,14.27068963405448,Permanent,HND/BSc,4.0,495053.0,123763.25,253048.0,7409.0,163739.25,105.0
CUST_002106,LOAN_00002106,133501,157349,60,Good,Union Bank,Enugu,7.7652673458591375,5.240387818526073,Permanent,HND/BSc,1.0,75517.0,75517.0,75517.0,75517.0,104283.0,180.0
CUST_002107,LOAN_00002107,52335,62826,60,Good,First Bank,Lagos,10.427378317529566,5.380808750948597,Contract,Secondary,0.0,0.0,0.0,0.0,0.0,0.0,0.0
CUST_002108,LOAN_00002108,38396,50799,30,Good,First Bank,Calabar,11.751090045343473,8.669523946247372,Permanent,Secondary,2.0,107001.0,53500.5,78290.0,28711.0,64651.5,30.0
CUST_002109,LOAN_00002109,49416,60361,180,Good,Fidelity Bank,Lagos,5.392163633663751,8.899360138083969,Contract,Masters,2.0,65770.0,32885.0,43127.0,22643.0,42512.5,60.0
CUST_002110,LOAN_00002110,136526,182943,90,Bad,Stanbic IBTC,Port Harcourt,8.063923205356819,3.2212105164089038,Permanent,Secondary,4.0,176948.0,44237.0,85507.0,10633.0,57252.0,127.5
CUST_002111,LOAN_00002111,37002,45453,180,Good,Zenith Bank,Jos,7.67218082156573,4.775456865287648,Contract,HND/BSc,2.0,58705.0,29352.5,50774.0,7931.0,40176.5,60.0
CUST_002112,LOAN_00002112,73529,94422,90,Good,UBA,Jos,10.187183236447552,7.537857822728901,Self-Employed,,2.0,418878.0,209439.0,324183.0,94695.0,250352.5,45.0
CUST_002113,LOAN_00002113,100156,115942,60,Good,Stanbic IBTC,Kano,6.248807187321364,11.20476832212647,Permanent,HND/BSc,3.0,179792.0,59930.666666666664,98952.0,29822.0,79375.33333333333,50.0
CUST_002114,LOAN_00002114,43763,53757,60,Good,GTBank,Enugu,9.762258234570488,5.74102148198323,Temporary,Masters,3.0,165534.0,55178.0,111712.0,10585.0,73900.66666666667,100.0
CUST_002115,LOAN_00002115,37193,48938,60,Good,UBA,Jos,11.897403175583392,8.076173354901151,Contract,HND/BSc,3.0,82604.0,27534.666666666668,41426.0,12998.0,33808.0,60.0
CUST_002116,LOAN_00002116,33538,41859,30,Bad,Stanbic IBTC,Kaduna,7.763184398142604,9.688140776597605,Temporary,Secondary,1.0,62284.0,62284.0,62284.0,62284.0,82361.0,60.0
CUST_002117,LOAN_00002117,49670,66516,30,Good,UBA,Kaduna,12.19914129981298,13.663109935479504,Permanent,HND/BSc,3.0,151652.0,50550.666666666664,111041.0,15856.0,67816.0,80.0
CUST_002118,LOAN_00002118,62254,71631,60,Good,Zenith Bank,Kano,12.938473650401306,6.91284602792548,Contract,HND/BSc,2.0,104649.0,52324.5,84264.0,20385.0,65258.5,120.0
CUST_002119,LOAN_00002119,154615,195704,180,Bad,GTBank,Benin City,4.954828449531568,4.602699190361802,Contract,Secondary,5.0,228633.0,45726.6,89035.0,16276.0,61324.4,90.0
CUST_002120,LOAN_00002120,58032,75656,30,Good,Union Bank,Calabar,6.097478691863728,8.871266710771298,Self-Employed,HND/BSc,0.0,0.0,0.0,0.0,0.0,0.0,0.0
CUST_002121,LOAN_00002121,129034,168484,60,Good,Union Bank,Enugu,12.55341776333884,11.960659220208743,Contract,PhD,5.0,298387.0,59677.4,141755.0,22008.0,78809.2,114.0
CUST_002122,LOAN_00002122,85483,112271,60,Bad,Zenith Bank,Port Harcourt,12.62494917833248,4.318317084632801,Contract,Secondary,10.0,535310.0,53531.0,155483.0,14355.0,68269.3,129.0
CUST_002123,LOAN_00002123,41605,54767,90,Good,Fidelity Bank,Ibadan,4.8793654784808265,8.096201900363525,Temporary,HND/BSc,5.0,153369.0,30673.8,43970.0,17520.0,39921.8,54.0
CUST_002124,LOAN_00002124,115356,151475,30,Good,GTBank,Ibadan,4.13498650339423,3.213421695149801,Permanent,HND/BSc,2.0,65528.0,32764.0,34491.0,31037.0,42089.5,135.0
CUST_002125,LOAN_00002125,40554,50952,180,Good,Access Bank,Ibadan,5.449900209307801,3.4027101797670136,Permanent,Masters,6.0,258609.0,43101.5,82785.0,19521.0,56035.666666666664,110.0
CUST_002126,LOAN_00002126,67916,91250,60,Good,Stanbic IBTC,Jos,12.964115050440236,8.795440358599986,Contract,Masters,7.0,561262.0,80180.28571428571,223833.0,6681.0,98752.28571428571,72.85714285714286
CUST_002127,LOAN_00002127,71119,88066,60,Good,GTBank,Benin City,5.619996549496182,6.578367577811154,Contract,Masters,5.0,249317.0,49863.4,116417.0,5000.0,63456.4,42.0
CUST_002128,LOAN_00002128,61350,76744,30,Good,Fidelity Bank,Benin City,8.522928460498209,13.141287588064946,Contract,HND/BSc,0.0,0.0,0.0,0.0,0.0,0.0,0.0
CUST_002129,LOAN_00002129,45089,52932,90,Good,Fidelity Bank,Enugu,11.635759537874598,10.22585167351745,Contract,Secondary,2.0,487347.0,243673.5,477564.0,9783.0,300423.5,180.0
CUST_002130,LOAN_00002130,177434,226085,60,Bad,Zenith Bank,Enugu,4.183614496193857,8.447195540915885,Temporary,HND/BSc,0.0,0.0,0.0,0.0,0.0,0.0,0.0
CUST_002131,LOAN_00002131,104274,131734,90,Good,UBA,Benin City,9.440400840326134,7.895224452651556,Self-Employed,HND/BSc,5.0,223664.0,44732.8,89223.0,29622.0,59533.6,84.0
CUST_002132,LOAN_00002132,126760,150464,365,Bad,GTBank,Kano,6.493229039826619,8.96694576227476,Permanent,Masters,1.0,238146.0,238146.0,238146.0,238146.0,291752.0,180.0
CUST_002133,LOAN_00002133,25679,29952,60,Good,Stanbic IBTC,Enugu,11.761014247957585,3.485265974551936,Permanent,,3.0,159236.0,53078.666666666664,132032.0,10877.0,71017.66666666667,130.0
CUST_002134,LOAN_00002134,100415,130947,60,Good,GTBank,Kano,6.551150343376713,13.71352027704792,Temporary,HND/BSc,4.0,118786.0,29696.5,32159.0,23134.0,37330.0,105.0
CUST_002135,LOAN_00002135,49942,59370,90,Good,First Bank,Lagos,10.18080148253718,14.9796378688075,Self-Employed,HND/BSc,9.0,532033.0,59114.77777777778,223559.0,16101.0,76354.77777777778,90.0
CUST_002136,LOAN_00002136,107067,133611,60,Bad,UBA,Kaduna,10.067976692026573,5.177845498304384,Temporary,HND/BSc,3.0,215454.0,71818.0,138955.0,5925.0,93194.66666666667,80.0
CUST_002137,LOAN_00002137,421488,508870,60,Good,Stanbic IBTC,Calabar,5.99344193973676,4.444595577295437,Permanent,Secondary,5.0,336294.0,67258.8,115586.0,21270.0,83955.2,54.0
CUST_002138,LOAN_00002138,65544,84181,60,Bad,Union Bank,Enugu,4.313192798815151,4.722929561383143,Self-Employed,HND/BSc,3.0,83990.0,27996.666666666668,49758.0,6158.0,37063.0,100.0
CUST_002139,LOAN_00002139,63785,74738,90,Bad,Stanbic IBTC,Benin City,7.683246164068576,10.932324698812405,Self-Employed,HND/BSc,9.0,533153.0,59239.22222222222,151131.0,13203.0,74759.77777777778,60.0
CUST_002140,LOAN_00002140,16475,22023,180,Good,Access Bank,Kaduna,6.602738367692828,10.937290061409296,Permanent,,5.0,311971.0,62394.2,101831.0,21535.0,85239.2,78.0
CUST_002141,LOAN_00002141,168844,208896,90,Good,Zenith Bank,Kaduna,11.280799746523378,13.17508994734093,Contract,HND/BSc,1.0,39669.0,39669.0,39669.0,39669.0,53776.0,180.0
CUST_002142,LOAN_00002142,20966,25041,60,Good,Access Bank,Abuja,11.203277696098109,12.02191666111504,Contract,,1.0,71110.0,71110.0,71110.0,71110.0,90503.0,90.0
CUST_002143,LOAN_00002143,20088,23613,90,Good,Stanbic IBTC,Benin City,8.11321556973363,8.396276080432077,Contract,HND/BSc,0.0,0.0,0.0,0.0,0.0,0.0,0.0
CUST_002144,LOAN_00002144,99859,119501,180,Bad,UBA,Calabar,9.458610027908971,10.354264338783826,Self-Employed,Secondary,2.0,54730.0,27365.0,37710.0,17020.0,33250.0,30.0
CUST_002145,LOAN_00002145,22456,26196,30,Bad,GTBank,Benin City,9.438335643882326,11.259416044416096,Self-Employed,Secondary,5.0,191381.0,38276.2,117445.0,8615.0,49891.0,90.0
CUST_002146,LOAN_00002146,115098,132400,90,Bad,Union Bank,Enugu,11.44442333584861,9.152837643422702,Self-Employed,Secondary,5.0,158981.0,31796.2,89208.0,5000.0,41530.0,42.0
CUST_002147,LOAN_00002147,28255,36736,90,Good,GTBank,Port Harcourt,7.825021727108778,8.70781181341964,Self-Employed,HND/BSc,4.0,66218.0,16554.5,35055.0,5000.0,22026.75,112.5
CUST_002148,LOAN_00002148,49692,64012,90,Good,UBA,Lagos,6.4790201181145815,10.74116934771184,Contract,Secondary,7.0,163246.0,23320.85714285714,64724.0,5000.0,30249.285714285714,81.42857142857143
CUST_002149,LOAN_00002149,177241,220419,60,Good,Stanbic IBTC,Kano,6.385314263264927,9.689694587707844,Permanent,HND/BSc,2.0,102089.0,51044.5,65375.0,36714.0,65970.5,75.0
CUST_002150,LOAN_00002150,67445,85971,60,Bad,Fidelity Bank,Port Harcourt,8.825730513539838,10.727307664030924,Self-Employed,,3.0,413303.0,137767.66666666666,188720.0,58901.0,175878.66666666666,150.0
CUST_002151,LOAN_00002151,27666,34335,90,Good,GTBank,Lagos,8.042333824589914,10.354257287560364,Contract,HND/BSc,3.0,135130.0,45043.333333333336,66274.0,30359.0,60420.666666666664,40.0
CUST_002152,LOAN_00002152,112657,135289,30,Good,Fidelity Bank,Port Harcourt,7.961086938864426,11.630358726163855,Permanent,Masters,4.0,113355.0,28338.75,59894.0,9910.0,35537.0,112.5
CUST_002153,LOAN_00002153,26947,36252,30,Good,GTBank,Kano,4.820236051807365,10.713642105394513,Contract,Secondary,1.0,53093.0,53093.0,53093.0,53093.0,61835.0,60.0
CUST_002154,LOAN_00002154,146099,194605,60,Good,GTBank,Jos,10.46743366621176,9.236909837247207,Permanent,HND/BSc,3.0,86386.0,28795.333333333332,66420.0,7260.0,38855.0,80.0
CUST_002155,LOAN_00002155,169862,212445,30,Bad,Union Bank,Benin City,5.923630191837196,11.181561735412638,Self-Employed,Secondary,7.0,250488.0,35784.0,116810.0,5742.0,46469.857142857145,102.85714285714286
CUST_002156,LOAN_00002156,61436,73800,30,Good,Zenith Bank,Port Harcourt,5.772582671878492,8.393783582225137,Permanent,Masters,2.0,99907.0,49953.5,81318.0,18589.0,65668.0,105.0
CUST_002157,LOAN_00002157,33657,44158,180,Good,Zenith Bank,Enugu,7.714824882496541,5.9000547116712125,Permanent,Secondary,8.0,447267.0,55908.375,145924.0,13237.0,71611.125,86.25
CUST_002158,LOAN_00002158,62097,82187,90,Bad,First Bank,Calabar,6.050005074560213,3.017018641606985,Temporary,HND/BSc,0.0,0.0,0.0,0.0,0.0,0.0,0.0
CUST_002159,LOAN_00002159,23610,31249,90,Good,Access Bank,Ibadan,9.254724405772135,9.71956976575012,Self-Employed,HND/BSc,1.0,49573.0,49573.0,49573.0,49573.0,64901.0,30.0
CUST_002160,LOAN_00002160,129962,160436,60,Bad,UBA,Enugu,7.343170054010244,10.087862719303692,Self-Employed,HND/BSc,4.0,337853.0,84463.25,117398.0,49830.0,111873.25,112.5
CUST_002161,LOAN_00002161,29384,37852,90,Good,UBA,Kano,8.04020550333511,14.664587577308572,Contract,Masters,1.0,114008.0,114008.0,114008.0,114008.0,145454.0,90.0
CUST_002162,LOAN_00002162,46247,61314,60,Good,UBA,Calabar,8.83452389443626,7.337740009131306,Self-Employed,Secondary,7.0,653879.0,93411.28571428571,234087.0,12314.0,121780.28571428571,81.42857142857143
CUST_002163,LOAN_00002163,110479,133739,30,Good,First Bank,Enugu,5.831819702336244,7.729598913939741,Self-Employed,HND/BSc,4.0,120291.0,30072.75,57331.0,7889.0,38970.25,82.5
CUST_002164,LOAN_00002164,32048,37838,60,Good,Zenith Bank,Kaduna,5.401764605789769,5.421594976106283,Contract,Masters,1.0,51615.0,51615.0,51615.0,51615.0,67913.0,90.0
CUST_002165,LOAN_00002165,162365,199672,90,Bad,Stanbic IBTC,Benin City,11.923797125862444,3.846411542847863,Temporary,HND/BSc,8.0,312672.0,39084.0,100362.0,8059.0,49918.0,116.25
CUST_002166,LOAN_00002166,38423,45663,30,Good,Fidelity Bank,Calabar,7.903513325482789,12.273653914340889,Permanent,HND/BSc,3.0,163340.0,54446.666666666664,91563.0,25299.0,70226.33333333333,150.0
CUST_002167,LOAN_00002167,57487,77595,30,Good,Union Bank,Kaduna,7.708842486692852,5.9961727720719,Temporary,Secondary,6.0,156175.0,26029.166666666668,40829.0,16159.0,35230.666666666664,65.0
CUST_002168,LOAN_00002168,26785,32117,30,Good,Fidelity Bank,Enugu,4.3205093524555735,10.306858332360456,Contract,Masters,3.0,252983.0,84327.66666666667,108722.0,66373.0,102798.66666666667,90.0
CUST_002169,LOAN_00002169,133769,167200,90,Bad,Stanbic IBTC,Lagos,8.48178672328654,11.253276426545778,Contract,,8.0,690313.0,86289.125,454256.0,16241.0,107109.625,86.25
CUST_002170,LOAN_00002170,106004,129377,180,Good,Union Bank,Abuja,8.987527494499002,8.654840247499772,Permanent,HND/BSc,2.0,117871.0,58935.5,77920.0,39951.0,76650.0,135.0
CUST_002171,LOAN_00002171,46449,60875,60,Good,First Bank,Lagos,9.029567838591998,13.5162253563263,Contract,Masters,3.0,124840.0,41613.333333333336,75540.0,19123.0,50926.0,100.0
CUST_002172,LOAN_00002172,53405,68122,30,Good,Stanbic IBTC,Benin City,10.36328052390596,8.325538091756744,Contract,HND/BSc,5.0,314911.0,62982.2,134382.0,22690.0,78090.4,102.0
CUST_002173,LOAN_00002173,158665,183121,365,Bad,UBA,Calabar,5.597336514919106,6.418903476501182,Temporary,Secondary,2.0,46619.0,23309.5,36332.0,10287.0,29987.5,75.0
CUST_002174,LOAN_00002174,83770,112796,90,Bad,Access Bank,Calabar,6.27000820807557,13.752186275539469,Temporary,Secondary,0.0,0.0,0.0,0.0,0.0,0.0,0.0
CUST_002175,LOAN_00002175,77722,104848,180,Bad,GTBank,Benin City,11.296574187073714,13.338771410999476,Temporary,HND/BSc,3.0,293582.0,97860.66666666667,212924.0,38612.0,117611.66666666667,50.0
CUST_002176,LOAN_00002176,111166,147647,60,Good,Fidelity Bank,Kaduna,12.524535551590546,4.968479364916956,Permanent,HND/BSc,6.0,309009.0,51501.5,128452.0,13960.0,66438.0,75.0
CUST_002177,LOAN_00002177,85170,113778,90,Bad,Zenith Bank,Abuja,5.2233947263058855,3.3115322202470514,Temporary,Masters,5.0,396469.0,79293.8,338006.0,6642.0,101218.8,78.0
CUST_002178,LOAN_00002178,68312,78888,90,Good,Zenith Bank,Enugu,8.478845990546963,4.079826676195449,Contract,HND/BSc,0.0,0.0,0.0,0.0,0.0,0.0,0.0
CUST_002179,LOAN_00002179,69965,85462,90,Bad,First Bank,Kano,5.9275862746562815,6.438568782645804,Self-Employed,,3.0,40875.0,13625.0,15968.0,12005.0,17505.0,90.0
CUST_002180,LOAN_00002180,13709,17085,30,Good,Union Bank,Lagos,4.540658515194842,14.667117620900529,Permanent,HND/BSc,3.0,88681.0,29560.333333333332,43479.0,22117.0,36772.333333333336,60.0
CUST_002181,LOAN_00002181,34454,41305,90,Good,Zenith Bank,Lagos,6.929530043135219,9.7021938379299,Contract,HND/BSc,5.0,401696.0,80339.2,189863.0,32665.0,105269.6,138.0
CUST_002182,LOAN_00002182,10000,12254,60,Good,UBA,Ibadan,5.293188626657915,7.479140784351226,Temporary,Secondary,0.0,0.0,0.0,0.0,0.0,0.0,0.0
CUST_002183,LOAN_00002183,105973,139830,90,Bad,Fidelity Bank,Abuja,10.389397660908216,13.664593135352955,Temporary,HND/BSc,1.0,132690.0,132690.0,132690.0,132690.0,170957.0,60.0
CUST_002184,LOAN_00002184,37842,50357,180,Bad,Stanbic IBTC,Kano,8.803528723043,8.437635977741996,Self-Employed,Masters,8.0,377194.0,47149.25,97876.0,15117.0,60963.625,75.0
CUST_002185,LOAN_00002185,145056,181949,30,Bad,UBA,Lagos,5.294510238912798,6.7828635408122535,Self-Employed,Secondary,3.0,69242.0,23080.666666666668,36951.0,7712.0,30079.333333333332,60.0
CUST_002186,LOAN_00002186,14091,16427,30,Good,First Bank,Kano,4.083174295649629,14.29463434494789,Permanent,,1.0,54746.0,54746.0,54746.0,54746.0,74185.0,30.0
CUST_002187,LOAN_00002187,34031,41247,180,Bad,UBA,Enugu,11.273413441217915,13.194211994312136,Self-Employed,,2.0,56686.0,28343.0,40429.0,16257.0,38320.5,75.0
CUST_002188,LOAN_00002188,41273,54138,60,Good,Stanbic IBTC,Calabar,5.585749655478228,13.124020505033291,Contract,HND/BSc,0.0,0.0,0.0,0.0,0.0,0.0,0.0
CUST_002189,LOAN_00002189,115950,136141,90,Good,Access Bank,Kano,9.455949779986897,9.147416916602555,Permanent,HND/BSc,4.0,410979.0,102744.75,252649.0,7805.0,131352.5,90.0
CUST_002190,LOAN_00002190,79115,98041,30,Good,First Bank,Lagos,7.03229721769071,12.47326078578546,Permanent,Secondary,0.0,0.0,0.0,0.0,0.0,0.0,0.0
CUST_002191,LOAN_00002191,174156,214845,180,Bad,Access Bank,Kaduna,9.26937344483532,5.152240311174623,Permanent,Secondary,5.0,185746.0,37149.2,80932.0,17286.0,47548.2,96.0
CUST_002192,LOAN_00002192,122064,142959,90,Bad,GTBank,Abuja,6.840882642840916,9.878675490674924,Self-Employed,Secondary,2.0,121052.0,60526.0,75032.0,46020.0,78603.5,120.0
CUST_002193,LOAN_00002193,19627,26380,60,Good,Access Bank,Benin City,4.782456046230288,14.806151074170549,Permanent,HND/BSc,0.0,0.0,0.0,0.0,0.0,0.0,0.0
CUST_002194,LOAN_00002194,302714,359304,90,Good,GTBank,Port Harcourt,6.006550077019782,6.49150116621554,Contract,Secondary,0.0,0.0,0.0,0.0,0.0,0.0,0.0
CUST_002195,LOAN_00002195,212725,266773,365,Bad,GTBank,Jos,5.692527098311681,12.532227950972102,Permanent,Masters,4.0,420955.0,105238.75,172947.0,32995.0,132315.5,127.5
CUST_002196,LOAN_00002196,109061,143182,90,Bad,Access Bank,Jos,7.852174171956794,8.885740886496807,Contract,HND/BSc,4.0,250218.0,62554.5,72818.0,43167.0,80790.0,45.0
CUST_002197,LOAN_00002197,54648,69517,180,Bad,First Bank,Port Harcourt,9.924554050835416,3.477668198665048,Self-Employed,Secondary,6.0,382996.0,63832.666666666664,196325.0,20520.0,83820.0,110.0
CUST_002198,LOAN_00002198,27041,35495,30,Good,Union Bank,Kano,6.374254674517218,12.156232773788007,Self-Employed,HND/BSc,1.0,34500.0,34500.0,34500.0,34500.0,46010.0,60.0
CUST_002199,LOAN_00002199,10000,12806,90,Good,Stanbic IBTC,Abuja,4.108629417705561,5.022829732705354,Contract,,1.0,44130.0,44130.0,44130.0,44130.0,54422.0,30.0
CUST_002200,LOAN_00002200,19186,23521,90,Good,UBA,Kano,8.670436278382812,10.577682805593,Contract,HND/BSc,2.0,66180.0,33090.0,54910.0,11270.0,45145.0,120.0
CUST_002201,LOAN_00002201,10000,13475,30,Good,UBA,Benin City,9.45183540423075,4.027970328563675,Permanent,HND/BSc,7.0,454302.0,64900.28571428572,265788.0,5000.0,84268.71428571429,60.0
CUST_002202,LOAN_00002202,75516,90668,90,Bad,Stanbic IBTC,Abuja,12.665834446016287,14.362408769951578,Self-Employed,Masters,1.0,82180.0,82180.0,82180.0,82180.0,112643.0,90.0
CUST_002203,LOAN_00002203,212133,255912,60,Good,Fidelity Bank,Port Harcourt,9.30523722783922,6.500686646164331,Permanent,Masters,5.0,328566.0,65713.2,189912.0,12567.0,79028.8,102.0
CUST_002204,LOAN_00002204,94285,112835,90,Good,Fidelity Bank,Kano,8.240553034403277,5.717576300128739,Permanent,Masters,9.0,446388.0,49598.666666666664,136222.0,10528.0,63794.11111111111,86.66666666666667
CUST_002205,LOAN_00002205,59188,69366,60,Good,GTBank,Ibadan,9.160614633079334,4.549636848796012,Self-Employed,Secondary,0.0,0.0,0.0,0.0,0.0,0.0,0.0
CUST_002206,LOAN_00002206,45195,53439,30,Good,GTBank,Lagos,12.351105668758244,14.352026320068571,Permanent,Masters,3.0,72801.0,24267.0,32305.0,13273.0,30398.0,100.0
CUST_002207,LOAN_00002207,167801,211286,60,Bad,First Bank,Kaduna,11.455403310414816,11.542844909295662,Self-Employed,HND/BSc,1.0,73761.0,73761.0,73761.0,73761.0,92776.0,30.0
CUST_002208,LOAN_00002208,49217,65238,30,Good,Zenith Bank,Calabar,6.906808600274272,11.899930664617065,Permanent,PhD,3.0,103165.0,34388.333333333336,43721.0,28715.0,43951.666666666664,140.0
CUST_002209,LOAN_00002209,127257,168594,180,Bad,Access Bank,Kaduna,6.135289272914235,8.992854736562935,Self-Employed,Secondary,1.0,51984.0,51984.0,51984.0,51984.0,70469.0,90.0
CUST_002210,LOAN_00002210,57718,69632,60,Good,GTBank,Benin City,6.363702511294663,8.696733423245801,Permanent,PhD,1.0,19123.0,19123.0,19123.0,19123.0,23913.0,30.0
CUST_002211,LOAN_00002211,91443,112503,60,Good,UBA,Kano,8.539789357436916,4.32025491589772,Permanent,,4.0,233030.0,58257.5,147509.0,11471.0,78146.5,45.0
CUST_002212,LOAN_00002212,21129,27813,30,Good,First Bank,Enugu,10.6964450610572,9.7180931470079,Permanent,Secondary,3.0,249461.0,83153.66666666667,179543.0,11259.0,103029.33333333333,90.0
CUST_002213,LOAN_00002213,99512,115273,60,Bad,Access Bank,Abuja,8.528972864646658,5.962997941305485,Self-Employed,,9.0,861896.0,95766.22222222222,470466.0,10417.0,117090.22222222222,113.33333333333333
CUST_002214,LOAN_00002214,105891,134777,365,Bad,First Bank,Kano,4.610167562453014,14.725743993604867,Temporary,Secondary,3.0,115586.0,38528.666666666664,56343.0,26387.0,49273.666666666664,140.0
CUST_002215,LOAN_00002215,60066,80780,60,Good,Access Bank,Abuja,10.512226303959828,12.558971280181767,Contract,Secondary,1.0,18829.0,18829.0,18829.0,18829.0,22893.0,60.0
CUST_002216,LOAN_00002216,111451,142404,30,Good,Access Bank,Calabar,11.253731158038583,7.955904722314651,Self-Employed,HND/BSc,7.0,447128.0,63875.42857142857,239320.0,5000.0,86628.71428571429,81.42857142857143
CUST_002217,LOAN_00002217,34286,41133,30,Good,Stanbic IBTC,Ibadan,6.605480786077477,4.816095104298396,Self-Employed,,5.0,414721.0,82944.2,316147.0,5531.0,98993.2,96.0
CUST_002218,LOAN_00002218,56267,75530,30,Bad,GTBank,Kaduna,9.977131653550153,12.423980293665409,Temporary,HND/BSc,2.0,50102.0,25051.0,39844.0,10258.0,30231.5,60.0
CUST_002219,LOAN_00002219,79722,98943,365,Bad,Union Bank,Lagos,7.83932710948954,4.464645204975792,Self-Employed,HND/BSc,6.0,145045.0,24174.166666666668,34129.0,14679.0,31042.333333333332,65.0
CUST_002220,LOAN_00002220,199420,232726,180,Good,First Bank,Calabar,12.002074201546986,5.272005041964846,Permanent,HND/BSc,4.0,81972.0,20493.0,44463.0,7620.0,27188.75,97.5
CUST_002221,LOAN_00002221,50819,64085,60,Good,Union Bank,Calabar,11.607030023446658,5.538246212930729,Self-Employed,,0.0,0.0,0.0,0.0,0.0,0.0,0.0
CUST_002222,LOAN_00002222,86286,109985,180,Good,First Bank,Kaduna,8.72888798478678,9.682687659277132,Contract,Masters,4.0,278166.0,69541.5,118449.0,44854.0,84247.0,127.5
CUST_002223,LOAN_00002223,63500,74279,60,Good,Stanbic IBTC,Calabar,10.223549912322351,12.444679847884396,Permanent,Secondary,5.0,74134.0,14826.8,37358.0,6568.0,18757.0,84.0
CUST_002224,LOAN_00002224,13083,16919,30,Good,UBA,Enugu,11.950147309198936,6.771778544696307,Permanent,HND/BSc,0.0,0.0,0.0,0.0,0.0,0.0,0.0
CUST_002225,LOAN_00002225,76187,102781,180,Bad,Union Bank,Enugu,8.46145309070448,4.016037771303473,Temporary,Secondary,2.0,73723.0,36861.5,60421.0,13302.0,43521.5,75.0
CUST_002226,LOAN_00002226,59179,68119,90,Good,UBA,Jos,6.819256664399397,8.574461562293031,Temporary,HND/BSc,2.0,80662.0,40331.0,60884.0,19778.0,55040.0,105.0
CUST_002227,LOAN_00002227,83647,104644,60,Bad,Fidelity Bank,Jos,10.782995241186232,11.977322893919226,Self-Employed,Secondary,1.0,13610.0,13610.0,13610.0,13610.0,17430.0,30.0
CUST_002228,LOAN_00002228,68102,81498,365,Bad,GTBank,Enugu,5.980596293062225,5.65996611704866,Temporary,Secondary,9.0,516371.0,57374.555555555555,196657.0,14988.0,73054.11111111111,63.333333333333336
CUST_002229,LOAN_00002229,106550,130890,180,Bad,GTBank,Port Harcourt,7.496780332054378,5.639094576472491,Self-Employed,Masters,2.0,33730.0,16865.0,17932.0,15798.0,22810.0,135.0
CUST_002230,LOAN_00002230,19802,25567,60,Good,Zenith Bank,Ibadan,11.791545133961144,14.36672432816053,Permanent,HND/BSc,1.0,35141.0,35141.0,35141.0,35141.0,45616.0,60.0
CUST_002231,LOAN_00002231,18843,24328,365,Good,Stanbic IBTC,Abuja,10.519801062423836,14.449844725430134,Permanent,HND/BSc,0.0,0.0,0.0,0.0,0.0,0.0,0.0
CUST_002232,LOAN_00002232,25776,32541,90,Good,UBA,Ibadan,7.634299047227493,14.885588784738918,Permanent,HND/BSc,1.0,11304.0,11304.0,11304.0,11304.0,13576.0,60.0
CUST_002233,LOAN_00002233,40912,53861,180,Bad,Access Bank,Benin City,5.932700521675216,12.69191521889736,Permanent,Secondary,2.0,73961.0,36980.5,63294.0,10667.0,45357.0,60.0
CUST_002234,LOAN_00002234,58085,73811,60,Good,First Bank,Calabar,7.203715517490129,5.258210030015347,Permanent,HND/BSc,3.0,240096.0,80032.0,155404.0,27453.0,107379.66666666667,110.0
CUST_002235,LOAN_00002235,287148,331326,30,Good,GTBank,Lagos,6.556937343046897,5.543778249591137,Contract,HND/BSc,2.0,84400.0,42200.0,45686.0,38714.0,54442.5,105.0
CUST_002236,LOAN_00002236,67610,84433,90,Bad,Union Bank,Calabar,5.584803591494685,7.082702898268703,Self-Employed,Masters,2.0,79396.0,39698.0,50209.0,29187.0,47511.5,30.0
CUST_002237,LOAN_00002237,20801,24274,90,Good,First Bank,Ibadan,10.68999622209091,6.81759037600189,Self-Employed,HND/BSc,1.0,5000.0,5000.0,5000.0,5000.0,6370.0,90.0
CUST_002238,LOAN_00002238,43313,51347,60,Good,First Bank,Enugu,6.268628981651544,14.47833298893611,Contract,HND/BSc,4.0,208340.0,52085.0,120554.0,17343.0,64666.5,82.5
CUST_002239,LOAN_00002239,90640,122363,30,Bad,Zenith Bank,Kaduna,8.087507231509875,12.468887794580324,Temporary,Masters,3.0,217380.0,72460.0,134441.0,6872.0,85488.66666666667,70.0
CUST_002240,LOAN_00002240,67380,82738,90,Good,UBA,Benin City,7.472735021524981,11.688105505938648,Contract,Masters,1.0,13463.0,13463.0,13463.0,13463.0,16623.0,180.0
CUST_002241,LOAN_00002241,35815,44495,365,Good,GTBank,Enugu,12.838696407720676,5.231558688697582,Self-Employed,Masters,3.0,328261.0,109420.33333333333,294379.0,14939.0,144422.66666666666,110.0
CUST_002242,LOAN_00002242,53981,68013,90,Good,First Bank,Ibadan,7.519830197333984,13.914306712347956,Contract,,5.0,134341.0,26868.2,57938.0,9549.0,35460.0,42.0
CUST_002243,LOAN_00002243,81532,106336,365,Good,GTBank,Kaduna,4.719842345170793,12.934444554074084,Permanent,Masters,5.0,268117.0,53623.4,174108.0,15773.0,66754.0,96.0
CUST_002244,LOAN_00002244,57121,76102,30,Good,Access Bank,Lagos,4.808431773148756,4.963702095935084,Temporary,HND/BSc,10.0,280565.0,28056.5,68745.0,6326.0,37032.5,84.0
CUST_002245,LOAN_00002245,239617,311769,180,Good,Zenith Bank,Ibadan,9.316783492177583,13.454043983531667,Permanent,Masters,1.0,201964.0,201964.0,201964.0,201964.0,268938.0,90.0
CUST_002246,LOAN_00002246,100747,123704,60,Good,Access Bank,Abuja,9.394271965644393,6.266970436445655,Contract,HND/BSc,1.0,5000.0,5000.0,5000.0,5000.0,5900.0,90.0
CUST_002247,LOAN_00002247,65341,82666,180,Bad,GTBank,Kano,7.768830914343894,3.970436949985273,Permanent,Secondary,1.0,70876.0,70876.0,70876.0,70876.0,98657.0,90.0
CUST_002248,LOAN_00002248,164036,196066,60,Good,Fidelity Bank,Kaduna,7.886593230808267,10.88186767817052,Self-Employed,HND/BSc,3.0,136452.0,45484.0,55024.0,34085.0,55241.0,120.0
CUST_002249,LOAN_00002249,239874,297739,90,Bad,Union Bank,Ibadan,4.485393245567841,10.845655912611967,Temporary,Secondary,3.0,122853.0,40951.0,74033.0,19033.0,55204.666666666664,110.0
CUST_002250,LOAN_00002250,87828,106706,365,Bad,GTBank,Enugu,8.64891859350336,4.139184114787417,Permanent,Secondary,1.0,43098.0,43098.0,43098.0,43098.0,49672.0,60.0
CUST_002251,LOAN_00002251,58902,75990,30,Good,UBA,Abuja,8.542655278423165,6.826221707238989,Self-Employed,Secondary,1.0,32838.0,32838.0,32838.0,32838.0,45407.0,90.0
CUST_002252,LOAN_00002252,35097,42050,180,Good,First Bank,Port Harcourt,5.345943867012501,14.913773547066462,Permanent,Secondary,1.0,84349.0,84349.0,84349.0,84349.0,103867.0,90.0
CUST_002253,LOAN_00002253,70630,82971,90,Good,First Bank,Kaduna,4.9345544749983485,11.141120004104842,Permanent,Masters,4.0,310924.0,77731.0,139245.0,5508.0,96790.5,157.5
CUST_002254,LOAN_00002254,52077,69379,30,Good,Access Bank,Abuja,5.112152415395414,11.76090199923995,Permanent,PhD,0.0,0.0,0.0,0.0,0.0,0.0,0.0
CUST_002255,LOAN_00002255,97638,120563,30,Good,Union Bank,Enugu,4.909254218421327,5.5550074272516685,Self-Employed,HND/BSc,0.0,0.0,0.0,0.0,0.0,0.0,0.0
CUST_002256,LOAN_00002256,22592,27338,365,Good,Zenith Bank,Ibadan,9.487373759830838,3.945384852046972,Permanent,Masters,3.0,94970.0,31656.666666666668,51694.0,14676.0,40341.333333333336,70.0
CUST_002257,LOAN_00002257,36165,44094,60,Good,Fidelity Bank,Calabar,5.768343871626268,6.322820276891251,Contract,Secondary,1.0,101843.0,101843.0,101843.0,101843.0,129334.0,30.0
CUST_002258,LOAN_00002258,33229,39028,90,Good,Stanbic IBTC,Lagos,6.262871369687171,5.986780622318303,Permanent,PhD,3.0,118789.0,39596.333333333336,52906.0,31822.0,50236.0,100.0
CUST_002259,LOAN_00002259,55211,70904,30,Good,Union Bank,Calabar,5.562149297362957,5.814529208976637,Permanent,HND/BSc,0.0,0.0,0.0,0.0,0.0,0.0,0.0
CUST_002260,LOAN_00002260,18760,25112,365,Bad,First Bank,Kano,12.620517740036528,5.313051862644475,Self-Employed,Secondary,4.0,446611.0,111652.75,319076.0,35871.0,147708.75,75.0
CUST_002261,LOAN_00002261,87903,118419,60,Good,UBA,Abuja,11.691557168366518,9.897068287864853,Permanent,Secondary,1.0,44604.0,44604.0,44604.0,44604.0,58521.0,180.0
CUST_002262,LOAN_00002262,42240,49330,30,Good,Union Bank,Kano,6.074453536163688,6.937241710101861,Permanent,HND/BSc,4.0,162743.0,40685.75,94656.0,13981.0,51110.0,75.0
CUST_002263,LOAN_00002263,83318,111000,90,Good,Access Bank,Lagos,6.948096645299134,12.844140180570363,Permanent,Secondary,1.0,49433.0,49433.0,49433.0,49433.0,58330.0,60.0
CUST_002264,LOAN_00002264,14474,17459,180,Bad,Access Bank,Abuja,5.889035580744975,5.207369014168608,Contract,HND/BSc,5.0,270345.0,54069.0,95255.0,9306.0,69712.8,84.0
CUST_002265,LOAN_00002265,27801,32537,60,Good,Stanbic IBTC,Jos,8.426883635147414,8.575524850422534,Self-Employed,Secondary,4.0,136225.0,34056.25,53494.0,9280.0,43862.0,37.5
CUST_002266,LOAN_00002266,165284,206950,180,Bad,UBA,Enugu,4.176494792268282,3.16389403711296,Permanent,Secondary,0.0,0.0,0.0,0.0,0.0,0.0,0.0
CUST_002267,LOAN_00002267,50478,63171,365,Good,Zenith Bank,Abuja,10.04231208007116,8.780187869462305,Permanent,Secondary,9.0,494317.0,54924.11111111111,242255.0,8075.0,69755.44444444444,153.33333333333334
CUST_002268,LOAN_00002268,279487,324207,90,Good,Union Bank,Enugu,8.708423348358775,3.6700586505176926,Contract,,3.0,156226.0,52075.333333333336,115605.0,16247.0,63137.333333333336,70.0
CUST_002269,LOAN_00002269,22702,26297,365,Good,UBA,Calabar,12.087750354709929,14.732682142471724,Permanent,Secondary,4.0,196524.0,49131.0,76293.0,20132.0,59662.5,75.0
CUST_002270,LOAN_00002270,61378,81848,90,Bad,Zenith Bank,Benin City,5.479534158955728,12.487105543804956,Self-Employed,Secondary,2.0,56183.0,28091.5,28471.0,27712.0,35209.5,60.0
CUST_002271,LOAN_00002271,25091,30837,30,Good,UBA,Kaduna,11.236983214550186,8.881337719637465,Self-Employed,HND/BSc,1.0,66535.0,66535.0,66535.0,66535.0,82463.0,30.0
CUST_002272,LOAN_00002272,56497,74024,90,Good,UBA,Benin City,11.127649130200442,4.039048298152203,Contract,Masters,5.0,82743.0,16548.6,32497.0,5000.0,21494.8,72.0
CUST_002273,LOAN_00002273,10000,11864,60,Good,GTBank,Ibadan,5.144630702951982,10.10934528948497,Permanent,HND/BSc,5.0,358060.0,71612.0,155381.0,21556.0,88231.4,108.0
CUST_002274,LOAN_00002274,117109,155217,60,Good,Access Bank,Kaduna,7.5870330172971485,12.10516500842253,Self-Employed,Masters,2.0,72506.0,36253.0,56360.0,16146.0,47615.5,135.0
CUST_002275,LOAN_00002275,98553,128207,90,Bad,Union Bank,Kaduna,5.531373770300652,5.288607036056943,Self-Employed,HND/BSc,0.0,0.0,0.0,0.0,0.0,0.0,0.0
CUST_002276,LOAN_00002276,173024,232281,60,Good,UBA,Port Harcourt,6.29248450411794,9.81850008944989,Contract,Secondary,1.0,111167.0,111167.0,111167.0,111167.0,140550.0,60.0
CUST_002277,LOAN_00002277,94767,117735,60,Bad,Union Bank,Kaduna,6.369215573474899,12.770530780594417,Self-Employed,HND/BSc,7.0,207425.0,29632.14285714286,70128.0,6122.0,38611.71428571428,72.85714285714286
CUST_002278,LOAN_00002278,77977,98596,60,Good,Stanbic IBTC,Lagos,9.006127546231955,12.218973331755796,Self-Employed,HND/BSc,1.0,101051.0,101051.0,101051.0,101051.0,134739.0,180.0
CUST_002279,LOAN_00002279,34741,45590,90,Good,UBA,Benin City,7.702698385844189,12.635904214405835,Contract,HND/BSc,0.0,0.0,0.0,0.0,0.0,0.0,0.0
CUST_002280,LOAN_00002280,26869,31467,30,Good,First Bank,Calabar,12.529595236056748,13.551881098436638,Permanent,HND/BSc,2.0,83765.0,41882.5,67065.0,16700.0,49210.0,45.0
CUST_002281,LOAN_00002281,10000,12536,60,Good,Access Bank,Enugu,5.137331277523046,14.252185225913642,Self-Employed,Secondary,2.0,11025.0,5512.5,6025.0,5000.0,7048.0,90.0
CUST_002282,LOAN_00002282,214538,261276,180,Good,First Bank,Ibadan,12.763229213651789,7.866253862442431,Permanent,Masters,0.0,0.0,0.0,0.0,0.0,0.0,0.0
CUST_002283,LOAN_00002283,24643,29854,60,Good,Union Bank,Kaduna,6.075747761928375,9.825229230274529,Self-Employed,HND/BSc,2.0,58711.0,29355.5,30864.0,27847.0,35545.0,45.0
CUST_002284,LOAN_00002284,44719,58141,30,Good,Union Bank,Ibadan,10.955865427436676,12.48791431254733,Self-Employed,HND/BSc,3.0,252826.0,84275.33333333333,186873.0,31118.0,108628.66666666667,40.0
CUST_002285,LOAN_00002285,32096,39181,90,Good,Access Bank,Calabar,7.050729335555393,11.365677767349398,Self-Employed,HND/BSc,4.0,135246.0,33811.5,60154.0,17059.0,42862.25,97.5
CUST_002286,LOAN_00002286,126091,161058,90,Good,Union Bank,Ibadan,5.287732558755826,14.946242739172543,Contract,HND/BSc,3.0,306532.0,102177.33333333333,164918.0,37500.0,130586.66666666667,110.0
CUST_002287,LOAN_00002287,55960,65775,60,Good,First Bank,Calabar,11.721002667216158,3.1641318132557297,Permanent,Secondary,4.0,285159.0,71289.75,124110.0,42743.0,89516.0,60.0
CUST_002288,LOAN_00002288,39890,52113,30,Good,UBA,Kaduna,6.779748093128169,7.261598583789488,Permanent,Masters,9.0,451303.0,50144.77777777778,138342.0,14154.0,63474.88888888889,113.33333333333333
CUST_002289,LOAN_00002289,115683,135970,90,Good,UBA,Calabar,9.92969863804158,6.3723351152424295,Self-Employed,Masters,6.0,290520.0,48420.0,79120.0,11575.0,62481.5,55.0
CUST_002290,LOAN_00002290,51735,69591,60,Good,GTBank,Kaduna,9.09799316577964,6.147790201986416,Self-Employed,Secondary,2.0,91019.0,45509.5,59046.0,31973.0,59282.0,30.0
CUST_002291,LOAN_00002291,121938,162068,60,Bad,Stanbic IBTC,Port Harcourt,8.24580678451787,5.670357389986629,Self-Employed,,3.0,169282.0,56427.333333333336,106357.0,25525.0,68295.33333333333,100.0
CUST_002292,LOAN_00002292,95830,115893,90,Bad,Union Bank,Port Harcourt,8.462375253836852,11.50948608978275,Permanent,HND/BSc,3.0,97805.0,32601.666666666668,46573.0,8373.0,42702.666666666664,140.0
CUST_002293,LOAN_00002293,46182,61923,90,Good,First Bank,Calabar,10.590141226830587,4.017113679303862,Temporary,HND/BSc,3.0,91646.0,30548.666666666668,36501.0,23885.0,38411.0,110.0
CUST_002294,LOAN_00002294,42294,54469,90,Good,Union Bank,Port Harcourt,4.789956227110965,11.89930600732006,Temporary,Secondary,2.0,68483.0,34241.5,36363.0,32120.0,46355.5,45.0
CUST_002295,LOAN_00002295,62177,72669,60,Good,Union Bank,Enugu,10.013625957621146,11.32111010419528,Contract,HND/BSc,5.0,226529.0,45305.8,115809.0,5080.0,58968.2,90.0
CUST_002296,LOAN_00002296,31271,40961,365,Good,Zenith Bank,Enugu,12.06230891258721,6.009649590010756,Contract,Secondary,5.0,193598.0,38719.6,57488.0,13232.0,50099.8,78.0
CUST_002297,LOAN_00002297,69364,89977,90,Bad,GTBank,Port Harcourt,4.520093773178777,6.034005397981935,Self-Employed,HND/BSc,3.0,55434.0,18478.0,22328.0,12619.0,25696.666666666668,140.0
CUST_002298,LOAN_00002298,30179,37907,60,Good,First Bank,Port Harcourt,5.265880053103,10.546327024134026,Self-Employed,HND/BSc,7.0,185368.0,26481.14285714286,57296.0,5000.0,33051.142857142855,94.28571428571429
CUST_002299,LOAN_00002299,75634,88293,90,Bad,First Bank,Jos,10.44968743031828,12.146053265804134,Temporary,Masters,3.0,399919.0,133306.33333333334,329746.0,7708.0,180058.66666666666,110.0
CUST_002300,LOAN_00002300,57141,69172,30,Good,Union Bank,Jos,7.935534834201558,13.517827357048386,Permanent,Secondary,2.0,93396.0,46698.0,63213.0,30183.0,61068.5,60.0
CUST_002301,LOAN_00002301,36052,42079,90,Good,GTBank,Kaduna,7.631937587323195,13.225674766253707,Contract,Masters,0.0,0.0,0.0,0.0,0.0,0.0,0.0
CUST_002302,LOAN_00002302,22975,29473,60,Good,UBA,Calabar,5.232699710898123,14.578595929966236,Self-Employed,HND/BSc,4.0,543747.0,135936.75,381010.0,49867.0,178227.25,82.5
CUST_002303,LOAN_00002303,102352,123773,60,Good,First Bank,Kano,8.560930366460092,9.976618744038134,Self-Employed,HND/BSc,3.0,87833.0,29277.666666666668,53905.0,13821.0,38300.333333333336,90.0
CUST_002304,LOAN_00002304,41042,52517,30,Good,UBA,Kano,5.138907800767395,13.903866736084316,Self-Employed,Masters,6.0,322123.0,53687.166666666664,116583.0,23330.0,67634.83333333333,105.0
CUST_002305,LOAN_00002305,24370,28581,90,Good,GTBank,Port Harcourt,8.289584106794862,12.70215927912493,Temporary,HND/BSc,5.0,202226.0,40445.2,80130.0,10565.0,50881.4,90.0
CUST_002306,LOAN_00002306,72089,90180,180,Good,UBA,Ibadan,10.87253769065491,13.736011491768163,Contract,HND/BSc,0.0,0.0,0.0,0.0,0.0,0.0,0.0
CUST_002307,LOAN_00002307,71338,94794,180,Bad,Access Bank,Port Harcourt,6.324379220984472,3.1395192154244,Self-Employed,HND/BSc,5.0,145343.0,29068.6,41985.0,5000.0,38240.4,42.0
CUST_002308,LOAN_00002308,38545,48243,30,Good,Zenith Bank,Jos,8.327075513617546,14.590835902389731,Contract,HND/BSc,2.0,150562.0,75281.0,75515.0,75047.0,98175.0,75.0
CUST_002309,LOAN_00002309,180843,241503,90,Good,Fidelity Bank,Kaduna,12.92814372457152,8.68236195415774,Contract,HND/BSc,1.0,13789.0,13789.0,13789.0,13789.0,16367.0,60.0
CUST_002310,LOAN_00002310,69777,90112,90,Good,First Bank,Port Harcourt,10.179853810186335,12.578195874898114,Permanent,HND/BSc,0.0,0.0,0.0,0.0,0.0,0.0,0.0
CUST_002311,LOAN_00002311,89787,113180,60,Bad,Stanbic IBTC,Benin City,11.572210941746787,4.52644943205337,Self-Employed,Masters,3.0,366007.0,122002.33333333333,335506.0,11702.0,165910.66666666666,90.0
CUST_002312,LOAN_00002312,48887,60316,365,Good,Zenith Bank,Ibadan,7.733628459044912,7.751293149767688,Temporary,HND/BSc,0.0,0.0,0.0,0.0,0.0,0.0,0.0
CUST_002313,LOAN_00002313,85577,110762,60,Bad,Fidelity Bank,Benin City,10.910748308132698,6.257527956251892,Permanent,Secondary,3.0,123709.0,41236.333333333336,61448.0,10437.0,53213.0,120.0
CUST_002314,LOAN_00002314,164522,199308,90,Good,UBA,Kaduna,4.3645825564718965,6.499905246011244,Permanent,HND/BSc,1.0,26339.0,26339.0,26339.0,26339.0,32972.0,180.0
CUST_002315,LOAN_00002315,10000,11703,180,Bad,First Bank,Kaduna,5.106200642880205,4.479067439410581,Self-Employed,Secondary,5.0,173329.0,34665.8,88906.0,7952.0,42174.4,96.0
CUST_002316,LOAN_00002316,264542,311423,60,Good,UBA,Enugu,5.82763533628056,12.669165990516085,Contract,HND/BSc,6.0,138108.0,23018.0,37685.0,8469.0,29355.333333333332,95.0
CUST_002317,LOAN_00002317,28020,33979,180,Bad,Access Bank,Abuja,7.617567321536976,3.110907774972938,Temporary,HND/BSc,9.0,386218.0,42913.11111111111,182864.0,5078.0,53729.555555555555,103.33333333333333
CUST_002318,LOAN_00002318,308900,357440,90,Good,GTBank,Benin City,11.611703904931868,6.75006548382243,Permanent,HND/BSc,4.0,164121.0,41030.25,76264.0,23595.0,54283.5,90.0
CUST_002319,LOAN_00002319,88937,103347,60,Good,First Bank,Enugu,7.116394457091374,5.092926518596981,Permanent,Masters,2.0,44997.0,22498.5,35405.0,9592.0,27770.5,120.0
CUST_002320,LOAN_00002320,26332,30782,180,Bad,Fidelity Bank,Jos,9.891590741639169,10.068467287300086,Contract,Secondary,2.0,105159.0,52579.5,92446.0,12713.0,72691.0,105.0
CUST_002321,LOAN_00002321,29500,34876,30,Good,Fidelity Bank,Lagos,10.383828653231353,6.051028831374526,Permanent,PhD,3.0,81843.0,27281.0,42722.0,15572.0,33800.666666666664,50.0
CUST_002322,LOAN_00002322,204244,265144,365,Bad,Access Bank,Ibadan,9.275641186795074,6.107981454337196,Permanent,HND/BSc,3.0,112885.0,37628.333333333336,41278.0,35464.0,49609.0,50.0
CUST_002323,LOAN_00002323,19386,22763,90,Good,Access Bank,Lagos,7.215177713531226,8.860057727943826,Permanent,HND/BSc,1.0,47195.0,47195.0,47195.0,47195.0,54672.0,180.0
CUST_002324,LOAN_00002324,35668,42418,30,Good,Union Bank,Calabar,9.1934800754219,10.832268472091108,Permanent,HND/BSc,1.0,47163.0,47163.0,47163.0,47163.0,57855.0,90.0
CUST_002325,LOAN_00002325,32416,37624,60,Good,First Bank,Jos,7.080390335107716,4.455656454781964,Permanent,Masters,9.0,354595.0,39399.444444444445,90230.0,12133.0,50778.77777777778,73.33333333333333
CUST_002326,LOAN_00002326,85769,114750,60,Bad,UBA,Jos,4.754863646968109,5.106137429585954,Temporary,HND/BSc,3.0,374361.0,124787.0,196024.0,85837.0,165080.33333333334,90.0
CUST_002327,LOAN_00002327,45930,53063,60,Good,Stanbic IBTC,Lagos,12.93523580367413,5.966096935134211,Permanent,Masters,3.0,83623.0,27874.333333333332,40151.0,19472.0,34707.0,110.0
CUST_002328,LOAN_00002328,214232,277515,30,Good,Fidelity Bank,Benin City,5.144642082692599,14.684978569415527,Contract,Masters,7.0,251056.0,35865.142857142855,116959.0,8445.0,46070.142857142855,77.14285714285714
CUST_002329,LOAN_00002329,58167,67732,60,Good,Fidelity Bank,Abuja,4.651135454524516,7.765829999315044,Self-Employed,Masters,0.0,0.0,0.0,0.0,0.0,0.0,0.0
CUST_002330,LOAN_00002330,103205,133552,60,Bad,Access Bank,Benin City,11.906776742864404,10.187881087572318,Self-Employed,Secondary,2.0,98320.0,49160.0,59522.0,38798.0,64337.5,75.0
CUST_002331,LOAN_00002331,110374,137954,60,Good,Zenith Bank,Lagos,6.716511948036056,5.898513752591734,Contract,Masters,4.0,268733.0,67183.25,188623.0,17144.0,81117.75,150.0
CUST_002332,LOAN_00002332,40580,52779,60,Good,Access Bank,Calabar,9.852672766661568,8.885514301889856,Self-Employed,Masters,2.0,55724.0,27862.0,43920.0,11804.0,34171.5,135.0
CUST_002333,LOAN_00002333,198956,237705,60,Bad,Stanbic IBTC,Benin City,6.961051566960096,3.8894300926314966,Self-Employed,HND/BSc,6.0,312478.0,52079.666666666664,87676.0,14798.0,64076.5,90.0
CUST_002334,LOAN_00002334,73278,95979,365,Bad,UBA,Kano,7.523088437150241,3.4169057510679237,Self-Employed,Masters,4.0,151665.0,37916.25,64000.0,9781.0,47790.5,112.5
CUST_002335,LOAN_00002335,181565,223718,90,Good,UBA,Benin City,6.359016748151168,8.624802321857523,Contract,,0.0,0.0,0.0,0.0,0.0,0.0,0.0
CUST_002336,LOAN_00002336,50336,62505,180,Good,Zenith Bank,Kaduna,7.087396052137092,7.783911450220945,Self-Employed,HND/BSc,0.0,0.0,0.0,0.0,0.0,0.0,0.0
CUST_002337,LOAN_00002337,136251,157046,180,Good,Fidelity Bank,Enugu,7.696303605278888,4.642563836301932,Contract,Secondary,4.0,73440.0,18360.0,35595.0,8377.0,24267.75,120.0
CUST_002338,LOAN_00002338,40533,46867,30,Good,Access Bank,Ibadan,10.483744621831086,11.251217147048806,Permanent,HND/BSc,2.0,207907.0,103953.5,107598.0,100309.0,134688.5,45.0
CUST_002339,LOAN_00002339,52405,62243,90,Good,Union Bank,Benin City,8.603825748113126,14.914841890791172,Self-Employed,Secondary,3.0,103083.0,34361.0,62754.0,12233.0,42093.0,140.0
CUST_002340,LOAN_00002340,20247,25376,60,Good,UBA,Abuja,12.492086954412793,7.747761854360549,Contract,Secondary,1.0,13149.0,13149.0,13149.0,13149.0,18059.0,60.0
CUST_002341,LOAN_00002341,37141,47073,60,Good,Stanbic IBTC,Abuja,4.37692354454898,10.494703631008733,Temporary,HND/BSc,2.0,87575.0,43787.5,72415.0,15160.0,57469.0,135.0
CUST_002342,LOAN_00002342,36365,49009,60,Good,First Bank,Benin City,8.527614903688253,14.555711308373828,Permanent,HND/BSc,4.0,158444.0,39611.0,87316.0,6750.0,53260.5,135.0
CUST_002343,LOAN_00002343,45189,56215,60,Good,GTBank,Port Harcourt,9.258023099485465,12.978419669362502,Permanent,HND/BSc,0.0,0.0,0.0,0.0,0.0,0.0,0.0
CUST_002344,LOAN_00002344,61935,81942,60,Bad,GTBank,Jos,12.281772874668466,8.56262667963223,Temporary,Masters,1.0,193069.0,193069.0,193069.0,193069.0,237882.0,30.0
CUST_002345,LOAN_00002345,111116,148974,90,Good,GTBank,Benin City,4.442426712592848,11.849873813519032,Permanent,HND/BSc,6.0,275231.0,45871.833333333336,79583.0,17731.0,57523.166666666664,100.0
CUST_002346,LOAN_00002346,64074,78786,60,Bad,Union Bank,Jos,9.161496264416945,4.537620483006288,Temporary,PhD,3.0,93220.0,31073.333333333332,38761.0,17380.0,38271.666666666664,90.0
CUST_002347,LOAN_00002347,75210,86745,60,Bad,Fidelity Bank,Kano,11.682669356751614,9.145246265565593,Temporary,Secondary,3.0,59582.0,19860.666666666668,29310.0,10287.0,24047.666666666668,130.0
CUST_002348,LOAN_00002348,70692,94573,60,Bad,Access Bank,Lagos,6.177349553073129,6.348723326159238,Self-Employed,Masters,1.0,92527.0,92527.0,92527.0,92527.0,115351.0,30.0
CUST_002349,LOAN_00002349,61043,79880,30,Good,Zenith Bank,Kano,11.886631136715437,4.933964254753933,Contract,Masters,1.0,29581.0,29581.0,29581.0,29581.0,36050.0,90.0
CUST_002350,LOAN_00002350,89256,111800,60,Good,Union Bank,Benin City,4.171390683468626,8.115370875054419,Contract,HND/BSc,1.0,28529.0,28529.0,28529.0,28529.0,38246.0,30.0
CUST_002351,LOAN_00002351,29462,35356,60,Good,Union Bank,Abuja,10.592091662203568,4.572174653203373,Self-Employed,Secondary,3.0,242576.0,80858.66666666667,118585.0,57812.0,108507.33333333333,50.0
CUST_002352,LOAN_00002352,81791,94959,90,Bad,UBA,Port Harcourt,12.398018990517878,11.387821298093826,Self-Employed,HND/BSc,1.0,72459.0,72459.0,72459.0,72459.0,88176.0,180.0
CUST_002353,LOAN_00002353,21861,27021,60,Good,First Bank,Calabar,9.91477895476056,8.474880528640027,Contract,Masters,7.0,107044.0,15292.0,43392.0,5000.0,19989.714285714286,64.28571428571429
CUST_002354,LOAN_00002354,93491,113970,60,Good,Union Bank,Jos,7.951263195824032,9.373735590775963,Temporary,Masters,0.0,0.0,0.0,0.0,0.0,0.0,0.0
CUST_002355,LOAN_00002355,53663,67316,60,Good,Stanbic IBTC,Enugu,4.403929148254463,4.756511264017885,Self-Employed,HND/BSc,0.0,0.0,0.0,0.0,0.0,0.0,0.0
CUST_002356,LOAN_00002356,192081,222683,30,Bad,First Bank,Jos,12.28102431990366,4.677259933121934,Temporary,HND/BSc,7.0,679858.0,97122.57142857143,279871.0,29112.0,120964.85714285714,120.0
CUST_002357,LOAN_00002357,21665,28692,60,Good,Stanbic IBTC,Kaduna,8.232666004224173,10.00098522312149,Permanent,Secondary,0.0,0.0,0.0,0.0,0.0,0.0,0.0
CUST_002358,LOAN_00002358,16028,20992,30,Good,Fidelity Bank,Ibadan,4.260970699023532,14.820116973953356,Permanent,HND/BSc,2.0,130232.0,65116.0,105079.0,25153.0,88915.0,75.0
CUST_002359,LOAN_00002359,132500,163629,90,Good,Access Bank,Benin City,10.208389641958856,4.155006998852707,Contract,,3.0,109643.0,36547.666666666664,57221.0,12077.0,49100.0,80.0
CUST_002360,LOAN_00002360,99463,127150,365,Bad,GTBank,Kano,8.336535282186324,6.428777142789375,Permanent,Secondary,3.0,150426.0,50142.0,105965.0,12722.0,64425.0,140.0
CUST_002361,LOAN_00002361,63457,84248,30,Bad,Union Bank,Enugu,5.119107856981697,13.43350939845465,Self-Employed,PhD,0.0,0.0,0.0,0.0,0.0,0.0,0.0
CUST_002362,LOAN_00002362,154171,181799,180,Bad,Access Bank,Abuja,5.928446283792336,3.8672641470628433,Permanent,Masters,8.0,486496.0,60812.0,218828.0,18916.0,78293.0,75.0
CUST_002363,LOAN_00002363,113814,131410,90,Bad,Fidelity Bank,Abuja,4.580416124102617,13.510628656403416,Temporary,,3.0,340695.0,113565.0,267744.0,16335.0,149692.66666666666,120.0
CUST_002364,LOAN_00002364,28573,35476,30,Good,Zenith Bank,Abuja,9.168641857377162,9.291431800497014,Permanent,Secondary,8.0,506404.0,63300.5,202252.0,15884.0,80614.75,75.0
CUST_002365,LOAN_00002365,45318,56225,365,Good,Zenith Bank,Calabar,9.598265313268085,7.89920128711711,Contract,Secondary,1.0,28079.0,28079.0,28079.0,28079.0,38145.0,90.0
CUST_002366,LOAN_00002366,77021,96566,60,Good,Fidelity Bank,Kaduna,8.551680685198999,6.71616677221747,Permanent,Secondary,3.0,184812.0,61604.0,140762.0,11026.0,79866.0,50.0
CUST_002367,LOAN_00002367,52089,62578,180,Good,Stanbic IBTC,Abuja,11.353919197023536,6.565405897534102,Contract,Masters,2.0,145783.0,72891.5,88543.0,57240.0,87386.5,105.0
CUST_002368,LOAN_00002368,39656,46982,60,Good,UBA,Abuja,11.749079391772122,6.669630989393745,Permanent,HND/BSc,5.0,112299.0,22459.8,33065.0,8010.0,28932.6,114.0
CUST_002369,LOAN_00002369,140281,168305,180,Bad,UBA,Benin City,9.54061957014814,13.61763697152235,Permanent,Secondary,1.0,32601.0,32601.0,32601.0,32601.0,37634.0,90.0
CUST_002370,LOAN_00002370,46632,58540,365,Good,Stanbic IBTC,Kaduna,4.114808317366875,11.685542762097429,Self-Employed,Masters,6.0,376089.0,62681.5,109808.0,34829.0,81520.5,95.0
CUST_002371,LOAN_00002371,99103,126863,90,Bad,Zenith Bank,Port Harcourt,10.25706690172962,11.036676093973806,Permanent,Secondary,2.0,56189.0,28094.5,41811.0,14378.0,33432.5,105.0
CUST_002372,LOAN_00002372,45610,57476,30,Good,Zenith Bank,Port Harcourt,7.761992952283164,12.584989787424009,Permanent,Secondary,7.0,288422.0,41203.142857142855,61081.0,22734.0,53915.28571428572,94.28571428571429
CUST_002373,LOAN_00002373,39256,46876,365,Good,Union Bank,Kaduna,9.090017349037485,6.08537595604974,Self-Employed,HND/BSc,2.0,72893.0,36446.5,41070.0,31823.0,46570.5,90.0
CUST_002374,LOAN_00002374,113764,132495,30,Bad,Zenith Bank,Ibadan,9.84172541816996,10.416513744981067,Permanent,Secondary,2.0,55564.0,27782.0,35757.0,19807.0,36051.0,60.0
CUST_002375,LOAN_00002375,74601,93818,60,Bad,Access Bank,Calabar,7.152129528943691,8.520794867495411,Contract,Secondary,1.0,69354.0,69354.0,69354.0,69354.0,83947.0,30.0
CUST_002376,LOAN_00002376,30838,38347,60,Good,Zenith Bank,Enugu,12.253886546546148,12.38929962240232,Permanent,HND/BSc,9.0,323122.0,35902.444444444445,82061.0,12506.0,45837.11111111111,100.0
CUST_002377,LOAN_00002377,121395,163080,60,Good,First Bank,Jos,5.20577380074803,6.7110733256794255,Permanent,Masters,4.0,130415.0,32603.75,59885.0,15325.0,40565.0,127.5
CUST_002378,LOAN_00002378,155061,199741,90,Good,Union Bank,Benin City,10.043606265529338,10.718143402438749,Self-Employed,Masters,5.0,344421.0,68884.2,204045.0,20439.0,92802.6,144.0
CUST_002379,LOAN_00002379,25189,30677,60,Good,GTBank,Lagos,4.039236219609224,13.58654894180776,Permanent,HND/BSc,3.0,110449.0,36816.333333333336,82247.0,11788.0,48651.0,90.0
CUST_002380,LOAN_00002380,34962,42234,60,Good,Zenith Bank,Port Harcourt,12.321859948646628,7.825805714339145,Self-Employed,Masters,4.0,258447.0,64611.75,96548.0,34854.0,83925.75,120.0
CUST_002381,LOAN_00002381,424617,505318,60,Bad,Stanbic IBTC,Kaduna,5.012537199142823,3.799465048409538,Temporary,HND/BSc,8.0,415203.0,51900.375,111579.0,15019.0,66676.25,105.0
CUST_002382,LOAN_00002382,28666,33576,30,Good,GTBank,Enugu,4.853958071328171,9.192609868101512,Permanent,HND/BSc,6.0,686263.0,114377.16666666667,240136.0,9210.0,153886.33333333334,65.0
CUST_002383,LOAN_00002383,60349,74843,30,Good,Access Bank,Kaduna,6.997068697470198,7.151669853684311,Temporary,Masters,1.0,14849.0,14849.0,14849.0,14849.0,18851.0,90.0
CUST_002384,LOAN_00002384,18911,21773,180,Good,Stanbic IBTC,Jos,7.362096574351725,11.0667045665661,Permanent,HND/BSc,1.0,324083.0,324083.0,324083.0,324083.0,414436.0,60.0
CUST_002385,LOAN_00002385,60124,75182,365,Good,GTBank,Enugu,5.928700650905908,14.412395096983271,Permanent,HND/BSc,1.0,84061.0,84061.0,84061.0,84061.0,96795.0,60.0
CUST_002386,LOAN_00002386,42258,56553,60,Good,Stanbic IBTC,Port Harcourt,9.266094948344122,8.827299815962164,Permanent,HND/BSc,5.0,394513.0,78902.6,157127.0,7459.0,96354.6,132.0
CUST_002387,LOAN_00002387,46373,57074,90,Good,Access Bank,Abuja,7.986226882377672,8.594282761866406,Contract,HND/BSc,0.0,0.0,0.0,0.0,0.0,0.0,0.0
CUST_002388,LOAN_00002388,51181,67068,30,Good,Union Bank,Kaduna,4.307580301369787,10.855017602297522,Contract,HND/BSc,1.0,74500.0,74500.0,74500.0,74500.0,102366.0,60.0
CUST_002389,LOAN_00002389,104595,135643,90,Good,First Bank,Lagos,6.876868560297705,4.241970043122812,Permanent,Masters,2.0,110302.0,55151.0,56314.0,53988.0,74853.0,45.0
CUST_002390,LOAN_00002390,19366,24656,180,Good,Access Bank,Port Harcourt,11.293896222158534,6.042074267100176,Self-Employed,Secondary,1.0,38641.0,38641.0,38641.0,38641.0,47144.0,30.0
CUST_002391,LOAN_00002391,18439,23668,60,Good,Access Bank,Kano,10.207313813756818,14.027751906004784,Self-Employed,Masters,0.0,0.0,0.0,0.0,0.0,0.0,0.0
CUST_002392,LOAN_00002392,57809,75524,30,Good,Stanbic IBTC,Lagos,10.523837682218923,11.039311360365195,Permanent,HND/BSc,0.0,0.0,0.0,0.0,0.0,0.0,0.0
CUST_002393,LOAN_00002393,13583,15659,180,Bad,Union Bank,Ibadan,10.28305231675171,3.161328527800995,Self-Employed,Secondary,2.0,44844.0,22422.0,37283.0,7561.0,30204.5,105.0
CUST_002394,LOAN_00002394,50091,58990,60,Good,Fidelity Bank,Calabar,6.798757192447299,5.455505670708238,Temporary,HND/BSc,2.0,58222.0,29111.0,39491.0,18731.0,36129.5,120.0
CUST_002395,LOAN_00002395,19535,26049,60,Good,UBA,Port Harcourt,4.896975298690983,11.194047192346789,Permanent,HND/BSc,2.0,87535.0,43767.5,80724.0,6811.0,54118.0,105.0
CUST_002396,LOAN_00002396,107346,128304,90,Good,Zenith Bank,Abuja,6.452204656297864,12.17279043075089,Permanent,Masters,4.0,194728.0,48682.0,105084.0,7476.0,63827.5,120.0
CUST_002397,LOAN_00002397,18847,25305,60,Good,Zenith Bank,Port Harcourt,11.486067701666434,13.078314872088502,Contract,HND/BSc,0.0,0.0,0.0,0.0,0.0,0.0,0.0
CUST_002398,LOAN_00002398,148529,188438,90,Good,First Bank,Jos,12.82423718004764,6.506121640584539,Contract,HND/BSc,0.0,0.0,0.0,0.0,0.0,0.0,0.0
CUST_002399,LOAN_00002399,52274,63485,60,Good,First Bank,Enugu,8.444623132674053,14.17234315533075,Contract,HND/BSc,6.0,216394.0,36065.666666666664,69013.0,12175.0,45121.0,80.0
CUST_002400,LOAN_00002400,129698,168929,365,Bad,Zenith Bank,Kaduna,4.08730319430738,9.635362722934708,Permanent,Secondary,3.0,142402.0,47467.333333333336,91778.0,22275.0,57607.666666666664,90.0
CUST_002401,LOAN_00002401,245993,297198,365,Bad,UBA,Enugu,5.260403309208061,11.358468268654716,Self-Employed,HND/BSc,2.0,143790.0,71895.0,110397.0,33393.0,96471.0,105.0
CUST_002402,LOAN_00002402,277441,340298,60,Good,Zenith Bank,Enugu,6.8987251778463925,10.160866353358896,Contract,HND/BSc,1.0,16985.0,16985.0,16985.0,16985.0,20975.0,90.0
CUST_002403,LOAN_00002403,81212,107926,30,Good,Fidelity Bank,Port Harcourt,9.207268137336548,4.4728806560954455,Contract,HND/BSc,1.0,65435.0,65435.0,65435.0,65435.0,84941.0,180.0
CUST_002404,LOAN_00002404,299061,394957,60,Good,UBA,Jos,4.675842812247826,14.557375912618555,Permanent,HND/BSc,5.0,169477.0,33895.4,65549.0,16429.0,42709.8,72.0
CUST_002405,LOAN_00002405,71668,88738,60,Good,First Bank,Kaduna,12.490215688388934,4.474506958729831,Contract,,1.0,32665.0,32665.0,32665.0,32665.0,40474.0,180.0
CUST_002406,LOAN_00002406,44754,54836,60,Good,GTBank,Kaduna,7.285753059559607,6.058583476934203,Permanent,HND/BSc,2.0,159386.0,79693.0,103199.0,56187.0,101550.5,120.0
CUST_002407,LOAN_00002407,57620,69652,90,Good,Stanbic IBTC,Enugu,12.213257961323407,12.763534562675762,Contract,PhD,5.0,148709.0,29741.8,46753.0,13555.0,36203.6,96.0
CUST_002408,LOAN_00002408,126709,154798,60,Bad,Fidelity Bank,Ibadan,11.024696224813196,10.423163538013217,Temporary,Secondary,6.0,298849.0,49808.166666666664,119289.0,13127.0,63771.0,75.0
CUST_002409,LOAN_00002409,32783,41127,180,Bad,Fidelity Bank,Calabar,10.79893545264023,13.057789984516283,Contract,Secondary,4.0,129930.0,32482.5,50812.0,11609.0,39373.5,97.5
CUST_002410,LOAN_00002410,26392,31116,60,Good,Union Bank,Jos,9.460476218040087,9.18883426048854,Permanent,HND/BSc,2.0,29770.0,14885.0,19240.0,10530.0,19588.0,135.0
CUST_002411,LOAN_00002411,23203,26721,90,Good,First Bank,Ibadan,9.6410543534666,7.523918824399619,Contract,Secondary,5.0,256059.0,51211.8,74009.0,31786.0,66672.8,150.0
CUST_002412,LOAN_00002412,100191,117262,60,Bad,First Bank,Benin City,9.742029116946233,14.06214599457342,Self-Employed,HND/BSc,8.0,352634.0,44079.25,112634.0,10916.0,57477.875,82.5
CUST_002413,LOAN_00002413,52389,67754,90,Good,Access Bank,Benin City,9.65849248323024,3.435027810177538,Self-Employed,HND/BSc,7.0,312920.0,44702.857142857145,97954.0,10327.0,59208.28571428572,77.14285714285714
CUST_002414,LOAN_00002414,97015,122671,60,Good,Fidelity Bank,Lagos,8.98355408258525,13.27356264423655,Contract,HND/BSc,7.0,223215.0,31887.85714285714,80791.0,5000.0,41381.857142857145,98.57142857142857
CUST_002415,LOAN_00002415,17529,23598,90,Good,Access Bank,Enugu,12.877726166346,5.76981342225338,Permanent,Masters,2.0,83364.0,41682.0,44999.0,38365.0,50263.5,105.0
CUST_002416,LOAN_00002416,45733,52740,30,Good,Access Bank,Kaduna,10.590615106831264,13.184835933047614,Contract,,1.0,212584.0,212584.0,212584.0,212584.0,272183.0,60.0
CUST_002417,LOAN_00002417,64812,80143,30,Good,Stanbic IBTC,Port Harcourt,10.992517495532692,4.670359361002627,Contract,Masters,4.0,265709.0,66427.25,134916.0,23262.0,81832.75,82.5
CUST_002418,LOAN_00002418,25812,32941,180,Bad,Access Bank,Kaduna,11.852165335753067,9.962627564286484,Temporary,Secondary,5.0,414429.0,82885.8,258843.0,8176.0,112847.4,108.0
CUST_002419,LOAN_00002419,86836,116674,90,Good,UBA,Kaduna,5.940757864532642,13.657295028137664,Contract,HND/BSc,3.0,647293.0,215764.33333333334,492273.0,28285.0,287044.3333333333,150.0
CUST_002420,LOAN_00002420,30428,38706,30,Bad,Zenith Bank,Abuja,4.754237431855547,8.682475762786686,Self-Employed,Secondary,2.0,123960.0,61980.0,104945.0,19015.0,82521.0,60.0
CUST_002421,LOAN_00002421,113052,146281,60,Bad,GTBank,Kaduna,8.346049929387387,11.958800085640714,Contract,Secondary,0.0,0.0,0.0,0.0,0.0,0.0,0.0
CUST_002422,LOAN_00002422,126717,153955,180,Bad,First Bank,Lagos,8.62672626057346,12.6560594142667,Permanent,HND/BSc,2.0,111411.0,55705.5,91500.0,19911.0,70362.0,105.0
CUST_002423,LOAN_00002423,86821,103692,90,Bad,UBA,Ibadan,11.46263601954926,11.83793050460135,Self-Employed,HND/BSc,1.0,38891.0,38891.0,38891.0,38891.0,48382.0,180.0
CUST_002424,LOAN_00002424,83577,106608,60,Bad,GTBank,Benin City,7.994052213541021,14.10395684249518,Contract,Secondary,4.0,196924.0,49231.0,65258.0,32586.0,64014.25,67.5
CUST_002425,LOAN_00002425,21126,24577,180,Bad,Fidelity Bank,Kaduna,9.137677229898816,8.362010766239145,Temporary,Masters,0.0,0.0,0.0,0.0,0.0,0.0,0.0
CUST_002426,LOAN_00002426,61319,75369,30,Good,Fidelity Bank,Kaduna,8.743638446621125,5.077505269981869,Contract,Masters,2.0,106223.0,53111.5,95392.0,10831.0,72096.5,105.0
CUST_002427,LOAN_00002427,285139,370413,60,Good,Fidelity Bank,Abuja,4.34382505381652,3.5737327644297574,Permanent,Secondary,0.0,0.0,0.0,0.0,0.0,0.0,0.0
CUST_002428,LOAN_00002428,10000,12914,90,Good,UBA,Jos,9.536934069372226,5.957518435650061,Self-Employed,HND/BSc,1.0,5000.0,5000.0,5000.0,5000.0,6863.0,30.0
CUST_002429,LOAN_00002429,109891,148269,60,Good,UBA,Port Harcourt,11.45238957196827,4.718370046562905,Permanent,Masters,1.0,25227.0,25227.0,25227.0,25227.0,30545.0,180.0
CUST_002430,LOAN_00002430,51545,68221,180,Good,First Bank,Jos,5.417504932682235,9.695384897213764,Permanent,HND/BSc,1.0,79196.0,79196.0,79196.0,79196.0,105628.0,180.0
CUST_002431,LOAN_00002431,68614,88131,180,Bad,Zenith Bank,Port Harcourt,9.348985605339362,5.219344046540784,Permanent,HND/BSc,1.0,35588.0,35588.0,35588.0,35588.0,47105.0,30.0
CUST_002432,LOAN_00002432,128509,157977,60,Bad,Union Bank,Calabar,9.34249490001773,3.467204487472454,Self-Employed,Secondary,1.0,38005.0,38005.0,38005.0,38005.0,45837.0,30.0
CUST_002433,LOAN_00002433,130948,151561,60,Bad,Access Bank,Kaduna,5.477664676507229,3.4318779464240143,Contract,Secondary,5.0,129239.0,25847.8,78832.0,6355.0,34659.6,108.0
CUST_002434,LOAN_00002434,99270,122014,30,Good,Fidelity Bank,Abuja,5.111172163576624,12.97883398037834,Permanent,Secondary,5.0,198516.0,39703.2,96099.0,8039.0,51979.2,54.0
CUST_002435,LOAN_00002435,134662,170853,180,Bad,Stanbic IBTC,Kano,12.820467486788363,10.097399177316298,Contract,Masters,4.0,158654.0,39663.5,106759.0,5000.0,49590.0,75.0
CUST_002436,LOAN_00002436,144632,175175,90,Good,Zenith Bank,Enugu,7.543472526877338,7.297023622720538,Contract,Secondary,7.0,444321.0,63474.42857142857,266788.0,5000.0,77303.71428571429,115.71428571428571
CUST_002437,LOAN_00002437,88937,103813,60,Bad,Stanbic IBTC,Benin City,6.046795558511763,13.730736512882965,Temporary,Secondary,1.0,65289.0,65289.0,65289.0,65289.0,81757.0,30.0
CUST_002438,LOAN_00002438,81972,106690,30,Good,First Bank,Ibadan,5.541920900089375,3.8423593368925633,Contract,Secondary,2.0,77575.0,38787.5,42517.0,35058.0,47285.0,60.0
CUST_002439,LOAN_00002439,30429,40084,30,Good,First Bank,Benin City,10.008415422249117,14.763864872733912,Self-Employed,Masters,5.0,364297.0,72859.4,166434.0,9231.0,94861.8,42.0
CUST_002440,LOAN_00002440,137988,179222,180,Bad,First Bank,Ibadan,9.485007675945509,10.395501483053533,Permanent,Secondary,9.0,580389.0,64487.666666666664,165271.0,9656.0,83407.88888888889,93.33333333333333
CUST_002441,LOAN_00002441,81588,106391,365,Good,GTBank,Calabar,9.791969106886755,5.201571047626182,Self-Employed,HND/BSc,3.0,272880.0,90960.0,152506.0,47730.0,117897.33333333333,90.0
CUST_002442,LOAN_00002442,130831,154574,30,Bad,Stanbic IBTC,Jos,4.792054247603071,11.148829187723624,Self-Employed,HND/BSc,2.0,129342.0,64671.0,85837.0,43505.0,88413.0,105.0
CUST_002443,LOAN_00002443,56197,71050,180,Good,Zenith Bank,Lagos,12.041811251485932,12.160575117402752,Temporary,HND/BSc,6.0,264409.0,44068.166666666664,115764.0,15650.0,55192.0,85.0
CUST_002444,LOAN_00002444,152171,200546,90,Good,Union Bank,Kaduna,7.503397571281434,8.152113400449293,Permanent,Secondary,3.0,65793.0,21931.0,27646.0,17138.0,27179.666666666668,90.0
CUST_002445,LOAN_00002445,17718,21316,365,Good,Zenith Bank,Kano,6.820324657873222,13.339591274946567,Contract,Secondary,2.0,172614.0,86307.0,165834.0,6780.0,107183.5,105.0
CUST_002446,LOAN_00002446,64504,85918,365,Bad,UBA,Ibadan,8.161253025229652,4.808788887557643,Self-Employed,Masters,2.0,284435.0,142217.5,262443.0,21992.0,169018.5,120.0
CUST_002447,LOAN_00002447,229718,275096,90,Good,UBA,Enugu,7.510594591728655,6.346051002931301,Permanent,,2.0,94684.0,47342.0,74318.0,20366.0,60942.5,45.0
CUST_002448,LOAN_00002448,31422,38909,180,Good,Fidelity Bank,Ibadan,11.772193028252314,4.121908339007877,Contract,HND/BSc,8.0,389163.0,48645.375,186396.0,9563.0,60330.875,153.75
CUST_002449,LOAN_00002449,19328,22972,90,Bad,Union Bank,Lagos,12.363348776781027,5.530534087288226,Temporary,Secondary,2.0,18659.0,9329.5,10906.0,7753.0,11616.0,120.0
CUST_002450,LOAN_00002450,188566,241356,30,Bad,UBA,Benin City,6.731078948046456,5.86474574293374,Contract,Secondary,1.0,243502.0,243502.0,243502.0,243502.0,289618.0,180.0
CUST_002451,LOAN_00002451,41505,49406,365,Good,First Bank,Abuja,11.775422267139591,14.011598291060524,Temporary,Masters,0.0,0.0,0.0,0.0,0.0,0.0,0.0
CUST_002452,LOAN_00002452,117182,138955,30,Good,Zenith Bank,Benin City,11.033708165797604,3.9373162650138736,Permanent,HND/BSc,0.0,0.0,0.0,0.0,0.0,0.0,0.0
CUST_002453,LOAN_00002453,210315,272642,90,Bad,Stanbic IBTC,Calabar,12.377269051102855,8.128981442252513,Self-Employed,Masters,0.0,0.0,0.0,0.0,0.0,0.0,0.0
CUST_002454,LOAN_00002454,178103,208600,90,Good,First Bank,Abuja,6.211752809672991,9.388784246722956,Contract,HND/BSc,4.0,111196.0,27799.0,42041.0,18822.0,37434.75,60.0
CUST_002455,LOAN_00002455,47712,62796,60,Good,GTBank,Benin City,9.192632351088813,13.78431664562593,Contract,PhD,2.0,89938.0,44969.0,80735.0,9203.0,57606.0,90.0
CUST_002456,LOAN_00002456,222128,271923,180,Bad,UBA,Enugu,6.470901262664002,14.972354623934562,Temporary,Masters,3.0,71626.0,23875.333333333332,38126.0,15034.0,30909.333333333332,70.0
CUST_002457,LOAN_00002457,53083,61360,90,Good,First Bank,Benin City,11.416850414359368,12.04065737903803,Permanent,Masters,2.0,101488.0,50744.0,61445.0,40043.0,62392.5,120.0
CUST_002458,LOAN_00002458,262102,303752,60,Good,First Bank,Enugu,4.047917715139579,14.649491886828354,Self-Employed,HND/BSc,1.0,70591.0,70591.0,70591.0,70591.0,90405.0,30.0
CUST_002459,LOAN_00002459,500539,628938,180,Bad,GTBank,Enugu,9.083372465977565,12.445213590430486,Self-Employed,HND/BSc,5.0,196558.0,39311.6,52705.0,20105.0,51945.0,162.0
CUST_002460,LOAN_00002460,16090,18970,30,Good,Access Bank,Abuja,7.052830881447262,14.558431691657,Permanent,HND/BSc,0.0,0.0,0.0,0.0,0.0,0.0,0.0
CUST_002461,LOAN_00002461,174257,201185,365,Bad,Zenith Bank,Jos,6.904153363700383,11.487248711333462,Temporary,HND/BSc,1.0,68825.0,68825.0,68825.0,68825.0,86070.0,180.0
CUST_002462,LOAN_00002462,34920,41402,180,Good,Stanbic IBTC,Port Harcourt,9.804156914784253,3.957161105412853,Contract,HND/BSc,5.0,245077.0,49015.4,111474.0,6727.0,63027.6,84.0
CUST_002463,LOAN_00002463,22511,30306,180,Bad,Fidelity Bank,Kaduna,11.663360043825946,7.823042243912118,Self-Employed,Secondary,2.0,108364.0,54182.0,74251.0,34113.0,65875.0,75.0
CUST_002464,LOAN_00002464,168889,200973,365,Bad,Access Bank,Ibadan,9.482758522539935,10.759167405629643,Permanent,HND/BSc,5.0,369321.0,73864.2,273743.0,14244.0,89290.6,102.0
CUST_002465,LOAN_00002465,134661,165730,60,Bad,UBA,Port Harcourt,11.678556807820502,7.208622113451012,Self-Employed,HND/BSc,1.0,40165.0,40165.0,40165.0,40165.0,52348.0,60.0
CUST_002466,LOAN_00002466,10000,12482,30,Good,First Bank,Lagos,6.38137400692927,6.280607017365343,Contract,HND/BSc,6.0,462152.0,77025.33333333333,99642.0,16122.0,95582.83333333333,65.0
CUST_002467,LOAN_00002467,27222,35391,180,Good,Union Bank,Jos,8.67551669288483,9.928791205597092,Permanent,Secondary,3.0,73511.0,24503.666666666668,37621.0,17650.0,31392.333333333332,60.0
CUST_002468,LOAN_00002468,35417,42359,180,Good,GTBank,Port Harcourt,8.054828851603684,14.20202252042922,Contract,HND/BSc,2.0,190592.0,95296.0,162487.0,28105.0,128649.0,75.0
CUST_002469,LOAN_00002469,34180,43039,180,Good,GTBank,Abuja,4.104804095527866,3.4197824821938427,Permanent,Secondary,1.0,12903.0,12903.0,12903.0,12903.0,17088.0,90.0
CUST_002470,LOAN_00002470,57225,67081,90,Good,Union Bank,Lagos,9.01130928826666,12.230774442497252,Contract,Masters,5.0,371911.0,74382.2,122947.0,11804.0,93591.6,84.0
CUST_002471,LOAN_00002471,39428,50434,90,Good,Zenith Bank,Kano,9.953718917315571,11.672727336535525,Permanent,HND/BSc,3.0,160209.0,53403.0,108036.0,20383.0,71594.33333333333,60.0
CUST_002472,LOAN_00002472,135341,177768,60,Good,Access Bank,Jos,9.32722963977163,14.567441104659444,Permanent,Secondary,5.0,270085.0,54017.0,104640.0,5000.0,69097.4,78.0
CUST_002473,LOAN_00002473,87175,111237,60,Bad,Fidelity Bank,Port Harcourt,10.626519089050792,14.168534667990524,Permanent,Secondary,2.0,69589.0,34794.5,43689.0,25900.0,43212.0,90.0
CUST_002474,LOAN_00002474,78031,100846,60,Good,Zenith Bank,Lagos,9.142055756077694,12.146790744530314,Contract,HND/BSc,3.0,288793.0,96264.33333333333,132427.0,48619.0,119253.66666666667,70.0
CUST_002475,LOAN_00002475,168802,208136,180,Bad,Union Bank,Kano,4.600752293656813,9.244905176191184,Contract,Secondary,3.0,197120.0,65706.66666666667,152487.0,16004.0,77473.0,60.0
CUST_002476,LOAN_00002476,197922,257337,60,Good,First Bank,Benin City,5.048009716762403,5.451210638802238,Contract,,8.0,363955.0,45494.375,136002.0,17317.0,57896.5,116.25
CUST_002477,LOAN_00002477,27377,31978,60,Good,Union Bank,Lagos,9.368271197895572,9.542828619906892,Permanent,HND/BSc,2.0,81262.0,40631.0,75819.0,5443.0,47041.5,90.0
CUST_002478,LOAN_00002478,20232,24729,60,Bad,Zenith Bank,Abuja,6.474812727762762,12.184223927035845,Self-Employed,Secondary,6.0,150649.0,25108.166666666668,49997.0,5143.0,33194.666666666664,90.0
CUST_002479,LOAN_00002479,51548,59280,180,Good,Stanbic IBTC,Benin City,4.716806161312893,13.748030551654718,Self-Employed,HND/BSc,8.0,160168.0,20021.0,52468.0,8370.0,24610.75,108.75
CUST_002480,LOAN_00002480,185245,229335,30,Bad,GTBank,Abuja,7.86642469103692,12.47654411052659,Permanent,Secondary,1.0,109962.0,109962.0,109962.0,109962.0,142631.0,90.0
CUST_002481,LOAN_00002481,17788,21136,60,Good,GTBank,Port Harcourt,8.988903382752898,5.343203222292647,Self-Employed,Masters,1.0,5000.0,5000.0,5000.0,5000.0,6002.0,180.0
CUST_002482,LOAN_00002482,44271,55727,60,Good,UBA,Kaduna,6.95871389514646,10.196235770736712,Contract,HND/BSc,3.0,106177.0,35392.333333333336,60716.0,18339.0,44727.666666666664,120.0
CUST_002483,LOAN_00002483,58350,75612,180,Bad,UBA,Port Harcourt,10.483903320032002,6.986081514376284,Self-Employed,,6.0,223261.0,37210.166666666664,127153.0,5251.0,47522.166666666664,60.0
CUST_002484,LOAN_00002484,91993,121708,60,Good,Union Bank,Benin City,9.7939354729112,3.110468008687716,Permanent,HND/BSc,7.0,378128.0,54018.28571428572,107480.0,19404.0,69006.14285714286,111.42857142857143
CUST_002485,LOAN_00002485,102653,129835,60,Good,Fidelity Bank,Enugu,6.995365249825047,5.402651229463993,Permanent,Masters,2.0,47598.0,23799.0,36014.0,11584.0,30178.5,180.0
CUST_002486,LOAN_00002486,181577,228121,60,Bad,First Bank,Port Harcourt,10.793852760177046,4.358647799201391,Self-Employed,Secondary,3.0,350228.0,116742.66666666667,304017.0,17297.0,148908.0,110.0
CUST_002487,LOAN_00002487,20278,25661,60,Good,Stanbic IBTC,Benin City,9.83825538279732,13.112629482473622,Self-Employed,HND/BSc,2.0,287996.0,143998.0,149564.0,138432.0,194268.0,120.0
CUST_002488,LOAN_00002488,85359,111653,60,Bad,Access Bank,Lagos,9.73700840846112,6.102075025773743,Permanent,Masters,5.0,129167.0,25833.4,35678.0,8327.0,32382.0,84.0
CUST_002489,LOAN_00002489,114056,148838,30,Good,Zenith Bank,Calabar,8.980849307083613,6.416375626650666,Permanent,HND/BSc,0.0,0.0,0.0,0.0,0.0,0.0,0.0
CUST_002490,LOAN_00002490,51457,63195,60,Good,Fidelity Bank,Port Harcourt,4.102507012796975,14.519238861586611,Self-Employed,Secondary,9.0,395294.0,43921.555555555555,97315.0,14028.0,56132.666666666664,90.0
CUST_002491,LOAN_00002491,72807,90717,30,Good,First Bank,Lagos,10.268564651292005,7.549040676586226,Self-Employed,HND/BSc,1.0,35218.0,35218.0,35218.0,35218.0,46752.0,180.0
CUST_002492,LOAN_00002492,86457,110947,365,Bad,UBA,Abuja,7.384376119982408,3.1150276817327347,Self-Employed,Secondary,3.0,85010.0,28336.666666666668,39415.0,11727.0,35728.0,130.0
CUST_002493,LOAN_00002493,35439,43877,60,Good,Union Bank,Jos,12.4834873914279,6.406153780153638,Permanent,HND/BSc,1.0,48407.0,48407.0,48407.0,48407.0,58246.0,90.0
CUST_002494,LOAN_00002494,25944,30212,365,Good,Zenith Bank,Kaduna,11.361862939694849,4.431594967221749,Contract,HND/BSc,0.0,0.0,0.0,0.0,0.0,0.0,0.0
CUST_002495,LOAN_00002495,85840,112953,90,Good,UBA,Abuja,9.28925022578181,4.233702740830248,Permanent,HND/BSc,1.0,38778.0,38778.0,38778.0,38778.0,53241.0,60.0
CUST_002496,LOAN_00002496,28154,34499,90,Good,Union Bank,Abuja,6.269637836373425,3.929847481628994,Permanent,Secondary,4.0,289090.0,72272.5,227453.0,14336.0,96661.0,97.5
CUST_002497,LOAN_00002497,77396,98221,90,Good,Zenith Bank,Benin City,5.833456539498999,10.119113642104526,Permanent,HND/BSc,6.0,300695.0,50115.833333333336,119015.0,25405.0,65340.0,60.0
CUST_002498,LOAN_00002498,49292,63273,60,Bad,Access Bank,Enugu,7.063463539097942,5.272172683558304,Self-Employed,Secondary,3.0,138186.0,46062.0,52785.0,34969.0,57823.0,90.0
CUST_002499,LOAN_00002499,111060,144821,180,Bad,First Bank,Ibadan,8.289111492220167,7.334913528492125,Contract,,2.0,72272.0,36136.0,43248.0,29024.0,47856.0,30.0
CUST_002500,LOAN_00002500,58627,76851,30,Good,Zenith Bank,Calabar,6.664589590350524,13.3442125935602,Self-Employed,Secondary,2.0,124662.0,62331.0,78338.0,46324.0,82970.5,60.0
CUST_002501,LOAN_00002501,29404,34725,30,Good,Stanbic IBTC,Enugu,8.634365458532345,8.092057677555308,Permanent,PhD,2.0,102186.0,51093.0,93449.0,8737.0,60640.5,105.0
CUST_002502,LOAN_00002502,217500,279156,60,Good,Fidelity Bank,Benin City,5.488333829618673,13.98829620061965,Permanent,HND/BSc,7.0,455475.0,65067.857142857145,205439.0,8454.0,86280.85714285714,98.57142857142857
CUST_002503,LOAN_00002503,50404,67501,60,Good,GTBank,Kaduna,12.7994153154295,8.975256640747276,Permanent,HND/BSc,4.0,220422.0,55105.5,90080.0,13831.0,69118.5,105.0
CUST_002504,LOAN_00002504,142712,164645,30,Good,Stanbic IBTC,Calabar,4.971320994684945,7.786039378077069,Permanent,Secondary,0.0,0.0,0.0,0.0,0.0,0.0,0.0
CUST_002505,LOAN_00002505,55534,73669,30,Good,Stanbic IBTC,Calabar,12.387497256889349,12.00466712508842,Self-Employed,HND/BSc,1.0,29877.0,29877.0,29877.0,29877.0,37698.0,60.0
CUST_002506,LOAN_00002506,109503,144815,60,Bad,Fidelity Bank,Benin City,12.222202102624252,3.878101185216025,Permanent,HND/BSc,1.0,25363.0,25363.0,25363.0,25363.0,34847.0,90.0
CUST_002507,LOAN_00002507,26512,33216,90,Good,GTBank,Kano,8.728244336375482,4.073740595789008,Permanent,HND/BSc,8.0,291753.0,36469.125,76007.0,5124.0,44617.25,78.75
CUST_002508,LOAN_00002508,53554,65726,30,Good,Stanbic IBTC,Abuja,10.52419244652476,10.823684567075528,Permanent,Secondary,1.0,247386.0,247386.0,247386.0,247386.0,287411.0,180.0
CUST_002509,LOAN_00002509,35248,46532,60,Good,Zenith Bank,Jos,7.92443468175329,8.843288558870979,Permanent,PhD,1.0,32475.0,32475.0,32475.0,32475.0,41345.0,180.0
CUST_002510,LOAN_00002510,17509,21758,90,Good,Zenith Bank,Kano,9.670311197881944,12.484983003830523,Self-Employed,,2.0,158869.0,79434.5,131509.0,27360.0,103094.5,75.0
CUST_002511,LOAN_00002511,14608,18368,90,Good,Zenith Bank,Benin City,7.065183436790068,13.995250048122378,Contract,HND/BSc,3.0,151429.0,50476.333333333336,95919.0,17968.0,65021.0,90.0
CUST_002512,LOAN_00002512,227335,281883,90,Bad,GTBank,Kano,6.710431178069008,7.660402532058571,Self-Employed,HND/BSc,2.0,88967.0,44483.5,52617.0,36350.0,56126.5,105.0
CUST_002513,LOAN_00002513,23671,28954,30,Good,Stanbic IBTC,Jos,9.204068075525624,10.156920319015756,Self-Employed,HND/BSc,4.0,364791.0,91197.75,170288.0,17998.0,121284.5,75.0
CUST_002514,LOAN_00002514,53798,67104,180,Good,Union Bank,Benin City,8.483167067655824,9.008359533543718,Permanent,HND/BSc,4.0,218030.0,54507.5,139525.0,9280.0,71822.25,135.0
CUST_002515,LOAN_00002515,168670,211567,60,Good,GTBank,Benin City,9.21582732234983,14.779327867709195,Permanent,Secondary,2.0,67590.0,33795.0,52908.0,14682.0,41232.5,90.0
CUST_002516,LOAN_00002516,111340,145555,30,Bad,Zenith Bank,Calabar,6.579945231583206,12.973012888279142,Self-Employed,HND/BSc,3.0,190518.0,63506.0,100132.0,37710.0,77328.66666666667,100.0
CUST_002517,LOAN_00002517,64620,77549,90,Bad,Fidelity Bank,Kano,7.302620486352957,13.940852499328242,Self-Employed,Masters,9.0,649086.0,72120.66666666667,217335.0,14668.0,93506.22222222222,73.33333333333333
CUST_002518,LOAN_00002518,59474,69776,90,Good,Stanbic IBTC,Lagos,4.755081645660184,6.05208105093125,Permanent,Secondary,10.0,354402.0,35440.2,91629.0,18029.0,45006.1,99.0
CUST_002519,LOAN_00002519,193847,260975,60,Good,Stanbic IBTC,Port Harcourt,4.470487350449852,12.270317077951132,Permanent,HND/BSc,3.0,575441.0,191813.66666666666,427075.0,9689.0,231772.66666666666,50.0
CUST_002520,LOAN_00002520,48661,62204,180,Good,UBA,Benin City,6.281114167057146,6.1856786999717865,Permanent,Masters,2.0,54979.0,27489.5,49979.0,5000.0,36608.0,60.0
CUST_002521,LOAN_00002521,46753,60646,90,Good,UBA,Kano,4.668221733974912,5.504910401140679,Permanent,Secondary,9.0,194550.0,21616.666666666668,35061.0,12191.0,26894.555555555555,93.33333333333333
CUST_002522,LOAN_00002522,84027,103539,365,Bad,Access Bank,Ibadan,4.933972377712666,14.33119391586661,Permanent,Secondary,4.0,86492.0,21623.0,32731.0,11537.0,27714.5,67.5
CUST_002523,LOAN_00002523,46501,59091,60,Good,Union Bank,Kaduna,11.316355648545434,3.2316530006144,Permanent,Masters,2.0,158328.0,79164.0,121160.0,37168.0,100134.0,60.0
CUST_002524,LOAN_00002524,143862,168449,60,Bad,Union Bank,Ibadan,4.349863273150204,14.584664443961156,Contract,Secondary,0.0,0.0,0.0,0.0,0.0,0.0,0.0
CUST_002525,LOAN_00002525,19929,24095,30,Good,First Bank,Kano,9.930485145412684,4.7911427638656745,Permanent,Secondary,3.0,51979.0,17326.333333333332,22669.0,11630.0,21685.333333333332,100.0
CUST_002526,LOAN_00002526,32315,42011,365,Good,Union Bank,Abuja,6.453019739338605,12.833256981519218,Permanent,HND/BSc,2.0,57352.0,28676.0,39845.0,17507.0,34263.5,60.0
CUST_002527,LOAN_00002527,202331,236055,180,Bad,UBA,Abuja,11.843911126373138,6.311070636817237,Self-Employed,HND/BSc,6.0,309746.0,51624.333333333336,180164.0,8004.0,67525.33333333333,95.0
CUST_002528,LOAN_00002528,44252,50893,180,Good,GTBank,Kano,8.364930561197497,7.208427929168728,Contract,Masters,1.0,72855.0,72855.0,72855.0,72855.0,99931.0,90.0
CUST_002529,LOAN_00002529,101459,123298,90,Bad,Union Bank,Calabar,6.750188133950432,5.60109253586382,Temporary,HND/BSc,7.0,687065.0,98152.14285714286,256918.0,5000.0,123229.57142857143,85.71428571428571
CUST_002530,LOAN_00002530,72811,86787,60,Good,UBA,Calabar,8.65875042120491,10.026168509772956,Permanent,HND/BSc,5.0,170571.0,34114.2,48275.0,24552.0,41763.0,72.0
CUST_002531,LOAN_00002531,78126,97946,90,Good,Access Bank,Benin City,7.437622171407419,7.177146570094489,Self-Employed,HND/BSc,3.0,163362.0,54454.0,82625.0,39429.0,72431.66666666667,110.0
CUST_002532,LOAN_00002532,27394,33783,60,Good,Stanbic IBTC,Jos,9.078709582028472,10.888716473935958,Permanent,,0.0,0.0,0.0,0.0,0.0,0.0,0.0
CUST_002533,LOAN_00002533,82129,97232,60,Bad,Union Bank,Port Harcourt,5.030795814937134,3.187767815304792,Contract,Secondary,1.0,187992.0,187992.0,187992.0,187992.0,250913.0,90.0
CUST_002534,LOAN_00002534,111095,137763,60,Bad,Access Bank,Benin City,12.97291452531296,3.7724986021804754,Permanent,Secondary,5.0,261884.0,52376.8,111611.0,25666.0,64409.0,96.0
CUST_002535,LOAN_00002535,180306,227440,180,Bad,Stanbic IBTC,Ibadan,7.830002899270458,4.195933832774983,Permanent,,2.0,157708.0,78854.0,139753.0,17955.0,95133.5,30.0
CUST_002536,LOAN_00002536,80101,106370,180,Bad,Fidelity Bank,Port Harcourt,7.134075757366318,8.027924223722772,Temporary,,1.0,52742.0,52742.0,52742.0,52742.0,73429.0,180.0
CUST_002537,LOAN_00002537,76208,94633,90,Good,Fidelity Bank,Ibadan,10.391888634846383,12.777554071919711,Contract,Secondary,1.0,16202.0,16202.0,16202.0,16202.0,22016.0,180.0
CUST_002538,LOAN_00002538,35120,45149,90,Good,Stanbic IBTC,Calabar,7.275094658457992,13.658134924540592,Temporary,Secondary,2.0,237518.0,118759.0,123647.0,113871.0,151958.5,75.0
CUST_002539,LOAN_00002539,86213,103579,180,Bad,Union Bank,Kano,11.499468745258818,5.937728880730809,Permanent,HND/BSc,7.0,374767.0,53538.142857142855,105949.0,27362.0,68523.14285714286,128.57142857142858
CUST_002540,LOAN_00002540,11840,13682,90,Good,First Bank,Jos,8.088436519243828,9.892436690868168,Permanent,Secondary,0.0,0.0,0.0,0.0,0.0,0.0,0.0
CUST_002541,LOAN_00002541,105789,127646,60,Good,UBA,Ibadan,10.476025719388916,12.220379912311206,Contract,HND/BSc,2.0,186001.0,93000.5,170787.0,15214.0,114922.5,75.0
CUST_002542,LOAN_00002542,105765,124204,90,Bad,GTBank,Calabar,4.967078947976979,6.465953159035305,Self-Employed,Secondary,9.0,311575.0,34619.444444444445,57185.0,12891.0,44363.22222222222,93.33333333333333
CUST_002543,LOAN_00002543,166621,211912,60,Bad,GTBank,Jos,11.615072669996009,7.908092840835279,Contract,Secondary,4.0,259759.0,64939.75,137531.0,28713.0,86036.0,67.5
CUST_002544,LOAN_00002544,24686,30891,180,Bad,Zenith Bank,Benin City,10.62146188100299,9.287690432228567,Temporary,HND/BSc,3.0,198345.0,66115.0,145996.0,25584.0,80180.66666666667,130.0
CUST_002545,LOAN_00002545,35011,42336,365,Good,Stanbic IBTC,Kano,5.905451006157691,4.618498156896573,Permanent,,8.0,310826.0,38853.25,119751.0,7203.0,48189.875,82.5
CUST_002546,LOAN_00002546,22660,29572,90,Good,GTBank,Kaduna,5.30757408771208,3.311787524709364,Self-Employed,HND/BSc,1.0,39742.0,39742.0,39742.0,39742.0,48846.0,60.0
CUST_002547,LOAN_00002547,266922,357619,180,Good,Union Bank,Abuja,6.846631138530619,4.833669711819399,Permanent,HND/BSc,5.0,216497.0,43299.4,104867.0,7864.0,56409.6,96.0
CUST_002548,LOAN_00002548,39869,46255,90,Good,First Bank,Enugu,12.78463527428714,10.5222434550424,Permanent,,5.0,247517.0,49503.4,186116.0,11113.0,60413.2,48.0
CUST_002549,LOAN_00002549,106035,126754,60,Good,Stanbic IBTC,Jos,6.311484171103528,3.88341913840418,Contract,HND/BSc,3.0,77067.0,25689.0,35790.0,17677.0,32163.0,50.0
CUST_002550,LOAN_00002550,60492,72703,90,Good,First Bank,Kaduna,8.105144880519699,5.276356378201539,Contract,HND/BSc,6.0,300095.0,50015.833333333336,83914.0,14246.0,63699.0,95.0
CUST_002551,LOAN_00002551,40245,48449,365,Good,Union Bank,Kaduna,4.270182031456027,7.054246628343645,Permanent,HND/BSc,2.0,66059.0,33029.5,36911.0,29148.0,42582.0,30.0
CUST_002552,LOAN_00002552,277315,344917,30,Good,GTBank,Jos,7.575047766096093,3.934440771676396,Permanent,Secondary,5.0,107948.0,21589.6,41678.0,14224.0,27188.8,90.0
CUST_002553,LOAN_00002553,124638,165519,60,Good,GTBank,Kaduna,9.141880138897925,5.300391253939614,Contract,HND/BSc,7.0,568183.0,81169.0,228653.0,19530.0,109618.28571428571,64.28571428571429
CUST_002554,LOAN_00002554,89377,107448,180,Bad,Zenith Bank,Ibadan,12.578121512571686,13.935237467802132,Contract,HND/BSc,0.0,0.0,0.0,0.0,0.0,0.0,0.0
CUST_002555,LOAN_00002555,75176,97571,60,Bad,GTBank,Kaduna,8.65062440446058,3.231589586723817,Permanent,Secondary,1.0,62757.0,62757.0,62757.0,62757.0,75068.0,90.0
CUST_002556,LOAN_00002556,104186,122713,90,Good,Stanbic IBTC,Calabar,11.37196593559919,10.841183090092343,Permanent,Secondary,3.0,200864.0,66954.66666666667,76401.0,57971.0,87447.33333333333,70.0
CUST_002557,LOAN_00002557,76709,100292,30,Good,Union Bank,Port Harcourt,8.924148783120106,7.612907170982218,Permanent,HND/BSc,2.0,50141.0,25070.5,39413.0,10728.0,32145.0,105.0
CUST_002558,LOAN_00002558,101131,130598,180,Bad,Fidelity Bank,Ibadan,4.367065120919663,11.071784873188454,Temporary,HND/BSc,3.0,40778.0,13592.666666666666,15359.0,12358.0,16300.333333333334,100.0
CUST_002559,LOAN_00002559,36754,43313,30,Bad,Union Bank,Kaduna,6.835074476707966,10.064300644360856,Temporary,Secondary,2.0,162561.0,81280.5,131033.0,31528.0,111479.0,180.0
CUST_002560,LOAN_00002560,29215,35518,60,Good,Stanbic IBTC,Benin City,9.17994557047993,5.681985052255731,Contract,Secondary,1.0,33078.0,33078.0,33078.0,33078.0,41994.0,90.0
CUST_002561,LOAN_00002561,10062,13460,90,Good,Stanbic IBTC,Abuja,12.55534569338012,13.166513850880662,Temporary,PhD,1.0,166065.0,166065.0,166065.0,166065.0,201673.0,90.0
CUST_002562,LOAN_00002562,20751,24725,30,Good,Zenith Bank,Kano,11.7321732377611,8.90328459131228,Self-Employed,HND/BSc,1.0,17594.0,17594.0,17594.0,17594.0,22732.0,60.0
CUST_002563,LOAN_00002563,34232,44613,60,Good,Zenith Bank,Kaduna,6.055200527609629,12.87043222696166,Permanent,Secondary,2.0,82328.0,41164.0,49650.0,32678.0,50396.5,105.0
CUST_002564,LOAN_00002564,121963,163592,90,Good,GTBank,Lagos,5.980988470172472,7.87215043425863,Permanent,HND/BSc,3.0,71042.0,23680.666666666668,44962.0,11443.0,31406.666666666668,110.0
CUST_002565,LOAN_00002565,156369,202812,60,Bad,Access Bank,Abuja,5.810556704025107,14.81622664698287,Temporary,Secondary,0.0,0.0,0.0,0.0,0.0,0.0,0.0
CUST_002566,LOAN_00002566,110560,144787,60,Good,Union Bank,Benin City,12.302490066722529,12.245872302015556,Contract,Masters,1.0,20529.0,20529.0,20529.0,20529.0,24247.0,90.0
CUST_002567,LOAN_00002567,121317,157798,365,Bad,Union Bank,Calabar,11.673995377915483,14.59140246135088,Self-Employed,Masters,0.0,0.0,0.0,0.0,0.0,0.0,0.0
CUST_002568,LOAN_00002568,40805,48704,90,Good,Access Bank,Kaduna,10.97395089027654,9.171917746918306,Self-Employed,HND/BSc,2.0,97044.0,48522.0,58712.0,38332.0,64291.0,60.0
CUST_002569,LOAN_00002569,54495,63641,90,Good,Zenith Bank,Calabar,7.534616028018048,8.684293587488405,Contract,Masters,3.0,65193.0,21731.0,26064.0,16456.0,29219.0,130.0
CUST_002570,LOAN_00002570,27179,34998,30,Good,GTBank,Kaduna,8.539426338688902,12.065445711903095,Permanent,Secondary,2.0,37701.0,18850.5,26921.0,10780.0,25589.0,105.0
CUST_002571,LOAN_00002571,141691,181783,30,Good,Access Bank,Enugu,8.178985703156375,13.563495156161162,Permanent,Masters,5.0,524170.0,104834.0,318042.0,12955.0,140972.0,48.0
CUST_002572,LOAN_00002572,47934,55293,90,Good,GTBank,Port Harcourt,6.280582968034354,14.569749550386696,Permanent,Secondary,4.0,242727.0,60681.75,193654.0,12554.0,73249.0,105.0
CUST_002573,LOAN_00002573,66072,84617,180,Good,GTBank,Calabar,8.545252415338902,6.894622872389997,Permanent,HND/BSc,3.0,165993.0,55331.0,82115.0,32230.0,70830.33333333333,40.0
CUST_002574,LOAN_00002574,72185,88256,60,Bad,GTBank,Port Harcourt,4.27446893067479,12.584454886111669,Contract,PhD,6.0,152256.0,25376.0,60539.0,5000.0,32164.5,105.0
CUST_002575,LOAN_00002575,216072,253501,60,Good,UBA,Abuja,5.186293361477133,5.527747171626441,Permanent,HND/BSc,1.0,20075.0,20075.0,20075.0,20075.0,24169.0,30.0
CUST_002576,LOAN_00002576,74901,99031,180,Bad,Stanbic IBTC,Enugu,11.979306365520518,9.546892160945344,Permanent,,4.0,362875.0,90718.75,135218.0,17834.0,116286.75,60.0
CUST_002577,LOAN_00002577,134760,160778,90,Bad,GTBank,Kano,10.76511790328281,5.15817778091039,Contract,Secondary,6.0,213043.0,35507.166666666664,65642.0,25139.0,45800.833333333336,140.0
CUST_002578,LOAN_00002578,107974,143298,30,Good,UBA,Ibadan,7.805815681531784,7.168768341004066,Permanent,HND/BSc,2.0,84488.0,42244.0,60101.0,24387.0,55546.0,135.0
CUST_002579,LOAN_00002579,26523,31396,30,Good,Zenith Bank,Port Harcourt,8.654353260554895,14.17630040647751,Contract,Secondary,5.0,173549.0,34709.8,64381.0,5000.0,43786.6,78.0
CUST_002580,LOAN_00002580,29191,39394,60,Good,Access Bank,Enugu,7.329989973639797,4.753088397277033,Contract,HND/BSc,2.0,30232.0,15116.0,20616.0,9616.0,19553.0,135.0
CUST_002581,LOAN_00002581,94646,126612,365,Bad,Stanbic IBTC,Port Harcourt,10.667018804446052,10.588810741622355,Contract,Secondary,5.0,328014.0,65602.8,179085.0,12529.0,83101.2,108.0
CUST_002582,LOAN_00002582,28430,33067,180,Bad,Fidelity Bank,Jos,11.057684613088716,10.11545127512884,Temporary,Secondary,1.0,23080.0,23080.0,23080.0,23080.0,30972.0,90.0
CUST_002583,LOAN_00002583,27523,35741,180,Good,Access Bank,Benin City,10.869566711828432,4.448860232507838,Permanent,Secondary,5.0,503435.0,100687.0,271578.0,19858.0,124922.0,84.0
CUST_002584,LOAN_00002584,153885,181757,90,Good,Stanbic IBTC,Kano,10.503505523510048,6.911748525225746,Permanent,Masters,5.0,144166.0,28833.2,107503.0,6407.0,35845.0,66.0
CUST_002585,LOAN_00002585,70927,93400,60,Bad,Fidelity Bank,Benin City,5.840539048235162,9.755778054183189,Self-Employed,Secondary,1.0,67855.0,67855.0,67855.0,67855.0,93693.0,60.0
CUST_002586,LOAN_00002586,37026,49083,90,Good,Access Bank,Kaduna,7.041729813164309,5.246143307861884,Contract,Masters,2.0,122176.0,61088.0,117176.0,5000.0,83146.5,180.0
CUST_002587,LOAN_00002587,27037,36232,90,Good,Stanbic IBTC,Port Harcourt,8.228608914853075,12.607483876953784,Self-Employed,Secondary,6.0,234282.0,39047.0,57141.0,9094.0,50453.166666666664,80.0
CUST_002588,LOAN_00002588,31786,41404,60,Bad,Access Bank,Kaduna,6.977136922848901,14.665878114416998,Permanent,Secondary,4.0,165256.0,41314.0,87604.0,25292.0,55475.75,52.5
CUST_002589,LOAN_00002589,25090,32875,30,Good,Access Bank,Lagos,10.79446180142496,5.577112799549665,Self-Employed,HND/BSc,2.0,42394.0,21197.0,29347.0,13047.0,25852.5,120.0
CUST_002590,LOAN_00002590,113654,151187,365,Bad,Fidelity Bank,Port Harcourt,6.964181718249592,5.242943577486911,Temporary,,4.0,141665.0,35416.25,60623.0,20261.0,46306.25,82.5
CUST_002591,LOAN_00002591,32577,40768,60,Good,Access Bank,Enugu,5.244088781068035,8.459220861569335,Contract,Secondary,4.0,238938.0,59734.5,180594.0,11576.0,81427.5,120.0
CUST_002592,LOAN_00002592,37194,44666,180,Good,Access Bank,Kano,7.591364068434736,11.973183325680386,Permanent,Secondary,5.0,216768.0,43353.6,105928.0,8747.0,58287.8,108.0
CUST_002593,LOAN_00002593,16572,19164,365,Good,Fidelity Bank,Kaduna,12.819229895041422,6.379207322823017,Self-Employed,Masters,0.0,0.0,0.0,0.0,0.0,0.0,0.0
CUST_002594,LOAN_00002594,56324,72323,180,Good,Zenith Bank,Port Harcourt,6.032932716402183,3.238558904367365,Self-Employed,HND/BSc,2.0,32432.0,16216.0,16979.0,15453.0,21771.5,135.0
CUST_002595,LOAN_00002595,270161,347322,60,Bad,GTBank,Lagos,9.50942793048906,9.494647536394726,Self-Employed,Masters,4.0,141243.0,35310.75,68227.0,19397.0,44340.25,75.0
CUST_002596,LOAN_00002596,45364,57377,180,Good,Union Bank,Benin City,7.896757448557357,14.479206813207693,Permanent,Secondary,1.0,47949.0,47949.0,47949.0,47949.0,61099.0,90.0
CUST_002597,LOAN_00002597,51292,59176,30,Bad,First Bank,Enugu,4.639221108843939,7.695322264883346,Self-Employed,HND/BSc,3.0,116568.0,38856.0,43360.0,36465.0,50616.333333333336,40.0
CUST_002598,LOAN_00002598,16362,19655,30,Good,UBA,Jos,8.390889453982535,8.041614650197205,Permanent,Secondary,4.0,106790.0,26697.5,49519.0,14204.0,34400.5,90.0
CUST_002599,LOAN_00002599,105519,128522,60,Good,First Bank,Port Harcourt,10.319478957834813,14.626820605368454,Permanent,HND/BSc,0.0,0.0,0.0,0.0,0.0,0.0,0.0
CUST_002600,LOAN_00002600,246216,303178,30,Bad,First Bank,Jos,8.618979782450369,11.33529133952074,Contract,Masters,2.0,55393.0,27696.5,35712.0,19681.0,33312.5,120.0
CUST_002601,LOAN_00002601,368982,485605,60,Good,Stanbic IBTC,Abuja,11.84895457371923,11.630063074105502,Permanent,Masters,3.0,297851.0,99283.66666666667,231884.0,25430.0,126974.0,50.0
CUST_002602,LOAN_00002602,72686,97354,180,Bad,GTBank,Kano,6.600433149918244,9.75242406445281,Self-Employed,HND/BSc,2.0,85589.0,42794.5,50909.0,34680.0,53979.0,45.0
CUST_002603,LOAN_00002603,115642,148008,90,Good,Stanbic IBTC,Port Harcourt,4.776242541735685,14.6953105303589,Contract,PhD,2.0,87081.0,43540.5,60991.0,26090.0,52625.5,60.0
CUST_002604,LOAN_00002604,353213,427700,365,Bad,GTBank,Calabar,12.429090504922057,11.266397813106671,Permanent,Secondary,1.0,8731.0,8731.0,8731.0,8731.0,11603.0,60.0
CUST_002605,LOAN_00002605,93329,119357,365,Bad,Fidelity Bank,Lagos,7.403767145753971,13.740393019262031,Self-Employed,Secondary,1.0,20385.0,20385.0,20385.0,20385.0,25560.0,60.0
CUST_002606,LOAN_00002606,675044,797044,365,Bad,Fidelity Bank,Kaduna,9.1876499630827,11.392546388798651,Temporary,HND/BSc,8.0,700223.0,87527.875,266820.0,17699.0,118524.25,93.75
CUST_002607,LOAN_00002607,41157,49914,60,Good,Union Bank,Calabar,11.128028135171764,11.821389898084751,Permanent,HND/BSc,4.0,387833.0,96958.25,151832.0,39433.0,117520.25,82.5
CUST_002608,LOAN_00002608,45851,53418,365,Good,GTBank,Abuja,6.918822974880225,6.484931065706958,Contract,Secondary,3.0,326685.0,108895.0,262632.0,19448.0,135861.0,140.0
CUST_002609,LOAN_00002609,167693,202187,365,Bad,Access Bank,Kano,10.4454808435985,6.641744376165828,Permanent,HND/BSc,1.0,38762.0,38762.0,38762.0,38762.0,45112.0,180.0
CUST_002610,LOAN_00002610,10000,13462,60,Good,Zenith Bank,Benin City,5.218769648360452,12.39581579491235,Contract,HND/BSc,5.0,342012.0,68402.4,238100.0,13437.0,92620.6,78.0
CUST_002611,LOAN_00002611,35996,42919,60,Good,Union Bank,Enugu,6.621643724849547,6.560475470038796,Permanent,Masters,2.0,87103.0,43551.5,50350.0,36753.0,52359.0,90.0
CUST_002612,LOAN_00002612,163837,192138,60,Good,Union Bank,Jos,5.30239572522868,9.75324084961838,Permanent,Masters,3.0,223721.0,74573.66666666667,195186.0,11208.0,91483.33333333333,70.0
CUST_002613,LOAN_00002613,63616,76488,90,Good,Access Bank,Abuja,11.30107502561222,5.992227730880424,Permanent,HND/BSc,0.0,0.0,0.0,0.0,0.0,0.0,0.0
CUST_002614,LOAN_00002614,329122,412572,365,Bad,Zenith Bank,Kaduna,6.003843117041068,12.803800569708834,Temporary,Secondary,3.0,412922.0,137640.66666666666,263434.0,24687.0,173271.33333333334,100.0
CUST_002615,LOAN_00002615,10000,12823,60,Good,Stanbic IBTC,Enugu,10.456631998646891,4.32601621473228,Contract,HND/BSc,1.0,7948.0,7948.0,7948.0,7948.0,9424.0,90.0
CUST_002616,LOAN_00002616,10478,12388,90,Good,Zenith Bank,Benin City,12.489685575210872,12.953359677139971,Contract,Masters,2.0,50968.0,25484.0,27230.0,23738.0,32791.5,180.0
CUST_002617,LOAN_00002617,12735,15905,365,Bad,Stanbic IBTC,Kaduna,8.749949881619893,10.232757606091225,Permanent,Secondary,3.0,214172.0,71390.66666666667,156695.0,13125.0,89736.33333333333,90.0
CUST_002618,LOAN_00002618,88302,114564,180,Good,Fidelity Bank,Lagos,8.86026273034619,5.242914417924927,Contract,HND/BSc,3.0,158355.0,52785.0,73937.0,27935.0,68146.66666666667,80.0
CUST_002619,LOAN_00002619,48958,57245,90,Good,First Bank,Jos,8.149302112880308,9.50442462607342,Permanent,,5.0,172791.0,34558.2,45023.0,17602.0,44511.4,54.0
CUST_002620,LOAN_00002620,67886,84735,30,Good,Fidelity Bank,Calabar,6.933011290542785,6.389986042168085,Permanent,Secondary,0.0,0.0,0.0,0.0,0.0,0.0,0.0
CUST_002621,LOAN_00002621,65304,76549,60,Bad,Fidelity Bank,Port Harcourt,8.280895278324255,6.881608016765959,Contract,Secondary,2.0,119194.0,59597.0,82516.0,36678.0,77261.5,105.0
CUST_002622,LOAN_00002622,100510,134235,60,Good,First Bank,Abuja,9.425267790400834,7.218336499162564,Permanent,Secondary,3.0,213498.0,71166.0,185390.0,7898.0,83946.66666666667,70.0
CUST_002623,LOAN_00002623,15944,19982,30,Good,Zenith Bank,Port Harcourt,12.873924149535934,3.7598309636678513,Permanent,HND/BSc,4.0,514756.0,128689.0,414072.0,10054.0,156362.0,45.0
CUST_002624,LOAN_00002624,186284,223994,30,Good,Union Bank,Enugu,12.43988103386402,14.831540212817009,Contract,PhD,4.0,142817.0,35704.25,50919.0,20119.0,43469.25,45.0
CUST_002625,LOAN_00002625,34472,44907,60,Good,Zenith Bank,Port Harcourt,11.759376624638096,3.378415537574689,Self-Employed,HND/BSc,2.0,243205.0,121602.5,153788.0,89417.0,147679.0,60.0
CUST_002626,LOAN_00002626,125851,157788,30,Good,Stanbic IBTC,Calabar,12.002174821343726,10.94996247821134,Permanent,HND/BSc,1.0,14500.0,14500.0,14500.0,14500.0,17971.0,180.0
CUST_002627,LOAN_00002627,42092,48997,180,Good,Access Bank,Ibadan,8.210642649628387,7.454731773089167,Permanent,HND/BSc,4.0,174649.0,43662.25,93022.0,24137.0,58293.25,67.5
CUST_002628,LOAN_00002628,90208,107831,90,Good,Stanbic IBTC,Enugu,9.916998944597182,10.752123491360386,Permanent,HND/BSc,1.0,22756.0,22756.0,22756.0,22756.0,31226.0,60.0
CUST_002629,LOAN_00002629,69427,91963,60,Bad,Access Bank,Jos,12.055600506425929,7.274979037051006,Temporary,HND/BSc,3.0,233163.0,77721.0,206191.0,12176.0,95869.0,100.0
CUST_002630,LOAN_00002630,37604,45739,60,Good,Fidelity Bank,Kaduna,7.536556884922177,11.085007755106304,Self-Employed,Secondary,1.0,27342.0,27342.0,27342.0,27342.0,34799.0,30.0
CUST_002631,LOAN_00002631,31868,42546,60,Good,First Bank,Jos,12.65586230510922,11.75082611362033,Contract,HND/BSc,3.0,252522.0,84174.0,133213.0,15676.0,101867.66666666667,180.0
CUST_002632,LOAN_00002632,138789,176462,365,Bad,Fidelity Bank,Port Harcourt,7.742074558622647,11.286631684795738,Temporary,HND/BSc,1.0,110390.0,110390.0,110390.0,110390.0,135399.0,180.0
CUST_002633,LOAN_00002633,78034,100300,30,Bad,GTBank,Kano,9.409743988538942,4.367543776297827,Contract,Secondary,8.0,306595.0,38324.375,116106.0,10151.0,48381.125,63.75
CUST_002634,LOAN_00002634,138429,184247,90,Bad,Zenith Bank,Enugu,10.388242419451348,10.882718815856215,Temporary,HND/BSc,3.0,120163.0,40054.333333333336,87460.0,10095.0,51122.0,80.0
CUST_002635,LOAN_00002635,53341,70831,90,Good,Access Bank,Kaduna,12.555328117683445,6.359850593449168,Permanent,,2.0,249359.0,124679.5,230459.0,18900.0,161589.5,105.0
CUST_002636,LOAN_00002636,10000,13109,60,Good,Stanbic IBTC,Benin City,6.201546466470394,3.345616446832002,Permanent,HND/BSc,3.0,95022.0,31674.0,39706.0,27126.0,41246.333333333336,110.0
CUST_002637,LOAN_00002637,247797,311489,30,Bad,First Bank,Lagos,10.71517880414778,7.977968062667447,Contract,,5.0,301916.0,60383.2,167603.0,22179.0,80787.8,108.0
CUST_002638,LOAN_00002638,96167,116167,30,Good,Access Bank,Jos,8.68734027529674,8.202517233645612,Permanent,Secondary,4.0,88582.0,22145.5,36221.0,13027.0,28906.0,90.0
CUST_002639,LOAN_00002639,76230,97312,365,Good,Stanbic IBTC,Jos,6.417014265585769,8.606089600229359,Contract,Masters,5.0,346692.0,69338.4,110093.0,28546.0,90572.0,90.0
CUST_002640,LOAN_00002640,69425,84690,90,Bad,Zenith Bank,Enugu,10.989461558167516,11.457889984688595,Permanent,Secondary,2.0,145757.0,72878.5,127241.0,18516.0,88925.5,60.0
CUST_002641,LOAN_00002641,33100,44505,30,Good,Fidelity Bank,Kano,8.970000521564618,6.706125709709509,Contract,Secondary,2.0,86413.0,43206.5,81413.0,5000.0,57236.5,30.0
CUST_002642,LOAN_00002642,30848,38462,60,Good,Zenith Bank,Port Harcourt,9.94876438584708,6.783366157247071,Permanent,HND/BSc,3.0,93049.0,31016.333333333332,63830.0,9232.0,38126.0,50.0
CUST_002643,LOAN_00002643,59893,74281,30,Good,UBA,Port Harcourt,6.906109617201109,3.726627074895127,Permanent,HND/BSc,6.0,294059.0,49009.833333333336,113012.0,5743.0,63780.5,80.0
CUST_002644,LOAN_00002644,500921,630579,60,Bad,GTBank,Enugu,8.331465566448445,11.24185459190755,Temporary,Masters,0.0,0.0,0.0,0.0,0.0,0.0,0.0
CUST_002645,LOAN_00002645,17315,20356,180,Good,UBA,Jos,9.556188258892604,9.813913096795009,Self-Employed,HND/BSc,1.0,18734.0,18734.0,18734.0,18734.0,22314.0,30.0
CUST_002646,LOAN_00002646,82788,103065,30,Bad,First Bank,Kaduna,7.644197328428596,7.193101352325456,Temporary,HND/BSc,6.0,537771.0,89628.5,265208.0,30055.0,111441.5,95.0
CUST_002647,LOAN_00002647,76775,99427,180,Bad,Access Bank,Lagos,5.785352858629311,11.462267747008257,Self-Employed,PhD,5.0,376637.0,75327.4,113639.0,36303.0,92353.8,108.0
CUST_002648,LOAN_00002648,74682,88363,180,Bad,First Bank,Enugu,12.654764430837735,9.448292990722528,Self-Employed,HND/BSc,3.0,60519.0,20173.0,26240.0,13097.0,25891.333333333332,100.0
CUST_002649,LOAN_00002649,30368,37810,90,Good,Fidelity Bank,Kaduna,8.603207860383556,8.630939350446475,Contract,Secondary,3.0,156389.0,52129.666666666664,58499.0,44825.0,68238.66666666667,70.0
CUST_002650,LOAN_00002650,110670,139297,90,Good,Stanbic IBTC,Kaduna,10.605283332589304,9.135894523933516,Permanent,Secondary,10.0,546167.0,54616.7,140842.0,18490.0,70708.9,87.0
CUST_002651,LOAN_00002651,10000,13454,30,Good,Zenith Bank,Benin City,7.699424742004523,10.636177503204678,Permanent,HND/BSc,3.0,81206.0,27068.666666666668,46681.0,6925.0,35055.0,90.0
CUST_002652,LOAN_00002652,33653,39208,180,Good,UBA,Calabar,7.196185876231447,10.920031254895193,Permanent,Masters,5.0,276718.0,55343.6,144078.0,5865.0,70618.4,96.0
CUST_002653,LOAN_00002653,26904,31446,60,Good,Union Bank,Ibadan,7.664478686204125,6.467493829688606,Self-Employed,Secondary,7.0,573745.0,81963.57142857143,234178.0,11704.0,106769.42857142857,55.714285714285715
CUST_002654,LOAN_00002654,22233,29219,30,Good,UBA,Lagos,7.682769794070849,4.688920360693839,Permanent,Secondary,2.0,95979.0,47989.5,89743.0,6236.0,56671.5,75.0
CUST_002655,LOAN_00002655,275079,369445,30,Bad,Fidelity Bank,Abuja,8.897621043477582,4.879610174286225,Temporary,Secondary,5.0,175265.0,35053.0,52628.0,23749.0,42947.6,72.0
CUST_002656,LOAN_00002656,138455,176567,90,Good,UBA,Kano,8.891228829832269,10.67269063083602,Contract,HND/BSc,3.0,171943.0,57314.333333333336,134656.0,5468.0,73374.0,40.0
CUST_002657,LOAN_00002657,162128,210625,90,Bad,Fidelity Bank,Ibadan,8.474384342945845,13.474479429205513,Self-Employed,Secondary,1.0,21767.0,21767.0,21767.0,21767.0,29912.0,30.0
CUST_002658,LOAN_00002658,118935,142130,90,Good,Union Bank,Benin City,5.213072064256943,7.913955340146622,Permanent,Secondary,5.0,459905.0,91981.0,179095.0,23493.0,115625.4,132.0
CUST_002659,LOAN_00002659,20434,27377,180,Good,First Bank,Lagos,8.464679306504781,5.034241923953548,Permanent,HND/BSc,6.0,272336.0,45389.333333333336,142755.0,11802.0,54701.5,65.0
CUST_002660,LOAN_00002660,95524,122347,90,Bad,Zenith Bank,Port Harcourt,5.521935103785864,12.079229979526255,Temporary,Masters,3.0,65649.0,21883.0,34456.0,9607.0,27901.333333333332,100.0
CUST_002661,LOAN_00002661,57009,69138,60,Good,Access Bank,Ibadan,5.135222076661886,12.989873693033385,Permanent,HND/BSc,8.0,315960.0,39495.0,104828.0,13041.0,49895.0,78.75
CUST_002662,LOAN_00002662,196384,256122,30,Good,Stanbic IBTC,Port Harcourt,12.393811456070509,13.5669893174516,Permanent,HND/BSc,1.0,104854.0,104854.0,104854.0,104854.0,133517.0,60.0
CUST_002663,LOAN_00002663,50869,62449,365,Good,Access Bank,Kano,9.44455011832934,10.2819771469648,Permanent,Secondary,1.0,38414.0,38414.0,38414.0,38414.0,50619.0,60.0
CUST_002664,LOAN_00002664,43353,51397,90,Good,First Bank,Port Harcourt,9.93541052312126,13.328742712657016,Permanent,PhD,5.0,424792.0,84958.4,247864.0,15679.0,102964.0,138.0
CUST_002665,LOAN_00002665,43182,51780,30,Good,Stanbic IBTC,Kano,7.616143033000274,3.184979501380892,Permanent,HND/BSc,0.0,0.0,0.0,0.0,0.0,0.0,0.0
CUST_002666,LOAN_00002666,65812,77225,60,Bad,UBA,Lagos,12.180828027233778,4.286829621234283,Contract,,2.0,86073.0,43036.5,54988.0,31085.0,51852.5,120.0
CUST_002667,LOAN_00002667,53319,68824,30,Good,Union Bank,Jos,9.74137440621699,4.110912804625185,Contract,,2.0,81533.0,40766.5,43544.0,37989.0,49686.0,60.0
CUST_002668,LOAN_00002668,161416,211683,365,Good,Union Bank,Kano,10.922528825712288,11.551256211056796,Contract,Masters,10.0,601601.0,60160.1,132186.0,7352.0,78001.7,99.0
CUST_002669,LOAN_00002669,106916,128018,180,Bad,GTBank,Kaduna,7.317062221249424,3.834981402522948,Permanent,Secondary,1.0,11474.0,11474.0,11474.0,11474.0,14848.0,30.0
CUST_002670,LOAN_00002670,176537,214599,30,Good,First Bank,Abuja,12.640106927372129,8.956372469595685,Self-Employed,HND/BSc,1.0,16699.0,16699.0,16699.0,16699.0,19611.0,90.0
CUST_002671,LOAN_00002671,193993,251681,60,Bad,First Bank,Abuja,11.384151611424835,8.67248278363547,Self-Employed,Secondary,1.0,67049.0,67049.0,67049.0,67049.0,92209.0,30.0
CUST_002672,LOAN_00002672,121393,145380,90,Good,Zenith Bank,Enugu,11.685536167130891,6.728442282698891,Permanent,Masters,1.0,50231.0,50231.0,50231.0,50231.0,62007.0,60.0
CUST_002673,LOAN_00002673,100183,127206,180,Bad,Access Bank,Abuja,5.549748406831789,13.444862039305198,Permanent,Masters,3.0,377801.0,125933.66666666667,291254.0,17807.0,165313.33333333334,110.0
CUST_002674,LOAN_00002674,60296,79211,60,Good,First Bank,Enugu,6.438668870840976,5.045198422559952,Permanent,,0.0,0.0,0.0,0.0,0.0,0.0,0.0
CUST_002675,LOAN_00002675,46189,60475,90,Good,First Bank,Abuja,6.570639397152194,7.229553412790878,Self-Employed,HND/BSc,2.0,108763.0,54381.5,64634.0,44129.0,71527.0,135.0
CUST_002676,LOAN_00002676,58341,73939,180,Good,UBA,Kano,6.438183009221841,12.290058000275147,Self-Employed,HND/BSc,4.0,201538.0,50384.5,96182.0,5351.0,60200.5,52.5
CUST_002677,LOAN_00002677,103799,133452,90,Good,UBA,Kaduna,11.698673458938591,3.365067772719411,Temporary,HND/BSc,0.0,0.0,0.0,0.0,0.0,0.0,0.0
CUST_002678,LOAN_00002678,31267,41924,180,Good,Stanbic IBTC,Jos,4.286963156877329,11.075404802956424,Permanent,HND/BSc,2.0,150371.0,75185.5,120364.0,30007.0,98928.0,75.0
CUST_002679,LOAN_00002679,137418,177099,180,Bad,Fidelity Bank,Port Harcourt,4.684899900826968,12.796772716338848,Contract,HND/BSc,0.0,0.0,0.0,0.0,0.0,0.0,0.0
CUST_002680,LOAN_00002680,10000,13300,30,Good,Fidelity Bank,Benin City,6.4652338356691335,14.187214066058006,Permanent,HND/BSc,3.0,120110.0,40036.666666666664,53135.0,17618.0,55286.666666666664,90.0
CUST_002681,LOAN_00002681,54508,70212,60,Good,GTBank,Abuja,5.798856771844993,13.51555968589782,Permanent,PhD,3.0,205545.0,68515.0,87574.0,55769.0,91697.66666666667,100.0
CUST_002682,LOAN_00002682,103173,134711,90,Good,Fidelity Bank,Jos,6.086736524945636,6.832609402004222,Contract,HND/BSc,2.0,144462.0,72231.0,111620.0,32842.0,89497.5,120.0
CUST_002683,LOAN_00002683,17941,21791,60,Good,Zenith Bank,Jos,11.1814887032797,10.03636969587543,Permanent,Masters,9.0,374179.0,41575.444444444445,112470.0,9157.0,53988.333333333336,63.333333333333336
CUST_002684,LOAN_00002684,67446,86232,180,Bad,GTBank,Kano,9.068139345028422,3.9275219178055902,Self-Employed,Masters,7.0,129343.0,18477.571428571428,48091.0,5000.0,23331.428571428572,107.14285714285714
CUST_002685,LOAN_00002685,130573,171447,90,Good,Stanbic IBTC,Lagos,4.051935951636712,6.094440042576103,Contract,HND/BSc,0.0,0.0,0.0,0.0,0.0,0.0,0.0
CUST_002686,LOAN_00002686,18248,22742,60,Good,UBA,Lagos,7.863904891337757,4.130668544970089,Self-Employed,HND/BSc,0.0,0.0,0.0,0.0,0.0,0.0,0.0
CUST_002687,LOAN_00002687,24221,29651,60,Good,Fidelity Bank,Abuja,7.67096434165323,6.782247481847566,Permanent,HND/BSc,6.0,382445.0,63740.833333333336,100351.0,31319.0,80239.33333333333,65.0
CUST_002688,LOAN_00002688,68943,80632,60,Bad,Access Bank,Benin City,5.025507425000892,13.502246561504748,Temporary,HND/BSc,1.0,94968.0,94968.0,94968.0,94968.0,120012.0,30.0
CUST_002689,LOAN_00002689,35660,41500,365,Bad,UBA,Abuja,10.085276097413114,7.166002076091512,Temporary,Secondary,6.0,530611.0,88435.16666666667,238152.0,18966.0,118643.33333333333,65.0
CUST_002690,LOAN_00002690,42759,52485,60,Bad,Union Bank,Abuja,10.31887469541542,9.742777236017115,Temporary,HND/BSc,8.0,285377.0,35672.125,99585.0,15043.0,46728.125,82.5
CUST_002691,LOAN_00002691,110124,145339,180,Bad,Zenith Bank,Enugu,10.488038971468878,8.20057017737929,Self-Employed,,1.0,5000.0,5000.0,5000.0,5000.0,5798.0,90.0
CUST_002692,LOAN_00002692,63339,72905,180,Bad,UBA,Kaduna,10.556238510027327,8.506998291584823,Self-Employed,Secondary,5.0,152950.0,30590.0,57836.0,20672.0,38221.2,78.0
CUST_002693,LOAN_00002693,137938,167905,30,Good,Zenith Bank,Kaduna,4.000475442390671,14.634864622038698,Contract,HND/BSc,5.0,316128.0,63225.6,182367.0,19184.0,80590.4,102.0
CUST_002694,LOAN_00002694,92897,112331,30,Good,Zenith Bank,Benin City,12.5852872346205,6.553853619166295,Permanent,Masters,0.0,0.0,0.0,0.0,0.0,0.0,0.0
CUST_002695,LOAN_00002695,66550,79905,180,Bad,Zenith Bank,Enugu,11.327878903491968,10.527893634278056,Self-Employed,HND/BSc,1.0,60914.0,60914.0,60914.0,60914.0,78982.0,180.0
CUST_002696,LOAN_00002696,309532,370278,60,Bad,Stanbic IBTC,Jos,12.135835269303568,8.040752034953364,Self-Employed,HND/BSc,5.0,311599.0,62319.8,125825.0,11465.0,80182.6,66.0
CUST_002697,LOAN_00002697,29259,38378,60,Good,Zenith Bank,Enugu,4.140789657766907,3.7337541725722345,Temporary,Masters,2.0,174093.0,87046.5,106800.0,67293.0,112557.5,60.0
CUST_002698,LOAN_00002698,85049,114394,90,Good,Zenith Bank,Abuja,12.404729162071654,8.871969979490832,Contract,HND/BSc,6.0,233884.0,38980.666666666664,62874.0,25491.0,49960.333333333336,50.0
CUST_002699,LOAN_00002699,10000,12660,60,Good,Union Bank,Lagos,11.288096758192944,12.7601199485413,Permanent,Secondary,5.0,568473.0,113694.6,433553.0,10675.0,152206.8,108.0
CUST_002700,LOAN_00002700,126943,152051,180,Bad,Access Bank,Ibadan,11.534972286628289,4.18503562418026,Self-Employed,,10.0,536879.0,53687.9,133634.0,10785.0,66581.4,90.0
CUST_002701,LOAN_00002701,39605,51597,30,Good,GTBank,Benin City,4.839586462497716,3.835102168755708,Temporary,HND/BSc,2.0,451337.0,225668.5,320866.0,130471.0,271744.0,135.0
CUST_002702,LOAN_00002702,183946,245545,365,Good,First Bank,Jos,10.64900226026738,4.8435782447192,Permanent,HND/BSc,5.0,182538.0,36507.6,69533.0,8367.0,49528.6,132.0
CUST_002703,LOAN_00002703,13508,16392,365,Good,Union Bank,Kano,12.63925020677882,12.172801336671672,Permanent,HND/BSc,2.0,168569.0,84284.5,123905.0,44664.0,114423.0,75.0
CUST_002704,LOAN_00002704,84569,105873,60,Bad,GTBank,Ibadan,10.106926072763446,11.687944609736856,Contract,Secondary,1.0,22612.0,22612.0,22612.0,22612.0,31355.0,180.0
CUST_002705,LOAN_00002705,56937,74543,90,Good,Zenith Bank,Ibadan,9.135052641621458,9.780213226873329,Permanent,,2.0,44700.0,22350.0,33137.0,11563.0,26712.0,120.0
CUST_002706,LOAN_00002706,53272,63761,60,Good,Access Bank,Enugu,12.510667099740973,8.618716849111589,Permanent,Masters,10.0,594495.0,59449.5,180747.0,22855.0,74450.6,81.0
CUST_002707,LOAN_00002707,121140,147853,180,Bad,UBA,Port Harcourt,7.986434095609924,13.659909776431466,Permanent,Secondary,5.0,249590.0,49918.0,95689.0,8090.0,60440.0,54.0
CUST_002708,LOAN_00002708,52824,61970,90,Bad,Access Bank,Ibadan,9.39364209679431,12.20037388600179,Self-Employed,,3.0,126955.0,42318.333333333336,63985.0,16653.0,55336.0,100.0
CUST_002709,LOAN_00002709,27978,37508,90,Good,Union Bank,Abuja,8.287044641449295,12.743307015621662,Permanent,Masters,3.0,67855.0,22618.333333333332,35542.0,16149.0,28662.333333333332,120.0
CUST_002710,LOAN_00002710,65311,81971,60,Good,Zenith Bank,Calabar,12.395615992242693,12.759147616207851,Contract,HND/BSc,8.0,313294.0,39161.75,129888.0,5000.0,47649.375,97.5
CUST_002711,LOAN_00002711,32462,41888,365,Good,Access Bank,Lagos,4.684762540889565,10.712605856946697,Self-Employed,HND/BSc,2.0,84187.0,42093.5,51903.0,32284.0,54093.5,75.0
CUST_002712,LOAN_00002712,33522,42055,90,Bad,Fidelity Bank,Lagos,8.510077307428134,8.49617549179135,Temporary,Secondary,3.0,125745.0,41915.0,61887.0,6187.0,52398.333333333336,60.0
CUST_002713,LOAN_00002713,36721,47347,365,Good,Access Bank,Calabar,10.182571972468946,13.376133031027804,Temporary,HND/BSc,1.0,50407.0,50407.0,50407.0,50407.0,58646.0,180.0
CUST_002714,LOAN_00002714,72017,96828,30,Good,Zenith Bank,Kaduna,11.127158845800132,14.112089011239007,Contract,Secondary,1.0,11704.0,11704.0,11704.0,11704.0,13689.0,180.0
CUST_002715,LOAN_00002715,26192,33465,60,Good,Stanbic IBTC,Abuja,9.247167826997227,3.285672519100116,Temporary,HND/BSc,2.0,100388.0,50194.0,73810.0,26578.0,66578.5,135.0
CUST_002716,LOAN_00002716,59395,79633,60,Good,Fidelity Bank,Kano,12.180259697093083,3.618658479195016,Permanent,HND/BSc,2.0,77740.0,38870.0,42190.0,35550.0,51569.0,135.0
CUST_002717,LOAN_00002717,10482,13425,180,Good,Access Bank,Ibadan,12.477923021954846,14.504919562901248,Self-Employed,Masters,2.0,83946.0,41973.0,56593.0,27353.0,53591.5,30.0
CUST_002718,LOAN_00002718,63236,72873,180,Good,First Bank,Kaduna,4.578873008742252,6.325927366130337,Contract,Masters,2.0,206209.0,103104.5,143782.0,62427.0,135977.0,30.0
CUST_002719,LOAN_00002719,142031,176308,60,Good,First Bank,Abuja,7.6213348558723695,13.480433275793024,Permanent,Secondary,1.0,86179.0,86179.0,86179.0,86179.0,100528.0,90.0
CUST_002720,LOAN_00002720,288328,341860,60,Good,Access Bank,Enugu,4.21113119549039,7.665541427536832,Contract,Masters,2.0,70731.0,35365.5,42139.0,28592.0,45083.0,60.0
CUST_002721,LOAN_00002721,41062,47271,180,Bad,Stanbic IBTC,Lagos,6.964749916369986,4.429200691312268,Permanent,HND/BSc,0.0,0.0,0.0,0.0,0.0,0.0,0.0
CUST_002722,LOAN_00002722,13903,18074,180,Good,UBA,Kaduna,8.831813961735419,3.965318402512011,Self-Employed,HND/BSc,4.0,171102.0,42775.5,87803.0,18110.0,52587.75,90.0
CUST_002723,LOAN_00002723,49540,62136,60,Good,Zenith Bank,Benin City,12.19715437458954,4.878094788965478,Permanent,Secondary,0.0,0.0,0.0,0.0,0.0,0.0,0.0
CUST_002724,LOAN_00002724,85590,115210,90,Good,First Bank,Ibadan,11.618988902188626,5.998718338408377,Contract,Masters,5.0,172783.0,34556.6,82595.0,5159.0,42951.2,120.0
CUST_002725,LOAN_00002725,25237,32441,60,Good,UBA,Ibadan,5.147497540047872,8.862220247169915,Permanent,PhD,6.0,462150.0,77025.0,272332.0,21817.0,94873.33333333333,90.0
CUST_002726,LOAN_00002726,13780,15949,60,Good,Access Bank,Kano,4.8372733726680615,11.417974806789402,Permanent,Masters,2.0,112675.0,56337.5,66285.0,46390.0,68815.0,105.0
CUST_002727,LOAN_00002727,233829,296271,90,Bad,Union Bank,Port Harcourt,9.303406048810004,14.8367829178236,Temporary,PhD,5.0,163057.0,32611.4,50866.0,5000.0,40581.8,84.0
CUST_002728,LOAN_00002728,66936,87284,60,Good,UBA,Benin City,8.789061752129044,8.298080919470053,Self-Employed,HND/BSc,0.0,0.0,0.0,0.0,0.0,0.0,0.0
CUST_002729,LOAN_00002729,73687,97149,90,Bad,Fidelity Bank,Ibadan,6.397398772870215,9.218219308117318,Temporary,Masters,7.0,383718.0,54816.857142857145,106357.0,10471.0,72545.14285714286,94.28571428571429
CUST_002730,LOAN_00002730,91224,115315,60,Good,GTBank,Jos,12.095077760984516,9.261788416599067,Permanent,HND/BSc,1.0,153011.0,153011.0,153011.0,153011.0,178833.0,180.0
CUST_002731,LOAN_00002731,58270,78007,30,Good,First Bank,Benin City,12.34629768515398,9.473212265855231,Permanent,Secondary,3.0,361565.0,120521.66666666667,282118.0,6700.0,145910.33333333334,90.0
CUST_002732,LOAN_00002732,123216,145596,60,Good,Access Bank,Ibadan,7.623502945061464,9.212887885253547,Contract,HND/BSc,2.0,40895.0,20447.5,29484.0,11411.0,25472.5,45.0
CUST_002733,LOAN_00002733,119874,144259,365,Good,Union Bank,Calabar,12.012723014021685,3.105297060743014,Contract,HND/BSc,0.0,0.0,0.0,0.0,0.0,0.0,0.0
CUST_002734,LOAN_00002734,50942,58619,90,Good,Zenith Bank,Benin City,7.455540048366753,3.0206978653180885,Permanent,Secondary,2.0,27364.0,13682.0,20629.0,6735.0,17347.5,90.0
CUST_002735,LOAN_00002735,19795,26162,180,Bad,Union Bank,Abuja,10.631351486467302,4.171995817513475,Self-Employed,Secondary,8.0,415457.0,51932.125,76121.0,8187.0,65755.125,90.0
CUST_002736,LOAN_00002736,34605,42920,30,Good,Stanbic IBTC,Benin City,8.283479957929517,4.218679241150146,Permanent,Secondary,7.0,409661.0,58523.0,127867.0,14492.0,75118.71428571429,77.14285714285714
CUST_002737,LOAN_00002737,613431,771063,90,Good,Fidelity Bank,Kano,5.103248408564647,11.458762907457553,Permanent,HND/BSc,5.0,600540.0,120108.0,245269.0,9276.0,150330.6,72.0
CUST_002738,LOAN_00002738,29204,35186,365,Good,Access Bank,Enugu,12.351407811133194,5.458992390191997,Permanent,Secondary,4.0,605803.0,151450.75,251555.0,39963.0,197233.75,97.5
CUST_002739,LOAN_00002739,200710,238049,30,Good,Zenith Bank,Enugu,8.08686934039783,13.736569257067355,Contract,Secondary,3.0,97532.0,32510.666666666668,60920.0,12055.0,42613.666666666664,50.0
CUST_002740,LOAN_00002740,77131,104025,365,Bad,Stanbic IBTC,Enugu,10.610383362901633,14.143275954924237,Self-Employed,HND/BSc,2.0,32846.0,16423.0,19762.0,13084.0,19341.0,105.0
CUST_002741,LOAN_00002741,55582,65308,60,Good,Stanbic IBTC,Abuja,7.30456432988163,14.710720054750784,Contract,,3.0,126337.0,42112.333333333336,60597.0,28215.0,56892.333333333336,130.0
CUST_002742,LOAN_00002742,47983,62284,60,Good,Access Bank,Kaduna,4.169927907186112,14.26897565864424,Contract,Masters,7.0,291111.0,41587.28571428572,104109.0,11384.0,50819.57142857143,85.71428571428571
CUST_002743,LOAN_00002743,33232,43005,30,Good,Fidelity Bank,Enugu,4.904773228226524,6.262659863022296,Permanent,HND/BSc,0.0,0.0,0.0,0.0,0.0,0.0,0.0
CUST_002744,LOAN_00002744,17108,20548,90,Bad,UBA,Lagos,8.46597531540932,9.11732213644215,Temporary,,3.0,169262.0,56420.666666666664,67005.0,47136.0,72004.0,80.0
CUST_002745,LOAN_00002745,58149,72412,90,Good,UBA,Abuja,10.20967921413726,5.105459642363292,Temporary,HND/BSc,2.0,120335.0,60167.5,96965.0,23370.0,79640.0,120.0
CUST_002746,LOAN_00002746,79176,98646,60,Good,Stanbic IBTC,Kaduna,7.012617939213511,12.674515862069198,Self-Employed,HND/BSc,10.0,293610.0,29361.0,83087.0,5000.0,37304.4,105.0
CUST_002747,LOAN_00002747,10000,11855,90,Good,UBA,Lagos,10.259396132598852,13.661180461729153,Permanent,HND/BSc,0.0,0.0,0.0,0.0,0.0,0.0,0.0
CUST_002748,LOAN_00002748,125930,163857,30,Good,GTBank,Lagos,10.287720304887603,13.215466071570178,Contract,HND/BSc,7.0,419183.0,59883.28571428572,123108.0,8150.0,77381.28571428571,68.57142857142857
CUST_002749,LOAN_00002749,62077,82780,365,Bad,Stanbic IBTC,Lagos,10.335423165950475,8.20040338436202,Contract,Secondary,2.0,68759.0,34379.5,53172.0,15587.0,41843.5,105.0
CUST_002750,LOAN_00002750,131889,158753,60,Bad,Stanbic IBTC,Jos,8.432696686184576,12.104086616241371,Temporary,HND/BSc,4.0,275405.0,68851.25,128682.0,10802.0,87910.5,112.5
CUST_002751,LOAN_00002751,23609,27154,180,Bad,Zenith Bank,Kano,12.233975351093536,4.170950034915233,Temporary,HND/BSc,1.0,391659.0,391659.0,391659.0,391659.0,526342.0,60.0
CUST_002752,LOAN_00002752,74192,90207,30,Good,UBA,Kano,8.40276866182554,3.4829372474310083,Self-Employed,HND/BSc,6.0,806544.0,134424.0,445240.0,10502.0,174058.33333333334,125.0
CUST_002753,LOAN_00002753,60727,78719,30,Good,Fidelity Bank,Abuja,8.052386741469743,12.03883697170513,Permanent,Masters,1.0,18523.0,18523.0,18523.0,18523.0,22977.0,90.0
CUST_002754,LOAN_00002754,31072,41737,60,Good,Stanbic IBTC,Lagos,5.794427371095643,8.104263291944203,Temporary,HND/BSc,3.0,501800.0,167266.66666666666,453682.0,21073.0,228712.0,110.0
CUST_002755,LOAN_00002755,156700,199270,90,Good,Union Bank,Calabar,6.768895786207029,14.94659117687483,Contract,Masters,4.0,87587.0,21896.75,44926.0,11096.0,29507.0,127.5
CUST_002756,LOAN_00002756,33208,43120,180,Good,Fidelity Bank,Benin City,4.381010432664731,4.167050590266388,Self-Employed,HND/BSc,0.0,0.0,0.0,0.0,0.0,0.0,0.0
CUST_002757,LOAN_00002757,29619,35161,30,Good,GTBank,Kaduna,9.701817642545532,13.267532178422805,Contract,,1.0,82897.0,82897.0,82897.0,82897.0,99398.0,90.0
CUST_002758,LOAN_00002758,57068,67776,60,Good,Zenith Bank,Kano,6.236821695343836,8.7597967863479,Permanent,HND/BSc,1.0,57786.0,57786.0,57786.0,57786.0,69274.0,30.0
CUST_002759,LOAN_00002759,110446,143227,180,Bad,Access Bank,Enugu,6.737397290369186,12.925802346046524,Contract,PhD,1.0,43381.0,43381.0,43381.0,43381.0,57170.0,60.0
CUST_002760,LOAN_00002760,172702,204566,60,Good,Fidelity Bank,Abuja,10.93733069497889,12.80552738604174,Permanent,Masters,7.0,224143.0,32020.428571428572,67086.0,8079.0,40427.57142857143,81.42857142857143
CUST_002761,LOAN_00002761,126376,169457,30,Good,Stanbic IBTC,Kaduna,6.944990648453085,13.991904016344929,Permanent,HND/BSc,3.0,143984.0,47994.666666666664,69289.0,31457.0,58979.666666666664,30.0
CUST_002762,LOAN_00002762,62276,76280,60,Good,GTBank,Abuja,6.17976302811828,6.574200135433234,Self-Employed,HND/BSc,1.0,26831.0,26831.0,26831.0,26831.0,32900.0,30.0
CUST_002763,LOAN_00002763,110050,138835,365,Bad,First Bank,Calabar,5.521519742203352,14.397592241544036,Permanent,Secondary,5.0,284368.0,56873.6,201587.0,13550.0,68151.6,60.0
CUST_002764,LOAN_00002764,32201,41541,30,Good,GTBank,Jos,10.973725619637603,4.820003524291444,Permanent,,4.0,365231.0,91307.75,209556.0,5710.0,108309.0,60.0
CUST_002765,LOAN_00002765,299988,352044,90,Bad,GTBank,Jos,5.167356321910242,3.9836253311218863,Permanent,Secondary,9.0,631614.0,70179.33333333333,217456.0,7220.0,93548.33333333333,86.66666666666667
CUST_002766,LOAN_00002766,215134,289350,365,Good,Zenith Bank,Lagos,8.083783842253181,8.17938620846819,Contract,HND/BSc,1.0,66333.0,66333.0,66333.0,66333.0,89818.0,60.0
CUST_002767,LOAN_00002767,48989,65466,60,Good,Access Bank,Jos,8.56237104469475,12.939875623702113,Temporary,HND/BSc,1.0,40615.0,40615.0,40615.0,40615.0,56839.0,30.0
CUST_002768,LOAN_00002768,52413,62156,60,Good,First Bank,Abuja,10.186509214171432,8.681053567601348,Permanent,HND/BSc,1.0,25376.0,25376.0,25376.0,25376.0,29961.0,60.0
CUST_002769,LOAN_00002769,22354,29256,60,Good,UBA,Enugu,9.699551340996958,12.95144013036617,Permanent,HND/BSc,3.0,296790.0,98930.0,139760.0,28332.0,124494.0,120.0
CUST_002770,LOAN_00002770,53145,66931,60,Good,UBA,Lagos,11.296486056506572,11.756241669531663,Temporary,PhD,3.0,154426.0,51475.333333333336,110727.0,21447.0,68247.33333333333,50.0
CUST_002771,LOAN_00002771,60819,72328,365,Bad,Fidelity Bank,Ibadan,4.402762905336143,5.513140633667202,Self-Employed,HND/BSc,3.0,77146.0,25715.333333333332,41070.0,15642.0,33413.0,110.0
CUST_002772,LOAN_00002772,17380,20555,30,Good,GTBank,Kaduna,6.667966523014575,14.386579498793566,Permanent,,3.0,56565.0,18855.0,33119.0,10357.0,24551.0,70.0
CUST_002773,LOAN_00002773,199071,259993,30,Good,Union Bank,Calabar,6.521207068978418,3.729374023552841,Self-Employed,HND/BSc,4.0,178114.0,44528.5,70710.0,13909.0,59187.5,90.0
CUST_002774,LOAN_00002774,35017,42889,90,Good,Zenith Bank,Lagos,5.314152150328974,13.77935649052554,Self-Employed,Secondary,4.0,177309.0,44327.25,81534.0,22510.0,56505.5,150.0
CUST_002775,LOAN_00002775,74061,87935,60,Bad,Union Bank,Abuja,6.602604284707988,6.653321387884488,Self-Employed,Secondary,2.0,143929.0,71964.5,128435.0,15494.0,93215.0,60.0
CUST_002776,LOAN_00002776,58055,75056,365,Good,Zenith Bank,Kaduna,6.787887827286131,9.001776997972792,Contract,Masters,2.0,41770.0,20885.0,22484.0,19286.0,27917.5,135.0
CUST_002777,LOAN_00002777,113351,143755,60,Bad,UBA,Enugu,8.696960157347306,8.068222472408813,Temporary,Secondary,0.0,0.0,0.0,0.0,0.0,0.0,0.0
CUST_002778,LOAN_00002778,62029,73247,90,Good,Fidelity Bank,Port Harcourt,9.973340310336305,5.062014683002994,Permanent,HND/BSc,3.0,73534.0,24511.333333333332,35011.0,12406.0,32256.333333333332,80.0
CUST_002779,LOAN_00002779,233089,296105,60,Good,Fidelity Bank,Calabar,7.429904622506326,7.297762396820318,Permanent,Secondary,2.0,56487.0,28243.5,33791.0,22696.0,35053.5,60.0
CUST_002780,LOAN_00002780,60103,79630,60,Good,Fidelity Bank,Abuja,10.47523208182043,5.315213235513543,Permanent,HND/BSc,1.0,19787.0,19787.0,19787.0,19787.0,24324.0,90.0
CUST_002781,LOAN_00002781,18733,23369,60,Good,First Bank,Calabar,7.02548804721622,5.446637705526286,Contract,Masters,2.0,33956.0,16978.0,23300.0,10656.0,21212.5,135.0
CUST_002782,LOAN_00002782,21951,28452,180,Bad,Access Bank,Kano,6.612553095832843,5.244682032316565,Temporary,HND/BSc,2.0,55060.0,27530.0,32927.0,22133.0,38151.0,60.0
CUST_002783,LOAN_00002783,24607,32949,60,Good,First Bank,Port Harcourt,8.870692502713219,8.868208564159131,Contract,Secondary,2.0,56984.0,28492.0,33987.0,22997.0,33715.5,120.0
CUST_002784,LOAN_00002784,23329,27568,60,Good,Stanbic IBTC,Kaduna,4.213447242752116,12.575176410135786,Permanent,Secondary,3.0,491535.0,163845.0,401252.0,37412.0,218634.66666666666,80.0
CUST_002785,LOAN_00002785,70533,84153,365,Good,Stanbic IBTC,Jos,4.718102112706004,9.827640405134892,Contract,HND/BSc,3.0,140538.0,46846.0,63814.0,26966.0,60917.333333333336,70.0
CUST_002786,LOAN_00002786,20317,23757,90,Good,Union Bank,Abuja,7.761725892278743,13.718479062610102,Contract,Secondary,5.0,486914.0,97382.8,186534.0,64312.0,120324.0,78.0
CUST_002787,LOAN_00002787,142842,169636,90,Bad,Access Bank,Calabar,12.486214402525809,10.63853386292069,Temporary,HND/BSc,2.0,151637.0,75818.5,144464.0,7173.0,96947.5,45.0
CUST_002788,LOAN_00002788,31285,37881,90,Good,UBA,Kaduna,10.493606018590812,11.272081387591252,Contract,HND/BSc,0.0,0.0,0.0,0.0,0.0,0.0,0.0
CUST_002789,LOAN_00002789,71970,87787,365,Bad,Access Bank,Jos,4.79313912550502,11.011286756724038,Contract,Secondary,3.0,67467.0,22489.0,43650.0,10895.0,29172.333333333332,80.0
CUST_002790,LOAN_00002790,32908,43121,30,Good,Zenith Bank,Enugu,11.616862115027864,8.393510318204894,Self-Employed,HND/BSc,4.0,251720.0,62930.0,103851.0,14520.0,78907.75,112.5
CUST_002791,LOAN_00002791,22144,26541,90,Good,Stanbic IBTC,Enugu,10.59070693547363,11.272065866400991,Self-Employed,HND/BSc,6.0,474241.0,79040.16666666667,165402.0,53315.0,102843.83333333333,95.0
CUST_002792,LOAN_00002792,10000,12889,365,Good,GTBank,Calabar,9.49851873132388,3.836492957627534,Contract,HND/BSc,0.0,0.0,0.0,0.0,0.0,0.0,0.0
CUST_002793,LOAN_00002793,37962,47689,60,Good,GTBank,Lagos,11.382636645482595,13.31821766298796,Permanent,HND/BSc,6.0,313998.0,52333.0,127586.0,19554.0,65206.833333333336,70.0
CUST_002794,LOAN_00002794,55533,65721,90,Good,UBA,Kano,7.6369886296866145,12.33374572132701,Self-Employed,HND/BSc,8.0,429685.0,53710.625,167704.0,14636.0,68560.75,108.75
CUST_002795,LOAN_00002795,34916,43705,180,Good,Zenith Bank,Lagos,5.993509457684675,5.942759498780146,Self-Employed,HND/BSc,6.0,238960.0,39826.666666666664,85309.0,11022.0,49827.333333333336,130.0
CUST_002796,LOAN_00002796,114783,145679,365,Bad,Union Bank,Kano,8.608210501978835,12.21638945104899,Self-Employed,Masters,2.0,136763.0,68381.5,109909.0,26854.0,83040.5,45.0
CUST_002797,LOAN_00002797,76451,98924,90,Bad,First Bank,Abuja,8.939575800341263,3.151711216800222,Temporary,Secondary,4.0,608857.0,152214.25,449829.0,30323.0,198957.0,150.0
CUST_002798,LOAN_00002798,79466,91798,60,Bad,Zenith Bank,Ibadan,8.844937348089209,5.6069588697705655,Self-Employed,HND/BSc,6.0,148425.0,24737.5,62925.0,9722.0,32449.5,45.0
CUST_002799,LOAN_00002799,101679,117805,60,Good,GTBank,Calabar,9.085664123320948,3.7816468640507512,Self-Employed,HND/BSc,1.0,15772.0,15772.0,15772.0,15772.0,21211.0,30.0
CUST_002800,LOAN_00002800,84014,111983,60,Bad,GTBank,Benin City,12.538344264152627,12.362722999414736,Temporary,HND/BSc,3.0,494687.0,164895.66666666666,341509.0,21604.0,205683.66666666666,50.0
CUST_002801,LOAN_00002801,263026,348112,60,Good,Union Bank,Calabar,12.120210607866085,12.070489814140648,Permanent,Masters,10.0,780483.0,78048.3,269492.0,12288.0,97533.7,72.0
CUST_002802,LOAN_00002802,85964,98870,30,Good,Stanbic IBTC,Port Harcourt,11.881453329030457,12.763632285621968,Contract,HND/BSc,4.0,75965.0,18991.25,30221.0,9227.0,22882.25,97.5
CUST_002803,LOAN_00002803,164381,210363,30,Good,Zenith Bank,Jos,11.212751298177643,3.053780319906346,Contract,HND/BSc,3.0,102947.0,34315.666666666664,47500.0,17730.0,44669.333333333336,120.0
CUST_002804,LOAN_00002804,61143,70824,30,Good,Zenith Bank,Port Harcourt,12.490852965387568,9.014792720140896,Permanent,HND/BSc,9.0,527782.0,58642.444444444445,121593.0,8305.0,76010.88888888889,63.333333333333336
CUST_002805,LOAN_00002805,347045,447147,365,Bad,GTBank,Enugu,4.8864517751146295,11.458034370208038,Self-Employed,Masters,5.0,218138.0,43627.6,82381.0,13596.0,59208.2,114.0
CUST_002806,LOAN_00002806,115315,151561,90,Bad,First Bank,Kano,6.386109353011656,4.864813544868186,Self-Employed,,0.0,0.0,0.0,0.0,0.0,0.0,0.0
CUST_002807,LOAN_00002807,63225,74444,180,Bad,UBA,Jos,8.455503510891264,10.797488730151496,Self-Employed,HND/BSc,2.0,35937.0,17968.5,18791.0,17146.0,22827.0,180.0
CUST_002808,LOAN_00002808,444345,582204,365,Bad,Fidelity Bank,Enugu,11.618810438110646,4.009321191716229,Temporary,Masters,0.0,0.0,0.0,0.0,0.0,0.0,0.0
CUST_002809,LOAN_00002809,46384,56381,60,Good,UBA,Jos,8.546491403704593,5.175910273251758,Permanent,Secondary,2.0,183198.0,91599.0,160249.0,22949.0,120078.5,135.0
CUST_002810,LOAN_00002810,106585,138319,90,Bad,Zenith Bank,Lagos,10.7323126540743,8.709561779935212,Self-Employed,HND/BSc,4.0,145533.0,36383.25,89990.0,10656.0,43921.25,52.5
CUST_002811,LOAN_00002811,27138,36575,30,Good,UBA,Enugu,5.250639147240246,10.842781832173223,Contract,Secondary,2.0,102647.0,51323.5,78034.0,24613.0,69457.5,105.0
CUST_002812,LOAN_00002812,20071,23418,60,Good,GTBank,Lagos,6.271724316789042,4.750429523446753,Permanent,Secondary,4.0,244815.0,61203.75,111343.0,31600.0,80911.0,97.5
CUST_002813,LOAN_00002813,83701,98117,365,Good,GTBank,Lagos,10.585984855339053,5.222679969971255,Permanent,HND/BSc,3.0,95083.0,31694.333333333332,54422.0,8300.0,39565.666666666664,120.0
CUST_002814,LOAN_00002814,201813,254334,90,Good,Union Bank,Jos,5.482606079989516,5.453356404787956,Self-Employed,Masters,4.0,153455.0,38363.75,88000.0,5000.0,48773.0,157.5
CUST_002815,LOAN_00002815,32226,40300,60,Good,Zenith Bank,Kaduna,7.162203411894341,5.864409656387742,Contract,HND/BSc,5.0,142459.0,28491.8,62847.0,9363.0,35635.6,90.0
CUST_002816,LOAN_00002816,40787,51657,180,Bad,Union Bank,Port Harcourt,6.383796320322142,5.718646182315495,Self-Employed,HND/BSc,9.0,482587.0,53620.77777777778,143322.0,10788.0,66881.22222222222,76.66666666666667
CUST_002817,LOAN_00002817,11290,14084,60,Good,Zenith Bank,Enugu,7.148755248002306,7.741789301971641,Contract,HND/BSc,3.0,180796.0,60265.333333333336,108868.0,28612.0,73655.0,70.0
CUST_002818,LOAN_00002818,29974,37130,90,Good,Fidelity Bank,Benin City,10.374916441701732,10.845475810040677,Permanent,HND/BSc,3.0,94431.0,31477.0,44238.0,25004.0,39844.666666666664,90.0
CUST_002819,LOAN_00002819,64430,84024,30,Good,Fidelity Bank,Kaduna,7.31062463028521,8.256381397613636,Permanent,Secondary,5.0,260973.0,52194.6,82240.0,19051.0,68148.4,96.0
CUST_002820,LOAN_00002820,75247,100186,60,Bad,Stanbic IBTC,Port Harcourt,8.997369903471462,12.311686904998655,Permanent,HND/BSc,5.0,208967.0,41793.4,85776.0,8288.0,51693.2,60.0
CUST_002821,LOAN_00002821,46794,62297,60,Good,Zenith Bank,Enugu,4.899386893489687,11.631222071383377,Temporary,HND/BSc,1.0,28221.0,28221.0,28221.0,28221.0,38322.0,60.0
CUST_002822,LOAN_00002822,78246,95739,180,Bad,First Bank,Kano,11.24515923911165,4.518322968588908,Permanent,HND/BSc,1.0,12474.0,12474.0,12474.0,12474.0,17389.0,60.0
CUST_002823,LOAN_00002823,419707,536032,30,Bad,UBA,Port Harcourt,7.328997630833124,3.586099479848927,Temporary,Secondary,2.0,62942.0,31471.0,47306.0,15636.0,40022.5,135.0
CUST_002824,LOAN_00002824,85092,106109,90,Bad,Zenith Bank,Benin City,9.836807431300082,13.535298767995274,Temporary,Secondary,6.0,251254.0,41875.666666666664,90239.0,10043.0,52262.333333333336,140.0
CUST_002825,LOAN_00002825,47077,56202,60,Bad,Access Bank,Calabar,10.528506414956494,3.957972798754481,Temporary,HND/BSc,4.0,59525.0,14881.25,35456.0,5000.0,18816.75,82.5
CUST_002826,LOAN_00002826,31989,39255,90,Good,Stanbic IBTC,Abuja,5.886948299005304,4.780070168636557,Contract,HND/BSc,9.0,513719.0,57079.88888888889,132253.0,19155.0,71739.0,80.0
CUST_002827,LOAN_00002827,31746,38573,60,Good,Access Bank,Lagos,11.96207486458015,3.2655993066974167,Temporary,HND/BSc,0.0,0.0,0.0,0.0,0.0,0.0,0.0
CUST_002828,LOAN_00002828,84246,112683,30,Good,GTBank,Abuja,9.546018264462576,10.540036383583846,Permanent,Secondary,2.0,83314.0,41657.0,58580.0,24734.0,57093.5,60.0
CUST_002829,LOAN_00002829,55418,73175,180,Good,Fidelity Bank,Kaduna,7.858526275763333,9.988446757900183,Permanent,HND/BSc,10.0,673742.0,67374.2,430497.0,10897.0,89632.1,102.0
CUST_002830,LOAN_00002830,29576,39116,180,Good,UBA,Calabar,5.641016652203976,14.842843997223069,Permanent,Masters,7.0,270256.0,38608.0,92867.0,7706.0,49002.28571428572,94.28571428571429
CUST_002831,LOAN_00002831,39395,46256,365,Good,Zenith Bank,Lagos,12.48070844111086,13.643188755806063,Temporary,Masters,5.0,279455.0,55891.0,100515.0,21559.0,73366.6,84.0
CUST_002832,LOAN_00002832,37723,50724,60,Good,Access Bank,Enugu,10.795613837184623,7.930118129770916,Permanent,Masters,6.0,649996.0,108332.66666666667,216124.0,14673.0,137841.16666666666,60.0
CUST_002833,LOAN_00002833,18550,23794,60,Good,UBA,Kaduna,5.872221064599239,7.45903009095042,Contract,Secondary,2.0,191721.0,95860.5,150575.0,41146.0,118367.5,30.0
CUST_002834,LOAN_00002834,51385,63573,180,Good,GTBank,Benin City,7.039396972518021,6.562224411359821,Permanent,HND/BSc,2.0,167913.0,83956.5,87020.0,80893.0,110868.0,135.0
CUST_002835,LOAN_00002835,179799,210941,60,Good,Fidelity Bank,Jos,11.28706832279266,4.828883040454576,Permanent,Secondary,5.0,98681.0,19736.2,36875.0,7752.0,25036.4,102.0
CUST_002836,LOAN_00002836,33821,39617,365,Good,First Bank,Enugu,10.26109896893805,4.657003879224108,Permanent,HND/BSc,3.0,230553.0,76851.0,135847.0,45801.0,93085.0,70.0
CUST_002837,LOAN_00002837,66497,84682,60,Bad,Stanbic IBTC,Port Harcourt,10.892058634441518,4.587404496115266,Self-Employed,Secondary,4.0,135378.0,33844.5,49659.0,20228.0,44318.75,52.5
CUST_002838,LOAN_00002838,92049,106154,180,Bad,UBA,Jos,7.970809919916391,4.369377086241343,Contract,Masters,2.0,272730.0,136365.0,254447.0,18283.0,161174.5,60.0
CUST_002839,LOAN_00002839,67376,81045,30,Good,UBA,Kaduna,10.448286363779502,5.886144508866443,Temporary,HND/BSc,4.0,236708.0,59177.0,138154.0,12748.0,73005.0,90.0
CUST_002840,LOAN_00002840,39107,48639,90,Good,First Bank,Port Harcourt,7.478443505775223,6.680023563757397,Self-Employed,HND/BSc,6.0,402718.0,67119.66666666667,124292.0,27180.0,85607.33333333333,80.0
CUST_002841,LOAN_00002841,220412,285107,90,Good,UBA,Benin City,5.901366252443768,14.538947652466993,Temporary,HND/BSc,1.0,5000.0,5000.0,5000.0,5000.0,6851.0,180.0
CUST_002842,LOAN_00002842,16774,20235,60,Good,GTBank,Abuja,9.69409331357224,9.941679012022629,Contract,Secondary,4.0,113231.0,28307.75,48379.0,15660.0,33956.5,67.5
CUST_002843,LOAN_00002843,63159,84049,60,Good,GTBank,Port Harcourt,12.784125330389148,14.851149294159372,Contract,HND/BSc,1.0,102511.0,102511.0,102511.0,102511.0,128749.0,30.0
CUST_002844,LOAN_00002844,37816,46800,365,Good,First Bank,Abuja,6.795408742557966,7.469603373908079,Contract,HND/BSc,0.0,0.0,0.0,0.0,0.0,0.0,0.0
CUST_002845,LOAN_00002845,523324,702709,60,Good,Stanbic IBTC,Lagos,8.148726329912858,8.491519591073292,Contract,HND/BSc,3.0,222911.0,74303.66666666667,114588.0,16917.0,89466.0,80.0
CUST_002846,LOAN_00002846,40818,46982,60,Good,Zenith Bank,Kano,10.06601233962868,6.894943909983351,Self-Employed,Masters,7.0,539660.0,77094.28571428571,165957.0,27641.0,97271.14285714286,77.14285714285714
CUST_002847,LOAN_00002847,72911,98247,90,Good,Access Bank,Ibadan,8.873556539102392,5.194651810758632,Contract,Secondary,2.0,30352.0,15176.0,17656.0,12696.0,19177.5,105.0
CUST_002848,LOAN_00002848,39508,51687,180,Good,Zenith Bank,Enugu,11.590850161381445,4.71797649333095,Self-Employed,Masters,0.0,0.0,0.0,0.0,0.0,0.0,0.0
CUST_002849,LOAN_00002849,31995,42518,90,Good,UBA,Ibadan,10.855684358225645,14.340950373693982,Self-Employed,HND/BSc,0.0,0.0,0.0,0.0,0.0,0.0,0.0
CUST_002850,LOAN_00002850,100491,122184,90,Good,Access Bank,Lagos,4.524674834761213,14.841728181585069,Permanent,HND/BSc,3.0,64508.0,21502.666666666668,38659.0,8470.0,27526.0,100.0
CUST_002851,LOAN_00002851,164860,199947,60,Bad,Union Bank,Port Harcourt,12.985791105313966,3.5389139581047786,Self-Employed,HND/BSc,1.0,47744.0,47744.0,47744.0,47744.0,64012.0,90.0
CUST_002852,LOAN_00002852,300807,379303,60,Good,First Bank,Lagos,10.771622083475204,4.804150496781198,Permanent,PhD,3.0,264514.0,88171.33333333333,166602.0,7321.0,109448.0,60.0
CUST_002853,LOAN_00002853,92639,112597,60,Good,First Bank,Ibadan,11.77512984664702,8.082289107612272,Contract,Secondary,8.0,392176.0,49022.0,100678.0,5000.0,62170.75,97.5
CUST_002854,LOAN_00002854,12231,16484,60,Good,Stanbic IBTC,Ibadan,9.860779408858118,5.236001716132888,Self-Employed,HND/BSc,1.0,20121.0,20121.0,20121.0,20121.0,25325.0,90.0
CUST_002855,LOAN_00002855,60234,75499,30,Good,Access Bank,Enugu,11.70656615242086,7.366564723522599,Temporary,HND/BSc,3.0,221377.0,73792.33333333333,124812.0,19079.0,97444.0,140.0
CUST_002856,LOAN_00002856,65772,77838,90,Bad,GTBank,Jos,5.011446774358385,4.5491561983156,Permanent,Secondary,5.0,217876.0,43575.2,87886.0,13893.0,56049.8,72.0
CUST_002857,LOAN_00002857,179019,207319,365,Bad,Access Bank,Calabar,7.12964052003384,8.478141080661484,Permanent,Secondary,0.0,0.0,0.0,0.0,0.0,0.0,0.0
CUST_002858,LOAN_00002858,111047,145155,365,Good,UBA,Lagos,11.887788492440436,6.260335394031111,Permanent,Masters,4.0,410399.0,102599.75,216889.0,22156.0,124779.75,75.0
CUST_002859,LOAN_00002859,20102,24611,365,Good,GTBank,Kano,5.8148969014020295,7.22286066910393,Permanent,Secondary,3.0,143326.0,47775.333333333336,63692.0,35231.0,61302.333333333336,90.0
CUST_002860,LOAN_00002860,32670,39203,180,Bad,Fidelity Bank,Calabar,4.704178887220205,4.131751817552971,Self-Employed,Secondary,2.0,89209.0,44604.5,66185.0,23024.0,59052.5,60.0
CUST_002861,LOAN_00002861,38302,44946,365,Good,Fidelity Bank,Lagos,11.093070459506972,8.1375366085217,Self-Employed,,1.0,25370.0,25370.0,25370.0,25370.0,33161.0,180.0
CUST_002862,LOAN_00002862,43711,50634,30,Good,Union Bank,Benin City,11.519375400789666,14.799091331538838,Self-Employed,Masters,3.0,94097.0,31365.666666666668,53207.0,13318.0,38752.333333333336,80.0
CUST_002863,LOAN_00002863,50036,60345,60,Good,Fidelity Bank,Kaduna,5.463869963709105,6.945996562574283,Self-Employed,Secondary,4.0,399539.0,99884.75,182483.0,20417.0,134518.5,120.0
CUST_002864,LOAN_00002864,41697,49362,90,Good,First Bank,Kaduna,11.68911384504444,13.51715129810922,Permanent,HND/BSc,4.0,142352.0,35588.0,77626.0,15260.0,43935.75,75.0
CUST_002865,LOAN_00002865,39194,52154,30,Good,Access Bank,Ibadan,10.180910160374529,13.118389699484222,Permanent,HND/BSc,1.0,49912.0,49912.0,49912.0,49912.0,64849.0,60.0
CUST_002866,LOAN_00002866,290457,371005,90,Good,Fidelity Bank,Kaduna,8.680744148949255,14.424701019566529,Permanent,Masters,4.0,321199.0,80299.75,152220.0,26310.0,109249.5,67.5
CUST_002867,LOAN_00002867,465449,625380,60,Bad,Zenith Bank,Abuja,11.472251735032463,12.481314147205133,Self-Employed,Masters,2.0,89155.0,44577.5,68927.0,20228.0,60114.5,45.0
CUST_002868,LOAN_00002868,24817,30853,90,Good,Stanbic IBTC,Kano,7.7732432438706915,10.91516192470578,Self-Employed,Masters,1.0,43441.0,43441.0,43441.0,43441.0,59846.0,180.0
CUST_002869,LOAN_00002869,44033,53612,90,Good,Zenith Bank,Kaduna,5.745945606010575,13.27901333072949,Self-Employed,Secondary,2.0,117413.0,58706.5,78410.0,39003.0,76455.5,60.0
CUST_002870,LOAN_00002870,52581,65272,90,Good,Fidelity Bank,Port Harcourt,6.563674089495523,3.907736167888196,Permanent,HND/BSc,2.0,72074.0,36037.0,39841.0,32233.0,47682.0,75.0
CUST_002871,LOAN_00002871,13978,17846,180,Good,Union Bank,Abuja,8.546476164639834,8.553967886385694,Permanent,Secondary,2.0,81092.0,40546.0,57628.0,23464.0,48609.0,105.0
CUST_002872,LOAN_00002872,20977,27005,60,Good,Stanbic IBTC,Calabar,8.781977134058582,14.871074863380706,Temporary,Secondary,4.0,151373.0,37843.25,88666.0,18041.0,45474.25,52.5
CUST_002873,LOAN_00002873,37464,47422,30,Good,UBA,Abuja,11.250227437971102,12.235201815536788,Permanent,Masters,1.0,125708.0,125708.0,125708.0,125708.0,166077.0,30.0
CUST_002874,LOAN_00002874,55909,67991,60,Good,Zenith Bank,Lagos,11.122174512871007,14.544904536446676,Self-Employed,Secondary,3.0,240706.0,80235.33333333333,168217.0,28914.0,97885.0,110.0
CUST_002875,LOAN_00002875,17672,21285,90,Good,Union Bank,Ibadan,9.232299014841177,12.35561227360175,Permanent,HND/BSc,2.0,83058.0,41529.0,55062.0,27996.0,55620.0,120.0
CUST_002876,LOAN_00002876,59786,78297,180,Good,Access Bank,Enugu,11.027069350289288,13.49858360930573,Permanent,Masters,5.0,280050.0,56010.0,131959.0,19471.0,72195.2,108.0
CUST_002877,LOAN_00002877,49311,57844,60,Good,Access Bank,Enugu,5.725961124643039,11.478355587638292,Self-Employed,HND/BSc,10.0,488642.0,48864.2,155002.0,6550.0,62759.5,69.0
CUST_002878,LOAN_00002878,56352,73201,365,Bad,Zenith Bank,Benin City,4.450580743839649,12.126024053006878,Permanent,Secondary,2.0,190923.0,95461.5,164311.0,26612.0,126498.0,120.0
CUST_002879,LOAN_00002879,135657,163212,30,Good,Fidelity Bank,Kano,11.8627044037123,9.27813611807401,Self-Employed,Masters,1.0,102957.0,102957.0,102957.0,102957.0,121026.0,180.0
CUST_002880,LOAN_00002880,99526,124308,90,Bad,Union Bank,Lagos,4.679990443864926,14.090852409769596,Self-Employed,PhD,2.0,93972.0,46986.0,81662.0,12310.0,59816.5,60.0
CUST_002881,LOAN_00002881,132225,160566,90,Good,Access Bank,Enugu,6.220195867695976,12.90046692748034,Contract,Masters,4.0,92922.0,23230.5,31438.0,9225.0,28248.0,157.5
CUST_002882,LOAN_00002882,69102,88927,30,Bad,UBA,Ibadan,10.25787054661946,13.126619587987587,Self-Employed,HND/BSc,9.0,493350.0,54816.666666666664,160880.0,6541.0,67352.77777777778,90.0
CUST_002883,LOAN_00002883,70566,89237,60,Good,GTBank,Calabar,7.685031438645782,11.076109211556629,Contract,Secondary,4.0,135103.0,33775.75,78080.0,8408.0,44339.5,45.0
CUST_002884,LOAN_00002884,160919,208212,90,Good,Fidelity Bank,Enugu,11.88682572923958,6.654959365046988,Permanent,Secondary,2.0,36852.0,18426.0,20757.0,16095.0,24869.0,45.0
CUST_002885,LOAN_00002885,71832,88148,30,Bad,Union Bank,Port Harcourt,6.681818151960426,3.427557544681672,Self-Employed,HND/BSc,3.0,226287.0,75429.0,146329.0,29544.0,92945.33333333333,90.0
CUST_002886,LOAN_00002886,79055,95659,60,Bad,UBA,Abuja,4.1068421200242335,14.227861552914534,Contract,Secondary,1.0,61906.0,61906.0,61906.0,61906.0,85828.0,60.0
CUST_002887,LOAN_00002887,417390,532088,90,Good,Union Bank,Enugu,6.705900765046697,10.033444185665964,Permanent,Masters,2.0,97907.0,48953.5,90454.0,7453.0,66832.5,60.0
CUST_002888,LOAN_00002888,27945,35702,90,Good,Stanbic IBTC,Lagos,9.202675442663484,6.577715653777683,Temporary,HND/BSc,1.0,157354.0,157354.0,157354.0,157354.0,211537.0,60.0
CUST_002889,LOAN_00002889,23901,30712,30,Good,UBA,Kaduna,7.38344537862964,4.789621294170454,Contract,HND/BSc,4.0,332745.0,83186.25,263199.0,10363.0,104877.5,120.0
CUST_002890,LOAN_00002890,49645,66974,90,Good,Fidelity Bank,Kaduna,8.813854801828796,12.954277986009055,Self-Employed,Masters,6.0,369136.0,61522.666666666664,161519.0,7329.0,82163.83333333333,70.0
CUST_002891,LOAN_00002891,141575,172318,60,Bad,Stanbic IBTC,Calabar,11.88938306951517,13.038242333370944,Self-Employed,Masters,5.0,297917.0,59583.4,118155.0,13843.0,76558.6,126.0
CUST_002892,LOAN_00002892,10000,12417,30,Good,Fidelity Bank,Kaduna,12.212365488073315,12.774095617566378,Contract,HND/BSc,1.0,42557.0,42557.0,42557.0,42557.0,55262.0,90.0
CUST_002893,LOAN_00002893,124529,160694,90,Good,Access Bank,Calabar,6.393766581887009,10.740992303601434,Contract,PhD,6.0,250993.0,41832.166666666664,141787.0,5000.0,50403.333333333336,115.0
CUST_002894,LOAN_00002894,76418,97163,60,Bad,GTBank,Lagos,8.159264259429106,7.392184651102511,Contract,,0.0,0.0,0.0,0.0,0.0,0.0,0.0
CUST_002895,LOAN_00002895,49400,63919,180,Good,Fidelity Bank,Kano,8.94229613717306,6.648843417363084,Contract,PhD,5.0,199666.0,39933.2,61149.0,7077.0,50503.8,102.0
CUST_002896,LOAN_00002896,21960,26974,30,Good,Fidelity Bank,Kaduna,12.542012111994223,3.1026572414180422,Self-Employed,Masters,5.0,100708.0,20141.6,39879.0,7143.0,26098.0,84.0
CUST_002897,LOAN_00002897,78608,91939,90,Good,Access Bank,Benin City,12.987555872479462,13.003290704258884,Self-Employed,Masters,1.0,52473.0,52473.0,52473.0,52473.0,66401.0,60.0
CUST_002898,LOAN_00002898,68726,84734,60,Good,First Bank,Ibadan,6.11866523957374,4.049192369923709,Permanent,HND/BSc,1.0,31796.0,31796.0,31796.0,31796.0,41316.0,90.0
CUST_002899,LOAN_00002899,39468,50912,90,Good,Access Bank,Abuja,10.54281884211234,10.56905997648921,Contract,Secondary,0.0,0.0,0.0,0.0,0.0,0.0,0.0
CUST_002900,LOAN_00002900,165456,205988,60,Bad,Stanbic IBTC,Kaduna,7.402279560098757,9.04889936208106,Temporary,Secondary,5.0,336904.0,67380.8,226653.0,12595.0,80251.4,78.0
CUST_002901,LOAN_00002901,84523,99754,60,Bad,Access Bank,Calabar,4.072973771975919,9.320272307116214,Contract,Secondary,1.0,193267.0,193267.0,193267.0,193267.0,265851.0,90.0
CUST_002902,LOAN_00002902,38385,46777,180,Bad,Access Bank,Lagos,4.083272701923121,14.12055414369328,Self-Employed,Secondary,3.0,232013.0,77337.66666666667,93749.0,46612.0,93775.33333333333,100.0
CUST_002903,LOAN_00002903,36535,42918,30,Good,GTBank,Kaduna,8.145094068060303,3.3793801352549053,Self-Employed,HND/BSc,1.0,49312.0,49312.0,49312.0,49312.0,63620.0,30.0
CUST_002904,LOAN_00002904,73406,95908,180,Bad,Access Bank,Enugu,8.395014217039012,12.280706695545268,Permanent,Secondary,3.0,133531.0,44510.333333333336,57651.0,36345.0,57322.666666666664,50.0
CUST_002905,LOAN_00002905,64874,76621,180,Good,Union Bank,Kaduna,4.203127269160984,3.6246287804076855,Permanent,PhD,3.0,226094.0,75364.66666666667,124258.0,11585.0,99539.0,120.0
CUST_002906,LOAN_00002906,37884,45545,90,Good,Fidelity Bank,Calabar,10.182346750968724,3.4578432712245264,Self-Employed,Masters,3.0,425341.0,141780.33333333334,200213.0,71173.0,178612.0,100.0
CUST_002907,LOAN_00002907,29501,34872,365,Good,Union Bank,Port Harcourt,6.6460304973545785,8.157812377696583,Contract,Secondary,3.0,47601.0,15867.0,23094.0,8158.0,20203.666666666668,40.0
CUST_002908,LOAN_00002908,99398,118662,60,Good,GTBank,Port Harcourt,9.039037913823543,3.7569020921156007,Contract,Secondary,5.0,125550.0,25110.0,35066.0,15243.0,32612.2,54.0
CUST_002909,LOAN_00002909,58100,76133,60,Bad,Zenith Bank,Kaduna,6.708271658488769,12.469727415514944,Self-Employed,Masters,0.0,0.0,0.0,0.0,0.0,0.0,0.0
CUST_002910,LOAN_00002910,14336,18093,90,Good,First Bank,Abuja,5.504208833823765,9.354757123780049,Self-Employed,Masters,2.0,86507.0,43253.5,69112.0,17395.0,52799.0,60.0
CUST_002911,LOAN_00002911,25672,30242,30,Good,Union Bank,Lagos,7.664563647389878,3.3484653919172933,Permanent,PhD,6.0,256656.0,42776.0,99415.0,8381.0,50962.166666666664,80.0
CUST_002912,LOAN_00002912,108308,131887,60,Good,GTBank,Benin City,6.090460283114506,3.486008237783034,Permanent,,1.0,44624.0,44624.0,44624.0,44624.0,59811.0,90.0
CUST_002913,LOAN_00002913,99765,130757,60,Good,Stanbic IBTC,Benin City,8.813208792272512,10.352022356873752,Permanent,,4.0,209644.0,52411.0,79080.0,22979.0,67650.75,60.0
CUST_002914,LOAN_00002914,89319,103424,60,Good,Zenith Bank,Kaduna,5.789456772578319,12.673341811900858,Contract,HND/BSc,1.0,71222.0,71222.0,71222.0,71222.0,85095.0,60.0
CUST_002915,LOAN_00002915,71142,89483,90,Bad,GTBank,Kaduna,8.575653789801644,8.253594375297283,Permanent,Secondary,1.0,38313.0,38313.0,38313.0,38313.0,53255.0,60.0
CUST_002916,LOAN_00002916,248920,317676,60,Good,GTBank,Port Harcourt,5.416406633819808,9.654968058427492,Contract,Masters,9.0,387070.0,43007.77777777778,87662.0,16655.0,55612.333333333336,106.66666666666667
CUST_002917,LOAN_00002917,129152,149267,180,Bad,First Bank,Calabar,10.038772385372065,12.59795344859882,Permanent,Secondary,3.0,161095.0,53698.333333333336,73530.0,29942.0,71448.0,60.0
CUST_002918,LOAN_00002918,49125,57982,60,Good,Fidelity Bank,Abuja,10.785439159972816,10.32607408850183,Contract,Masters,4.0,174661.0,43665.25,78203.0,13487.0,55310.0,105.0
CUST_002919,LOAN_00002919,183772,220078,30,Good,Union Bank,Kaduna,4.993548108249404,5.697122851905833,Permanent,HND/BSc,3.0,164153.0,54717.666666666664,101798.0,20102.0,70783.0,40.0
CUST_002920,LOAN_00002920,64021,73669,30,Good,Stanbic IBTC,Benin City,8.210221708336054,10.356624310433745,Contract,Masters,2.0,152062.0,76031.0,109882.0,42180.0,98252.0,90.0
CUST_002921,LOAN_00002921,307871,395883,180,Bad,UBA,Lagos,4.637845305893862,10.539353508782565,Contract,Secondary,2.0,107000.0,53500.0,94532.0,12468.0,64961.0,120.0
CUST_002922,LOAN_00002922,26081,31544,30,Good,Union Bank,Kano,9.383642009878022,11.80928377057352,Permanent,HND/BSc,7.0,583172.0,83310.28571428571,219765.0,16162.0,100728.85714285714,72.85714285714286
CUST_002923,LOAN_00002923,139889,170661,60,Bad,UBA,Enugu,6.379638681366808,10.450490250681614,Temporary,HND/BSc,2.0,152074.0,76037.0,138508.0,13566.0,99579.0,60.0
CUST_002924,LOAN_00002924,42888,51558,365,Good,GTBank,Kaduna,8.74862011154837,14.630905565496455,Permanent,PhD,6.0,207546.0,34591.0,72137.0,9650.0,41638.5,120.0
CUST_002925,LOAN_00002925,46408,59298,365,Bad,Access Bank,Calabar,8.65714908445862,5.367459704604822,Self-Employed,Secondary,2.0,127585.0,63792.5,76634.0,50951.0,82202.5,75.0
CUST_002926,LOAN_00002926,42974,53060,365,Good,Stanbic IBTC,Kaduna,12.319189115744203,14.413088154804916,Temporary,PhD,3.0,213062.0,71020.66666666667,121510.0,15161.0,93117.66666666667,80.0
CUST_002927,LOAN_00002927,102342,136077,60,Good,Zenith Bank,Calabar,8.941749003118506,9.460073884200195,Contract,Masters,5.0,280109.0,56021.8,132137.0,27522.0,73097.2,120.0
CUST_002928,LOAN_00002928,117094,139943,60,Bad,Access Bank,Abuja,9.246986317464842,11.063473685938945,Self-Employed,Masters,0.0,0.0,0.0,0.0,0.0,0.0,0.0
CUST_002929,LOAN_00002929,70572,92254,60,Good,Access Bank,Kano,7.614878131879422,4.193539169426279,Permanent,Masters,2.0,53479.0,26739.5,37197.0,16282.0,34679.5,75.0
CUST_002930,LOAN_00002930,19126,23572,30,Good,Union Bank,Ibadan,12.541716428645351,7.566911296537285,Contract,HND/BSc,1.0,89214.0,89214.0,89214.0,89214.0,121144.0,60.0
CUST_002931,LOAN_00002931,83471,97416,90,Good,Stanbic IBTC,Lagos,10.994673184956486,12.232549757558072,Contract,Secondary,2.0,128179.0,64089.5,98719.0,29460.0,77103.5,75.0
CUST_002932,LOAN_00002932,11176,14614,30,Good,Fidelity Bank,Lagos,6.568647612725574,11.482932181187884,Permanent,Secondary,7.0,286687.0,40955.28571428572,97121.0,16502.0,54224.71428571428,72.85714285714286
CUST_002933,LOAN_00002933,32833,43250,60,Good,GTBank,Calabar,11.597886271986088,3.481672657984922,Contract,Masters,3.0,72950.0,24316.666666666668,32471.0,10143.0,31133.0,50.0
CUST_002934,LOAN_00002934,143664,175768,180,Good,GTBank,Port Harcourt,7.891567241665809,9.559131161966937,Permanent,Masters,0.0,0.0,0.0,0.0,0.0,0.0,0.0
CUST_002935,LOAN_00002935,56910,74470,60,Good,GTBank,Calabar,11.458004291802348,4.059338315620913,Self-Employed,Secondary,4.0,277512.0,69378.0,172644.0,13163.0,90247.0,97.5
CUST_002936,LOAN_00002936,35247,42968,60,Good,GTBank,Port Harcourt,11.40599261464152,14.950277150137948,Temporary,HND/BSc,5.0,282672.0,56534.4,80171.0,43333.0,73602.0,102.0
CUST_002937,LOAN_00002937,144409,188073,180,Good,Union Bank,Jos,5.69983168086569,13.767559062399537,Permanent,HND/BSc,4.0,128248.0,32062.0,51535.0,15143.0,39796.25,135.0
CUST_002938,LOAN_00002938,16578,20940,60,Good,UBA,Benin City,10.310270182452191,3.2529679251424435,Permanent,Secondary,2.0,173870.0,86935.0,122613.0,51257.0,106762.0,75.0
CUST_002939,LOAN_00002939,17681,22736,60,Good,GTBank,Lagos,6.61578672375878,13.30379494683157,Contract,HND/BSc,3.0,90108.0,30036.0,35377.0,26595.0,38097.666666666664,100.0
CUST_002940,LOAN_00002940,81151,105944,30,Bad,UBA,Abuja,6.677434029934014,14.033155206700892,Contract,Secondary,3.0,139898.0,46632.666666666664,64451.0,11579.0,60861.0,60.0
CUST_002941,LOAN_00002941,154167,201528,30,Bad,UBA,Calabar,6.667132691925227,7.242578670761461,Self-Employed,Secondary,3.0,110409.0,36803.0,60686.0,15607.0,44551.666666666664,100.0
CUST_002942,LOAN_00002942,60810,77955,180,Good,Fidelity Bank,Abuja,10.530114228039531,11.63401986057319,Contract,HND/BSc,2.0,320281.0,160140.5,230120.0,90161.0,190442.5,105.0
CUST_002943,LOAN_00002943,114932,149585,90,Good,GTBank,Kano,6.068434376132824,8.305244954493347,Permanent,HND/BSc,1.0,6561.0,6561.0,6561.0,6561.0,8873.0,180.0
CUST_002944,LOAN_00002944,37893,45185,90,Good,First Bank,Abuja,4.008152517214812,10.862789814916129,Self-Employed,Secondary,4.0,285782.0,71445.5,116519.0,40857.0,91725.75,90.0
CUST_002945,LOAN_00002945,310740,360804,180,Good,Zenith Bank,Kaduna,10.437131681343695,7.083808851578297,Self-Employed,HND/BSc,3.0,107638.0,35879.333333333336,40503.0,26851.0,44884.333333333336,100.0
CUST_002946,LOAN_00002946,149675,176971,60,Good,Access Bank,Benin City,5.540662694516128,6.87071083959922,Contract,Secondary,2.0,128264.0,64132.0,83025.0,45239.0,84828.0,135.0
CUST_002947,LOAN_00002947,62778,83902,60,Good,UBA,Kaduna,4.940341557770512,8.093206666290948,Contract,Secondary,1.0,49750.0,49750.0,49750.0,49750.0,59632.0,180.0
CUST_002948,LOAN_00002948,180995,243394,30,Bad,Stanbic IBTC,Enugu,6.137645085346541,4.746813103830014,Permanent,Secondary,0.0,0.0,0.0,0.0,0.0,0.0,0.0
CUST_002949,LOAN_00002949,19497,24226,90,Good,Stanbic IBTC,Calabar,7.419104700904336,12.973667573224592,Permanent,Secondary,8.0,680946.0,85118.25,267199.0,25339.0,112212.125,45.0
CUST_002950,LOAN_00002950,53162,63351,30,Bad,Zenith Bank,Lagos,8.283156947258806,7.18437474433964,Permanent,Secondary,3.0,63101.0,21033.666666666668,24072.0,16823.0,26640.0,150.0
CUST_002951,LOAN_00002951,20076,24371,60,Good,Stanbic IBTC,Calabar,4.401130366413677,7.8017946468701425,Contract,Masters,4.0,372130.0,93032.5,298485.0,8912.0,118860.0,105.0
CUST_002952,LOAN_00002952,25849,32745,30,Good,First Bank,Benin City,12.735159993646244,13.728655352425736,Temporary,HND/BSc,4.0,128020.0,32005.0,64832.0,15492.0,39878.75,97.5
CUST_002953,LOAN_00002953,52323,66114,90,Good,Stanbic IBTC,Ibadan,10.444567480776024,8.959485768758057,Contract,Secondary,4.0,157269.0,39317.25,82158.0,13615.0,49494.75,105.0
CUST_002954,LOAN_00002954,66754,81919,180,Bad,Access Bank,Ibadan,6.908746587919025,9.531046912210355,Permanent,Secondary,2.0,87370.0,43685.0,47569.0,39801.0,52150.5,135.0
CUST_002955,LOAN_00002955,79666,98606,180,Bad,Access Bank,Enugu,6.868275315568576,14.47797749732518,Permanent,Secondary,2.0,46094.0,23047.0,31818.0,14276.0,27674.0,60.0
CUST_002956,LOAN_00002956,85492,104719,90,Good,UBA,Benin City,8.036882944316135,13.640716597739871,Permanent,Masters,2.0,69343.0,34671.5,59353.0,9990.0,43447.5,120.0
CUST_002957,LOAN_00002957,101696,129510,30,Good,GTBank,Jos,9.636203404867295,5.033600506661275,Contract,HND/BSc,3.0,83233.0,27744.333333333332,35709.0,13547.0,33486.666666666664,60.0
CUST_002958,LOAN_00002958,30187,39831,60,Good,Fidelity Bank,Jos,5.31735759930071,8.67858035901726,Contract,Secondary,6.0,197920.0,32986.666666666664,67547.0,13448.0,39908.166666666664,50.0
CUST_002959,LOAN_00002959,23430,28681,90,Good,First Bank,Jos,5.700368323884571,14.655554729142546,Permanent,HND/BSc,4.0,351731.0,87932.75,171762.0,32667.0,105521.25,120.0
CUST_002960,LOAN_00002960,46918,58877,60,Good,UBA,Lagos,11.73491124550196,7.468395578743232,Contract,HND/BSc,2.0,67109.0,33554.5,37523.0,29586.0,42431.5,75.0
CUST_002961,LOAN_00002961,22718,26499,180,Good,First Bank,Lagos,6.306294315001653,7.4588773021944,Permanent,Secondary,2.0,123913.0,61956.5,103821.0,20092.0,82669.0,90.0
CUST_002962,LOAN_00002962,84103,97384,60,Bad,GTBank,Jos,7.421754981776598,5.340362781469852,Permanent,HND/BSc,3.0,62655.0,20885.0,30456.0,14057.0,27500.666666666668,110.0
CUST_002963,LOAN_00002963,169294,199757,180,Bad,Union Bank,Ibadan,11.841446658551051,4.371877369429503,Permanent,HND/BSc,3.0,364238.0,121412.66666666667,301852.0,15265.0,150242.33333333334,140.0
CUST_002964,LOAN_00002964,56853,76504,30,Good,Stanbic IBTC,Benin City,9.968330464598402,11.883657489071782,Permanent,Secondary,6.0,490281.0,81713.5,254810.0,11415.0,108465.83333333333,105.0
CUST_002965,LOAN_00002965,23442,29740,365,Good,Stanbic IBTC,Abuja,7.075406914075195,12.240365624418198,Permanent,HND/BSc,2.0,137814.0,68907.0,124214.0,13600.0,87758.0,90.0
CUST_002966,LOAN_00002966,85390,112361,30,Good,Fidelity Bank,Benin City,10.153295911521589,14.628155562036,Permanent,Masters,8.0,743339.0,92917.375,339147.0,7857.0,119939.25,78.75
CUST_002967,LOAN_00002967,174015,214420,90,Bad,GTBank,Jos,4.177148938432723,12.281018530864356,Self-Employed,HND/BSc,1.0,35781.0,35781.0,35781.0,35781.0,41852.0,90.0
CUST_002968,LOAN_00002968,76290,96860,180,Bad,UBA,Benin City,10.620783940102289,5.9202299284031845,Self-Employed,HND/BSc,5.0,201247.0,40249.4,87436.0,10734.0,50540.6,66.0
CUST_002969,LOAN_00002969,78561,103919,180,Bad,Fidelity Bank,Kano,8.383144364646157,3.4813989394621854,Contract,HND/BSc,0.0,0.0,0.0,0.0,0.0,0.0,0.0
CUST_002970,LOAN_00002970,421477,551445,60,Good,GTBank,Lagos,11.318639325560152,14.825248612435924,Self-Employed,HND/BSc,0.0,0.0,0.0,0.0,0.0,0.0,0.0
CUST_002971,LOAN_00002971,66000,75901,60,Bad,Zenith Bank,Lagos,12.591738868058217,7.085408346523269,Permanent,Masters,2.0,143871.0,71935.5,88491.0,55380.0,87146.5,120.0
CUST_002972,LOAN_00002972,45327,55423,60,Good,Access Bank,Ibadan,12.332096945451116,6.743658509189049,Self-Employed,HND/BSc,4.0,173582.0,43395.5,60921.0,21906.0,55156.0,120.0
CUST_002973,LOAN_00002973,120553,154442,60,Good,Fidelity Bank,Abuja,12.183385391098067,13.87146251699259,Permanent,Secondary,2.0,142384.0,71192.0,121181.0,21203.0,83853.5,105.0
CUST_002974,LOAN_00002974,76060,87693,90,Good,Fidelity Bank,Jos,8.609529603404983,10.021198782539834,Contract,HND/BSc,8.0,260102.0,32512.75,70105.0,8984.0,42422.375,82.5
CUST_002975,LOAN_00002975,83330,107711,60,Good,UBA,Calabar,7.241279027250442,5.578454086189614,Contract,HND/BSc,3.0,201384.0,67128.0,121846.0,5000.0,81262.0,80.0
CUST_002976,LOAN_00002976,28734,36509,30,Good,First Bank,Ibadan,8.185317922576054,13.669154912594877,Permanent,HND/BSc,0.0,0.0,0.0,0.0,0.0,0.0,0.0
CUST_002977,LOAN_00002977,69581,87954,90,Good,Zenith Bank,Ibadan,10.209064029820247,14.92033026065692,Temporary,Masters,4.0,133034.0,33258.5,49653.0,9108.0,42007.75,75.0
CUST_002978,LOAN_00002978,65386,86479,365,Bad,UBA,Abuja,11.955979991840682,4.040142733809969,Permanent,Masters,4.0,409007.0,102251.75,200630.0,7865.0,136361.5,105.0
CUST_002979,LOAN_00002979,48759,65516,90,Good,GTBank,Kaduna,5.862876727001076,13.347019539629848,Permanent,Secondary,3.0,50334.0,16778.0,24644.0,6578.0,21329.0,90.0
CUST_002980,LOAN_00002980,41753,52752,180,Good,GTBank,Jos,12.263738426155328,7.686188372212728,Permanent,PhD,2.0,195122.0,97561.0,176787.0,18335.0,118017.0,60.0
CUST_002981,LOAN_00002981,163938,214435,365,Good,GTBank,Calabar,11.336622087729,9.288869358080452,Permanent,HND/BSc,7.0,455536.0,65076.57142857143,195751.0,9433.0,86704.14285714286,77.14285714285714
CUST_002982,LOAN_00002982,67577,89010,60,Good,Union Bank,Lagos,12.809704136604111,13.977791709179767,Permanent,Masters,1.0,17916.0,17916.0,17916.0,17916.0,23292.0,90.0
CUST_002983,LOAN_00002983,35671,45621,30,Good,GTBank,Abuja,11.922265959535183,14.680550349301406,Permanent,Masters,2.0,51348.0,25674.0,42401.0,8947.0,30820.0,75.0
CUST_002984,LOAN_00002984,178995,218671,60,Good,First Bank,Calabar,6.51943596722716,6.145966924905593,Permanent,HND/BSc,0.0,0.0,0.0,0.0,0.0,0.0,0.0
CUST_002985,LOAN_00002985,34406,40924,180,Good,Zenith Bank,Kano,4.95360320209643,5.554209251518966,Self-Employed,HND/BSc,0.0,0.0,0.0,0.0,0.0,0.0,0.0
CUST_002986,LOAN_00002986,19693,23437,60,Good,Stanbic IBTC,Ibadan,5.010169647924298,3.9661987030981423,Permanent,PhD,4.0,61205.0,15301.25,26833.0,7097.0,18687.5,120.0
CUST_002987,LOAN_00002987,260626,312888,30,Bad,Access Bank,Abuja,6.621009867204485,9.741574231945656,Permanent,Secondary,3.0,127969.0,42656.333333333336,82739.0,5825.0,50373.666666666664,150.0
CUST_002988,LOAN_00002988,145585,191512,90,Good,First Bank,Lagos,9.527653515860854,3.1632527454080197,Contract,Secondary,5.0,478713.0,95742.6,254190.0,12133.0,114891.0,102.0
CUST_002989,LOAN_00002989,101514,134134,90,Bad,First Bank,Benin City,11.238882934874551,7.942779571319239,Temporary,HND/BSc,5.0,129229.0,25845.8,33810.0,15461.0,32725.4,102.0
CUST_002990,LOAN_00002990,11339,14797,30,Good,Union Bank,Lagos,12.093252762834082,3.880608199824103,Permanent,Masters,7.0,384614.0,54944.857142857145,118307.0,21626.0,69806.85714285714,102.85714285714286
CUST_002991,LOAN_00002991,81796,99645,365,Good,Stanbic IBTC,Kano,9.613780459323095,7.862709395152008,Permanent,PhD,8.0,258017.0,32252.125,86891.0,6775.0,38520.875,123.75
CUST_002992,LOAN_00002992,35386,40723,30,Bad,Stanbic IBTC,Abuja,4.050681814732483,3.479186271187311,Temporary,Secondary,6.0,297517.0,49586.166666666664,116595.0,11693.0,63155.5,130.0
CUST_002993,LOAN_00002993,44238,58587,90,Good,Access Bank,Kano,5.676850988666802,13.022607127305228,Permanent,Masters,2.0,31251.0,15625.5,17543.0,13708.0,19031.0,135.0
CUST_002994,LOAN_00002994,57812,71859,60,Good,Access Bank,Jos,4.897535834680312,5.516867927262791,Contract,Secondary,1.0,182351.0,182351.0,182351.0,182351.0,243504.0,30.0
CUST_002995,LOAN_00002995,53262,71503,180,Good,Stanbic IBTC,Jos,7.26992028012109,6.939704524294944,Permanent,,1.0,65017.0,65017.0,65017.0,65017.0,77584.0,180.0
CUST_002996,LOAN_00002996,17699,20503,30,Good,GTBank,Benin City,8.512158942703714,13.440575959276703,Temporary,HND/BSc,3.0,165227.0,55075.666666666664,130724.0,6728.0,65989.0,50.0
CUST_002997,LOAN_00002997,43510,51772,365,Bad,First Bank,Ibadan,4.390574607207047,11.95519273598646,Temporary,Secondary,5.0,321336.0,64267.2,241277.0,9034.0,86659.0,54.0
CUST_002998,LOAN_00002998,182950,239877,180,Bad,UBA,Kaduna,7.136301782160897,5.628460339704702,Self-Employed,Secondary,5.0,137491.0,27498.2,39345.0,12052.0,35019.2,54.0
CUST_002999,LOAN_00002999,69676,83228,30,Bad,Access Bank,Port Harcourt,5.612617071627904,3.8627930238899526,Permanent,Secondary,2.0,15615.0,7807.5,10615.0,5000.0,10494.0,135.0
CUST_003000,LOAN_00003000,33942,41842,30,Good,Union Bank,Calabar,9.823631496329863,11.588085322264076,Contract,Secondary,2.0,380496.0,190248.0,310505.0,69991.0,238178.5,120.0
CUST_003001,LOAN_00003001,14849,18606,30,Good,Union Bank,Kano,8.17845132391906,7.688430608257311,Permanent,Masters,1.0,98637.0,98637.0,98637.0,98637.0,132395.0,90.0
CUST_003002,LOAN_00003002,32009,42083,180,Bad,Access Bank,Calabar,8.457858822405179,12.192959989418654,Self-Employed,Secondary,5.0,167315.0,33463.0,88413.0,7114.0,40790.8,102.0
CUST_003003,LOAN_00003003,108014,126026,30,Bad,Stanbic IBTC,Benin City,7.84922609230115,8.343537268502525,Temporary,,2.0,170986.0,85493.0,90796.0,80190.0,112816.5,120.0
CUST_003004,LOAN_00003004,67336,81108,60,Good,Zenith Bank,Calabar,12.604177394379104,7.152028955667317,Contract,HND/BSc,4.0,260469.0,65117.25,165182.0,19410.0,86148.0,127.5
CUST_003005,LOAN_00003005,58887,70586,365,Bad,UBA,Calabar,5.932616126094069,8.414464898548758,Self-Employed,HND/BSc,3.0,335326.0,111775.33333333333,217823.0,37268.0,141829.66666666666,80.0
CUST_003006,LOAN_00003006,70551,89000,30,Bad,UBA,Lagos,8.649978338594869,11.98270782804812,Permanent,Secondary,2.0,100629.0,50314.5,57835.0,42794.0,63436.0,75.0
CUST_003007,LOAN_00003007,17446,21597,60,Good,Access Bank,Abuja,10.624156315288024,13.826643438484489,Contract,Masters,1.0,37208.0,37208.0,37208.0,37208.0,48832.0,60.0
CUST_003008,LOAN_00003008,25926,31974,60,Good,GTBank,Ibadan,9.011599718211064,3.5972063590629064,Contract,HND/BSc,5.0,324079.0,64815.8,155361.0,13277.0,86663.0,48.0
CUST_003009,LOAN_00003009,106389,140192,90,Good,Zenith Bank,Port Harcourt,12.36118797145121,9.28933849472346,Permanent,Masters,4.0,112372.0,28093.0,34979.0,16134.0,33439.75,120.0
CUST_003010,LOAN_00003010,92597,123430,90,Bad,UBA,Abuja,7.401715200771557,3.394025149006531,Permanent,,1.0,120983.0,120983.0,120983.0,120983.0,157141.0,30.0
CUST_003011,LOAN_00003011,586166,755210,30,Bad,Access Bank,Lagos,8.173082251958602,8.620914540292304,Permanent,Secondary,3.0,176392.0,58797.333333333336,78714.0,34093.0,73997.33333333333,100.0
CUST_003012,LOAN_00003012,10000,12535,90,Good,Union Bank,Calabar,4.796700836932556,13.623393949162804,Self-Employed,Secondary,10.0,325722.0,32572.2,68957.0,11661.0,40325.9,93.0
CUST_003013,LOAN_00003013,29235,36971,180,Good,UBA,Port Harcourt,9.480991999467356,7.339083197043716,Self-Employed,Masters,5.0,240998.0,48199.6,83645.0,16168.0,64392.4,60.0
CUST_003014,LOAN_00003014,50215,63563,60,Bad,Fidelity Bank,Lagos,6.593907716032954,14.189405052967718,Temporary,Masters,2.0,93185.0,46592.5,68867.0,24318.0,58424.0,105.0
CUST_003015,LOAN_00003015,67961,89442,60,Bad,Zenith Bank,Lagos,5.44278135564012,10.567301659807312,Self-Employed,HND/BSc,1.0,55530.0,55530.0,55530.0,55530.0,72633.0,90.0
CUST_003016,LOAN_00003016,50337,64671,60,Good,Zenith Bank,Lagos,8.900781636140572,14.209864125516075,Contract,HND/BSc,0.0,0.0,0.0,0.0,0.0,0.0,0.0
CUST_003017,LOAN_00003017,10000,12348,30,Good,Fidelity Bank,Jos,8.790792370419195,12.085999504950236,Permanent,HND/BSc,7.0,346399.0,49485.57142857143,108272.0,13653.0,63471.28571428572,102.85714285714286
CUST_003018,LOAN_00003018,115320,150861,90,Bad,First Bank,Port Harcourt,4.682844771016428,4.241221999785148,Temporary,HND/BSc,4.0,52499.0,13124.75,20000.0,5000.0,17923.0,105.0
CUST_003019,LOAN_00003019,57177,76014,90,Good,Union Bank,Lagos,10.283939081450256,5.773816410752125,Contract,Secondary,3.0,354856.0,118285.33333333333,156237.0,78486.0,152031.0,120.0
CUST_003020,LOAN_00003020,112428,140249,30,Good,Fidelity Bank,Kaduna,9.613949715857675,7.730045455002074,Self-Employed,HND/BSc,3.0,235299.0,78433.0,169548.0,19821.0,105913.66666666667,140.0
CUST_003021,LOAN_00003021,10000,12974,60,Good,Stanbic IBTC,Calabar,5.701155544718475,5.041282584144913,Self-Employed,Secondary,0.0,0.0,0.0,0.0,0.0,0.0,0.0
CUST_003022,LOAN_00003022,18250,21624,90,Good,Stanbic IBTC,Port Harcourt,8.224913759386395,8.938939257319927,Self-Employed,HND/BSc,0.0,0.0,0.0,0.0,0.0,0.0,0.0
CUST_003023,LOAN_00003023,98793,117643,90,Bad,Access Bank,Jos,10.48290624830704,8.656417868417886,Permanent,,1.0,5000.0,5000.0,5000.0,5000.0,5889.0,90.0
CUST_003024,LOAN_00003024,18070,22566,60,Good,Zenith Bank,Kano,8.764921664871489,14.475110376328574,Permanent,Masters,6.0,208679.0,34779.833333333336,40892.0,29779.0,44096.333333333336,115.0
CUST_003025,LOAN_00003025,191788,227763,90,Bad,First Bank,Kano,7.559401685652132,8.204734594751733,Self-Employed,PhD,0.0,0.0,0.0,0.0,0.0,0.0,0.0
CUST_003026,LOAN_00003026,45752,59847,60,Good,First Bank,Ibadan,6.901046122728493,12.427521651455974,Self-Employed,Masters,5.0,172410.0,34482.0,61112.0,21376.0,44643.8,54.0
CUST_003027,LOAN_00003027,23488,29152,30,Good,UBA,Enugu,9.49354479979648,14.302926538217758,Self-Employed,HND/BSc,3.0,148252.0,49417.333333333336,72280.0,30176.0,62620.666666666664,80.0
CUST_003028,LOAN_00003028,12837,16598,30,Good,UBA,Kaduna,12.451978284792164,13.523865971687826,Contract,Masters,1.0,14656.0,14656.0,14656.0,14656.0,17417.0,60.0
CUST_003029,LOAN_00003029,139522,160634,365,Bad,Fidelity Bank,Kano,10.045703564297352,5.504011494139101,Permanent,PhD,2.0,108800.0,54400.0,92355.0,16445.0,70544.5,120.0
CUST_003030,LOAN_00003030,282914,356981,30,Bad,First Bank,Jos,4.672713132726839,8.952358731042532,Self-Employed,PhD,5.0,177290.0,35458.0,56251.0,6245.0,46333.2,60.0
CUST_003031,LOAN_00003031,161042,195842,60,Bad,Fidelity Bank,Enugu,8.146164761339204,7.172877387551109,Self-Employed,HND/BSc,1.0,63045.0,63045.0,63045.0,63045.0,76398.0,30.0
CUST_003032,LOAN_00003032,512806,614832,180,Bad,Union Bank,Lagos,12.017417183595647,7.798304341646586,Contract,Secondary,0.0,0.0,0.0,0.0,0.0,0.0,0.0
CUST_003033,LOAN_00003033,15982,18939,180,Good,Fidelity Bank,Lagos,4.850161832209782,7.329681914949015,Permanent,Secondary,1.0,115325.0,115325.0,115325.0,115325.0,141313.0,30.0
CUST_003034,LOAN_00003034,59483,79867,30,Bad,UBA,Benin City,12.89988140923789,12.91631052210005,Temporary,Secondary,6.0,389189.0,64864.833333333336,99889.0,21548.0,80789.66666666667,105.0
CUST_003035,LOAN_00003035,76236,96566,90,Good,Zenith Bank,Calabar,12.541624542808792,8.42566866146937,Contract,,2.0,32355.0,16177.5,19337.0,13018.0,21467.0,90.0
CUST_003036,LOAN_00003036,35136,43897,60,Good,Fidelity Bank,Enugu,4.704470326568883,9.28433198693626,Self-Employed,HND/BSc,0.0,0.0,0.0,0.0,0.0,0.0,0.0
CUST_003037,LOAN_00003037,18725,21955,60,Good,GTBank,Calabar,12.400719884045994,14.789368284564896,Permanent,Masters,0.0,0.0,0.0,0.0,0.0,0.0,0.0
CUST_003038,LOAN_00003038,152757,183272,60,Good,Zenith Bank,Jos,7.26819331233516,3.719751266298197,Permanent,HND/BSc,1.0,50141.0,50141.0,50141.0,50141.0,65520.0,90.0
CUST_003039,LOAN_00003039,143998,173939,90,Good,First Bank,Kaduna,11.602382503682762,8.855491677488985,Self-Employed,HND/BSc,3.0,186095.0,62031.666666666664,88823.0,26777.0,82655.33333333333,120.0
CUST_003040,LOAN_00003040,358870,425506,180,Bad,First Bank,Enugu,7.765450039419443,12.288740483353394,Permanent,Secondary,6.0,496937.0,82822.83333333333,200304.0,40809.0,101526.33333333333,115.0
CUST_003041,LOAN_00003041,195917,253623,90,Bad,Fidelity Bank,Kano,7.967696014322643,4.813943498258718,Contract,Secondary,0.0,0.0,0.0,0.0,0.0,0.0,0.0
CUST_003042,LOAN_00003042,55950,73501,30,Good,Zenith Bank,Kaduna,9.708187818797883,10.338379135377288,Contract,HND/BSc,5.0,349249.0,69849.8,110006.0,6194.0,91823.0,54.0
CUST_003043,LOAN_00003043,120501,153662,30,Bad,UBA,Benin City,10.97029677348385,5.873577354413602,Self-Employed,HND/BSc,2.0,94393.0,47196.5,83079.0,11314.0,60899.5,135.0
CUST_003044,LOAN_00003044,203073,242700,365,Bad,UBA,Calabar,4.304102358534237,13.40884935869481,Permanent,Secondary,2.0,260228.0,130114.0,230970.0,29258.0,174471.5,120.0
CUST_003045,LOAN_00003045,76953,94230,60,Good,Stanbic IBTC,Calabar,9.338403959744207,6.925195984800951,Permanent,Masters,0.0,0.0,0.0,0.0,0.0,0.0,0.0
CUST_003046,LOAN_00003046,29668,36683,30,Good,First Bank,Kaduna,5.680596946876339,6.948753802810915,Temporary,HND/BSc,1.0,18246.0,18246.0,18246.0,18246.0,22562.0,30.0
CUST_003047,LOAN_00003047,34652,40668,180,Good,Access Bank,Lagos,7.1135456607688266,10.178326542214725,Contract,Masters,0.0,0.0,0.0,0.0,0.0,0.0,0.0
CUST_003048,LOAN_00003048,35597,47137,30,Good,Stanbic IBTC,Calabar,7.131717995396949,5.202754897438904,Permanent,Secondary,7.0,335903.0,47986.142857142855,174477.0,11045.0,60796.857142857145,64.28571428571429
CUST_003049,LOAN_00003049,40158,50731,365,Good,UBA,Benin City,8.221543061990381,6.418663666836732,Permanent,HND/BSc,0.0,0.0,0.0,0.0,0.0,0.0,0.0
CUST_003050,LOAN_00003050,21583,26493,30,Bad,Zenith Bank,Kano,7.00722770688556,7.999582201432938,Temporary,Secondary,4.0,224756.0,56189.0,164400.0,12676.0,71211.75,67.5
CUST_003051,LOAN_00003051,227453,299808,60,Good,Union Bank,Port Harcourt,4.96625006605601,7.243654357681324,Permanent,Masters,0.0,0.0,0.0,0.0,0.0,0.0,0.0
CUST_003052,LOAN_00003052,24481,31265,365,Good,UBA,Kano,5.310658646729063,9.298526616066988,Contract,HND/BSc,0.0,0.0,0.0,0.0,0.0,0.0,0.0
CUST_003053,LOAN_00003053,58747,71267,30,Good,Zenith Bank,Kano,4.300941870049879,10.195681728827594,Contract,HND/BSc,6.0,441953.0,73658.83333333333,204655.0,13064.0,87490.83333333333,65.0
CUST_003054,LOAN_00003054,290005,344904,60,Good,Stanbic IBTC,Calabar,8.23224176795879,9.800009445001976,Self-Employed,PhD,3.0,76437.0,25479.0,30110.0,20773.0,30714.333333333332,100.0
CUST_003055,LOAN_00003055,89923,117733,30,Bad,First Bank,Abuja,12.590029253676896,10.850019743903188,Self-Employed,Secondary,1.0,76741.0,76741.0,76741.0,76741.0,89510.0,30.0
CUST_003056,LOAN_00003056,47105,57634,30,Good,UBA,Lagos,5.041077012833049,6.692994199293842,Contract,Secondary,1.0,31366.0,31366.0,31366.0,31366.0,42686.0,180.0
CUST_003057,LOAN_00003057,21336,25732,60,Good,Fidelity Bank,Calabar,12.516380437027738,4.517114725860337,Permanent,Masters,7.0,768250.0,109750.0,325553.0,5513.0,136181.85714285713,55.714285714285715
CUST_003058,LOAN_00003058,38213,50266,60,Good,Zenith Bank,Lagos,10.600253632588842,12.129690497172923,Self-Employed,HND/BSc,10.0,508532.0,50853.2,250024.0,5000.0,62988.6,51.0
CUST_003059,LOAN_00003059,66259,84020,90,Good,First Bank,Jos,9.737489226407469,13.209364591568184,Contract,Secondary,8.0,631312.0,78914.0,262464.0,5000.0,100666.125,71.25
CUST_003060,LOAN_00003060,34361,41447,90,Good,Union Bank,Abuja,9.807499797912063,6.084074786669187,Temporary,HND/BSc,5.0,293818.0,58763.6,185251.0,11631.0,76511.8,72.0
CUST_003061,LOAN_00003061,74104,90886,180,Bad,Union Bank,Calabar,11.440548835566538,7.885103473896237,Contract,Secondary,6.0,384991.0,64165.166666666664,172439.0,9348.0,83699.83333333333,75.0
CUST_003062,LOAN_00003062,84296,112290,60,Bad,Access Bank,Ibadan,4.9622787794183925,8.982830603562663,Self-Employed,Secondary,4.0,130431.0,32607.75,56840.0,14522.0,40627.25,97.5
CUST_003063,LOAN_00003063,15621,19496,30,Good,Zenith Bank,Kano,8.542788912089875,9.399922113035236,Permanent,HND/BSc,3.0,75077.0,25025.666666666668,34204.0,16454.0,31356.666666666668,60.0
CUST_003064,LOAN_00003064,65879,85711,60,Good,Stanbic IBTC,Jos,10.273820244346826,10.913882053051822,Self-Employed,Masters,1.0,22032.0,22032.0,22032.0,22032.0,29184.0,30.0
CUST_003065,LOAN_00003065,225154,279367,30,Good,Access Bank,Abuja,9.281384005662073,3.499238800263856,Permanent,HND/BSc,7.0,482420.0,68917.14285714286,106201.0,24780.0,87684.85714285714,137.14285714285714
CUST_003066,LOAN_00003066,22073,28541,60,Good,Access Bank,Calabar,11.49501163920965,11.657724992808204,Permanent,HND/BSc,2.0,22799.0,11399.5,12698.0,10101.0,15347.0,45.0
CUST_003067,LOAN_00003067,83095,99799,90,Good,GTBank,Benin City,4.650445381102164,3.7436520837529232,Permanent,Masters,2.0,420994.0,210497.0,266876.0,154118.0,246418.0,75.0
CUST_003068,LOAN_00003068,106433,132771,60,Good,UBA,Kaduna,10.216309355492491,8.619462812074413,Permanent,HND/BSc,1.0,78072.0,78072.0,78072.0,78072.0,101955.0,60.0
CUST_003069,LOAN_00003069,36742,48756,90,Good,Zenith Bank,Kaduna,8.806249573462459,12.93205362683033,Permanent,Masters,2.0,232355.0,116177.5,143453.0,88902.0,151887.5,60.0
CUST_003070,LOAN_00003070,127100,170195,180,Bad,Access Bank,Lagos,7.412447775819491,8.414583759340754,Permanent,Masters,5.0,200099.0,40019.8,64063.0,20182.0,52429.2,96.0
CUST_003071,LOAN_00003071,225944,291148,60,Bad,GTBank,Abuja,7.062474840106278,4.789076985218973,Self-Employed,Secondary,3.0,460237.0,153412.33333333334,219335.0,48405.0,192415.33333333334,80.0
CUST_003072,LOAN_00003072,73351,89404,30,Good,Stanbic IBTC,Kano,9.587493694967735,14.820406140071515,Permanent,HND/BSc,3.0,101305.0,33768.333333333336,37303.0,27632.0,41465.666666666664,80.0
CUST_003073,LOAN_00003073,43527,57295,60,Bad,First Bank,Kano,12.018958371798384,13.67142554489116,Self-Employed,,3.0,308289.0,102763.0,206333.0,39205.0,134426.0,180.0
CUST_003074,LOAN_00003074,50162,60780,90,Good,Fidelity Bank,Port Harcourt,8.465583334910036,12.255763598700169,Permanent,,2.0,128223.0,64111.5,123223.0,5000.0,84293.5,105.0
CUST_003075,LOAN_00003075,320406,394268,180,Good,Fidelity Bank,Kaduna,11.42250847669228,7.938139234790524,Contract,Secondary,3.0,84625.0,28208.333333333332,53558.0,7940.0,34719.0,30.0
CUST_003076,LOAN_00003076,162304,213636,180,Bad,Zenith Bank,Jos,7.619407436595708,5.206148722671573,Contract,Secondary,3.0,100883.0,33627.666666666664,41922.0,28059.0,41141.666666666664,110.0
CUST_003077,LOAN_00003077,159324,211770,90,Bad,Access Bank,Abuja,4.921550165138589,14.296934177022017,Temporary,Secondary,1.0,103134.0,103134.0,103134.0,103134.0,122425.0,180.0
CUST_003078,LOAN_00003078,77307,103122,60,Good,Fidelity Bank,Kano,4.553551628127747,9.388213518205667,Self-Employed,HND/BSc,4.0,100639.0,25159.75,41711.0,11293.0,31884.75,135.0
CUST_003079,LOAN_00003079,37251,46158,365,Good,UBA,Port Harcourt,4.462009341913098,13.22826552464982,Contract,HND/BSc,7.0,391006.0,55858.0,201938.0,5294.0,71164.14285714286,90.0
CUST_003080,LOAN_00003080,122567,159662,30,Good,Fidelity Bank,Abuja,7.42135127761903,7.105140069113109,Self-Employed,HND/BSc,2.0,24198.0,12099.0,19198.0,5000.0,15984.5,60.0
CUST_003081,LOAN_00003081,35503,47655,30,Good,Fidelity Bank,Enugu,7.035139757522579,7.023459804953648,Permanent,Masters,2.0,211035.0,105517.5,175126.0,35909.0,144977.5,120.0
CUST_003082,LOAN_00003082,66682,86693,180,Good,Fidelity Bank,Kano,10.461433212603126,14.82648576808847,Contract,HND/BSc,3.0,308186.0,102728.66666666667,204602.0,20900.0,121792.33333333333,50.0
CUST_003083,LOAN_00003083,37039,43682,365,Good,Union Bank,Enugu,10.685393514263792,9.261996581938195,Permanent,Masters,2.0,24681.0,12340.5,17820.0,6861.0,14399.0,45.0
CUST_003084,LOAN_00003084,47483,56933,30,Good,GTBank,Abuja,4.457685719503658,4.688345086328956,Permanent,Secondary,2.0,151737.0,75868.5,143888.0,7849.0,92746.5,180.0
CUST_003085,LOAN_00003085,25169,33837,60,Good,Access Bank,Kano,5.990109366001135,5.636096135936489,Permanent,Secondary,3.0,111288.0,37096.0,75821.0,7426.0,48057.333333333336,90.0
CUST_003086,LOAN_00003086,40959,53161,60,Good,UBA,Enugu,6.468356651430097,8.783331352712649,Self-Employed,HND/BSc,1.0,14884.0,14884.0,14884.0,14884.0,19588.0,90.0
CUST_003087,LOAN_00003087,73085,97084,90,Good,Access Bank,Ibadan,8.928507857285286,3.509650925860936,Contract,Secondary,4.0,253011.0,63252.75,107238.0,22565.0,77612.0,150.0
CUST_003088,LOAN_00003088,183037,214045,60,Good,Union Bank,Port Harcourt,5.300637015162552,8.550407824539606,Self-Employed,HND/BSc,1.0,57261.0,57261.0,57261.0,57261.0,69507.0,60.0
CUST_003089,LOAN_00003089,113035,138372,90,Good,Zenith Bank,Jos,5.205470974600003,8.027290104961532,Contract,Masters,0.0,0.0,0.0,0.0,0.0,0.0,0.0
CUST_003090,LOAN_00003090,27632,35093,365,Bad,Zenith Bank,Kaduna,12.494100002871622,12.352035183833843,Permanent,Secondary,1.0,119554.0,119554.0,119554.0,119554.0,140238.0,30.0
CUST_003091,LOAN_00003091,29185,35216,90,Good,Zenith Bank,Port Harcourt,11.23782616568003,7.259303573870901,Self-Employed,Masters,3.0,219952.0,73317.33333333333,77191.0,65987.0,87909.0,100.0
CUST_003092,LOAN_00003092,239468,311364,60,Bad,Stanbic IBTC,Enugu,5.625894118820533,14.790585138475192,Self-Employed,HND/BSc,4.0,74211.0,18552.75,38360.0,5000.0,22836.25,75.0
CUST_003093,LOAN_00003093,43772,58227,30,Bad,Fidelity Bank,Kano,7.659110271149419,5.169239031610838,Temporary,Secondary,5.0,372439.0,74487.8,141721.0,5000.0,96793.0,120.0
CUST_003094,LOAN_00003094,73884,86789,30,Good,Stanbic IBTC,Ibadan,7.20059799331809,10.09184021961762,Contract,HND/BSc,5.0,300906.0,60181.2,169010.0,20575.0,72995.4,90.0
CUST_003095,LOAN_00003095,133217,160746,60,Bad,GTBank,Ibadan,11.119036666588666,4.076391564099056,Self-Employed,Masters,1.0,51414.0,51414.0,51414.0,51414.0,60658.0,30.0
CUST_003096,LOAN_00003096,89132,106089,60,Good,Zenith Bank,Kaduna,8.591916248303098,11.806367807927783,Self-Employed,HND/BSc,2.0,195962.0,97981.0,190508.0,5454.0,118865.0,60.0
CUST_003097,LOAN_00003097,27628,32046,90,Good,Union Bank,Ibadan,5.150647632941203,14.937044256743658,Permanent,HND/BSc,6.0,193252.0,32208.666666666668,73628.0,9690.0,40996.5,115.0
CUST_003098,LOAN_00003098,57356,77238,180,Good,UBA,Port Harcourt,10.650928568406195,12.829663653019589,Permanent,PhD,5.0,284594.0,56918.8,159607.0,19240.0,70122.6,66.0
CUST_003099,LOAN_00003099,37091,42954,30,Good,Access Bank,Calabar,7.57199180402427,9.668442488643617,Permanent,Masters,2.0,60688.0,30344.0,30629.0,30059.0,35889.5,105.0
CUST_003100,LOAN_00003100,20190,25023,60,Good,Fidelity Bank,Ibadan,6.366318228689323,8.816896288796304,Permanent,Secondary,0.0,0.0,0.0,0.0,0.0,0.0,0.0
CUST_003101,LOAN_00003101,44146,51685,90,Good,First Bank,Kaduna,7.379487598186481,13.020359535202164,Contract,Masters,1.0,13680.0,13680.0,13680.0,13680.0,17022.0,90.0
CUST_003102,LOAN_00003102,111200,145942,180,Bad,UBA,Ibadan,8.479809072462068,14.23168901652869,Temporary,HND/BSc,2.0,32297.0,16148.5,27297.0,5000.0,21887.0,90.0
CUST_003103,LOAN_00003103,52518,62920,180,Good,Fidelity Bank,Ibadan,7.088039647753085,14.870478309577116,Contract,Masters,7.0,204362.0,29194.571428571428,62609.0,13433.0,37217.0,94.28571428571429
CUST_003104,LOAN_00003104,13522,17071,60,Good,Stanbic IBTC,Benin City,6.17715195332582,7.758470730773809,Self-Employed,HND/BSc,1.0,44488.0,44488.0,44488.0,44488.0,57632.0,30.0
CUST_003105,LOAN_00003105,57917,66633,30,Good,Stanbic IBTC,Port Harcourt,7.586518259235823,14.891009697534148,Self-Employed,Secondary,8.0,427866.0,53483.25,135743.0,7678.0,66662.875,86.25
CUST_003106,LOAN_00003106,31788,36706,90,Good,UBA,Enugu,4.172556196749084,4.8711150260859775,Permanent,HND/BSc,1.0,56853.0,56853.0,56853.0,56853.0,67242.0,90.0
CUST_003107,LOAN_00003107,225213,296151,60,Bad,Stanbic IBTC,Lagos,10.952480614866824,6.04259731118291,Permanent,HND/BSc,3.0,178981.0,59660.333333333336,122961.0,24726.0,79719.33333333333,90.0
CUST_003108,LOAN_00003108,36395,45032,30,Good,Zenith Bank,Calabar,5.538504042108272,4.068193496806755,Contract,HND/BSc,3.0,130221.0,43407.0,70577.0,25802.0,54098.666666666664,110.0
CUST_003109,LOAN_00003109,74892,100964,30,Good,GTBank,Ibadan,4.395141522675735,6.26086219781378,Self-Employed,Masters,3.0,175513.0,58504.333333333336,150825.0,9564.0,73174.66666666667,130.0
CUST_003110,LOAN_00003110,22757,29610,180,Bad,Access Bank,Jos,9.883288236145711,12.215250619416134,Temporary,Masters,6.0,307599.0,51266.5,165943.0,15819.0,63473.166666666664,130.0
CUST_003111,LOAN_00003111,98986,124004,90,Good,GTBank,Ibadan,10.965425159413051,13.235092298141396,Permanent,HND/BSc,0.0,0.0,0.0,0.0,0.0,0.0,0.0
CUST_003112,LOAN_00003112,22280,28815,30,Good,Fidelity Bank,Benin City,11.324462184335587,12.34671174123086,Self-Employed,HND/BSc,3.0,185836.0,61945.333333333336,84408.0,46351.0,83214.66666666667,60.0
CUST_003113,LOAN_00003113,92139,107290,90,Good,Access Bank,Enugu,8.441582643945399,10.572789338012356,Permanent,HND/BSc,2.0,28976.0,14488.0,20615.0,8361.0,19241.5,105.0
CUST_003114,LOAN_00003114,33081,40844,180,Good,Union Bank,Jos,5.848313662209868,9.167598150271749,Self-Employed,HND/BSc,2.0,131718.0,65859.0,109354.0,22364.0,85684.0,135.0
CUST_003115,LOAN_00003115,146176,189007,60,Bad,Access Bank,Calabar,10.63504909524844,11.504451470563758,Contract,,5.0,426185.0,85237.0,232465.0,20079.0,108252.6,102.0
CUST_003116,LOAN_00003116,196103,252890,90,Good,GTBank,Jos,10.297417694389036,7.690002591206662,Permanent,HND/BSc,7.0,381582.0,54511.71428571428,127884.0,18151.0,68792.57142857143,94.28571428571429
CUST_003117,LOAN_00003117,51181,63498,90,Good,UBA,Port Harcourt,6.216436606928559,13.095700217996422,Permanent,Secondary,1.0,53116.0,53116.0,53116.0,53116.0,73731.0,180.0
CUST_003118,LOAN_00003118,75913,101041,90,Bad,Access Bank,Kaduna,12.130669802765135,11.126281127721423,Permanent,HND/BSc,1.0,6959.0,6959.0,6959.0,6959.0,9199.0,60.0
CUST_003119,LOAN_00003119,122901,149190,60,Bad,Union Bank,Kaduna,4.939343122745461,11.373656381932902,Permanent,HND/BSc,2.0,78963.0,39481.5,61992.0,16971.0,54174.0,135.0
CUST_003120,LOAN_00003120,122943,162893,365,Bad,Union Bank,Calabar,12.844194156321931,9.431231917548857,Self-Employed,HND/BSc,2.0,181631.0,90815.5,120283.0,61348.0,124185.5,60.0
CUST_003121,LOAN_00003121,60270,74528,30,Good,Union Bank,Enugu,11.742230298797182,13.62274781053407,Permanent,HND/BSc,6.0,347281.0,57880.166666666664,101603.0,11383.0,69581.83333333333,75.0
CUST_003122,LOAN_00003122,126638,168143,90,Good,GTBank,Kaduna,10.191087809311677,6.024176804148629,Contract,Secondary,8.0,319455.0,39931.875,129538.0,16334.0,52269.125,86.25
CUST_003123,LOAN_00003123,126689,150817,30,Good,Access Bank,Abuja,12.448748994518496,7.573771840332609,Permanent,Secondary,1.0,85089.0,85089.0,85089.0,85089.0,111722.0,30.0
CUST_003124,LOAN_00003124,59200,78367,365,Good,First Bank,Benin City,10.50080051491337,12.331710836132268,Self-Employed,HND/BSc,2.0,116655.0,58327.5,74725.0,41930.0,78409.5,45.0
CUST_003125,LOAN_00003125,17107,22611,30,Good,UBA,Calabar,5.714112973270414,8.912986753552053,Self-Employed,HND/BSc,2.0,138331.0,69165.5,100920.0,37411.0,89913.0,105.0
CUST_003126,LOAN_00003126,238948,280924,90,Bad,Zenith Bank,Calabar,7.9794052430153055,13.67056816109029,Self-Employed,Secondary,2.0,36062.0,18031.0,20652.0,15410.0,23116.0,45.0
CUST_003127,LOAN_00003127,39823,52774,180,Good,Access Bank,Lagos,4.643527218984718,7.156791837154228,Contract,Masters,7.0,453125.0,64732.142857142855,112794.0,14490.0,84694.85714285714,81.42857142857143
CUST_003128,LOAN_00003128,143612,182518,60,Good,Union Bank,Lagos,7.5069168005930385,7.4319620258357375,Permanent,HND/BSc,7.0,361303.0,51614.71428571428,138087.0,14536.0,66551.71428571429,68.57142857142857
CUST_003129,LOAN_00003129,22741,26546,365,Bad,First Bank,Port Harcourt,10.67442717763488,13.664829472639504,Self-Employed,PhD,1.0,28463.0,28463.0,28463.0,28463.0,38591.0,60.0
CUST_003130,LOAN_00003130,24490,31917,60,Good,Zenith Bank,Port Harcourt,7.477990158377357,8.572443842184493,Permanent,Secondary,3.0,77270.0,25756.666666666668,36651.0,18059.0,32567.666666666668,80.0
CUST_003131,LOAN_00003131,51588,60908,365,Good,Zenith Bank,Lagos,6.972647579213207,9.19349501042984,Permanent,Secondary,5.0,449247.0,89849.4,134214.0,70362.0,114701.4,78.0
CUST_003132,LOAN_00003132,39065,51888,90,Good,Fidelity Bank,Kaduna,9.358201502592806,6.993164584028152,Permanent,HND/BSc,5.0,288499.0,57699.8,87751.0,13950.0,71598.0,84.0
CUST_003133,LOAN_00003133,190135,252045,90,Bad,Access Bank,Kano,11.849840760990055,6.320039306148983,Self-Employed,Secondary,5.0,172756.0,34551.2,112330.0,9009.0,41633.0,78.0
CUST_003134,LOAN_00003134,31415,41529,60,Good,GTBank,Calabar,4.428248732915012,10.871384530060704,Self-Employed,PhD,3.0,92517.0,30839.0,54012.0,10150.0,36913.666666666664,60.0
CUST_003135,LOAN_00003135,47463,62101,30,Good,Access Bank,Abuja,7.469233912297619,4.438087938494446,Self-Employed,Secondary,5.0,212606.0,42521.2,98683.0,10781.0,57030.2,102.0
CUST_003136,LOAN_00003136,23247,27355,180,Good,First Bank,Calabar,5.424166676337364,13.551271694194911,Contract,HND/BSc,2.0,134549.0,67274.5,92683.0,41866.0,88365.0,105.0
CUST_003137,LOAN_00003137,158027,184648,30,Good,Zenith Bank,Ibadan,10.258188256586829,12.350437641181294,Permanent,PhD,3.0,262682.0,87560.66666666667,213881.0,14323.0,120539.0,100.0
CUST_003138,LOAN_00003138,82188,98683,60,Bad,Access Bank,Enugu,4.951521043880214,5.288979164469634,Temporary,HND/BSc,4.0,321426.0,80356.5,224223.0,11484.0,105220.25,82.5
CUST_003139,LOAN_00003139,204371,253471,180,Bad,GTBank,Benin City,9.983269827222202,11.328239349894783,Contract,Secondary,6.0,211914.0,35319.0,81420.0,11189.0,44914.5,75.0
CUST_003140,LOAN_00003140,58434,69791,90,Good,Fidelity Bank,Kano,6.575627837181166,10.231595055427618,Contract,HND/BSc,0.0,0.0,0.0,0.0,0.0,0.0,0.0
CUST_003141,LOAN_00003141,25504,31687,180,Good,Access Bank,Abuja,5.790251323635022,5.214420608839729,Contract,HND/BSc,2.0,60716.0,30358.0,37364.0,23352.0,38966.5,45.0
CUST_003142,LOAN_00003142,83902,98312,90,Bad,UBA,Ibadan,12.427173020424869,6.27844207260279,Permanent,Secondary,2.0,154557.0,77278.5,97982.0,56575.0,101943.0,45.0
CUST_003143,LOAN_00003143,45031,54874,60,Good,Fidelity Bank,Port Harcourt,4.166721190713603,7.907838044806013,Permanent,HND/BSc,7.0,119511.0,17073.0,33361.0,6551.0,22091.571428571428,85.71428571428571
CUST_003144,LOAN_00003144,111995,140519,180,Bad,GTBank,Abuja,7.939995447006121,11.390912822945689,Contract,Masters,3.0,363467.0,121155.66666666667,169048.0,35217.0,149610.33333333334,130.0
CUST_003145,LOAN_00003145,10000,13382,180,Good,First Bank,Lagos,4.194642932156144,10.664680905804072,Permanent,Masters,7.0,560455.0,80065.0,282819.0,15123.0,102159.57142857143,128.57142857142858
CUST_003146,LOAN_00003146,22398,27223,60,Good,Zenith Bank,Calabar,8.352337432938961,9.386818172120377,Permanent,Secondary,7.0,598433.0,85490.42857142857,258085.0,12979.0,111763.57142857143,107.14285714285714
CUST_003147,LOAN_00003147,45905,56458,30,Good,Access Bank,Abuja,8.509426400149763,12.220926517368412,Self-Employed,Secondary,2.0,444715.0,222357.5,428929.0,15786.0,286956.5,30.0
CUST_003148,LOAN_00003148,28710,34281,60,Good,GTBank,Enugu,6.894962242552723,12.095252875273992,Contract,Secondary,3.0,131881.0,43960.333333333336,90939.0,13775.0,52387.666666666664,90.0
CUST_003149,LOAN_00003149,128257,164791,180,Good,Fidelity Bank,Jos,5.189455997725213,10.41430984874707,Contract,HND/BSc,3.0,289036.0,96345.33333333333,195560.0,33585.0,123904.66666666667,70.0
CUST_003150,LOAN_00003150,10000,13105,60,Good,UBA,Port Harcourt,7.387487839610278,12.443881000617903,Self-Employed,HND/BSc,4.0,309913.0,77478.25,126382.0,21257.0,101223.25,120.0
CUST_003151,LOAN_00003151,67624,88764,60,Good,GTBank,Benin City,10.050366459393096,7.01116049735051,Temporary,Masters,6.0,251769.0,41961.5,71174.0,5000.0,54139.166666666664,125.0
CUST_003152,LOAN_00003152,74590,86937,60,Good,Stanbic IBTC,Benin City,11.041562277800132,13.574994339871267,Permanent,Masters,4.0,190920.0,47730.0,72035.0,20042.0,61311.75,105.0
CUST_003153,LOAN_00003153,116477,156464,60,Bad,Union Bank,Abuja,8.77675542149328,10.378921029623289,Self-Employed,Secondary,5.0,248028.0,49605.6,138746.0,15597.0,64658.8,90.0
CUST_003154,LOAN_00003154,31937,40706,30,Good,UBA,Jos,9.3085095499578,12.868362165749168,Contract,HND/BSc,2.0,86071.0,43035.5,45954.0,40117.0,55105.5,105.0
CUST_003155,LOAN_00003155,212103,263921,60,Bad,Fidelity Bank,Calabar,5.8055473401218745,9.555349257483408,Permanent,Secondary,1.0,30369.0,30369.0,30369.0,30369.0,36374.0,30.0
CUST_003156,LOAN_00003156,72154,96048,60,Good,First Bank,Ibadan,6.585972999048845,5.621258939864164,Permanent,Secondary,4.0,241898.0,60474.5,166810.0,5000.0,76060.25,105.0
CUST_003157,LOAN_00003157,117829,146002,30,Bad,Zenith Bank,Kano,5.457060490471226,9.508921544139705,Contract,Secondary,1.0,8355.0,8355.0,8355.0,8355.0,10928.0,60.0
CUST_003158,LOAN_00003158,46858,56434,60,Bad,Fidelity Bank,Calabar,6.243658150041502,7.453339965319057,Self-Employed,Secondary,7.0,417557.0,59651.0,146681.0,10074.0,73676.0,90.0
CUST_003159,LOAN_00003159,327010,394723,30,Good,Union Bank,Ibadan,6.023981022029786,11.369988432445131,Permanent,HND/BSc,2.0,327811.0,163905.5,292831.0,34980.0,194054.5,45.0
CUST_003160,LOAN_00003160,31618,36783,60,Good,First Bank,Kano,8.675039077521138,8.709525500816829,Contract,HND/BSc,4.0,327476.0,81869.0,255648.0,8122.0,109433.5,82.5
CUST_003161,LOAN_00003161,22664,28671,90,Good,Access Bank,Jos,9.064198802116564,13.033353659132253,Self-Employed,Secondary,3.0,74260.0,24753.333333333332,32535.0,11904.0,32030.0,120.0
CUST_003162,LOAN_00003162,10000,11536,60,Good,GTBank,Kano,12.50452678739354,11.136870147863,Contract,,3.0,205352.0,68450.66666666667,102071.0,32146.0,91657.0,80.0
CUST_003163,LOAN_00003163,97220,130040,60,Bad,Stanbic IBTC,Calabar,5.760135823913707,11.214533196375887,Self-Employed,HND/BSc,0.0,0.0,0.0,0.0,0.0,0.0,0.0
CUST_003164,LOAN_00003164,98370,123331,60,Bad,UBA,Enugu,9.775081391453464,5.60586400189278,Self-Employed,Secondary,2.0,164843.0,82421.5,155157.0,9686.0,101948.5,60.0
CUST_003165,LOAN_00003165,32232,39605,365,Good,UBA,Abuja,11.355333420887709,14.810997197895484,Contract,Secondary,1.0,49296.0,49296.0,49296.0,49296.0,67419.0,60.0
CUST_003166,LOAN_00003166,69832,82308,180,Bad,GTBank,Ibadan,9.042173174047472,13.100102511257866,Temporary,HND/BSc,3.0,117916.0,39305.333333333336,61567.0,20580.0,49880.666666666664,60.0
CUST_003167,LOAN_00003167,152075,185181,90,Good,Stanbic IBTC,Enugu,6.295032872509681,12.468058614728337,Permanent,,1.0,350294.0,350294.0,350294.0,350294.0,423695.0,90.0
CUST_003168,LOAN_00003168,31142,37342,90,Good,GTBank,Ibadan,6.362952070180002,6.962582701920329,Permanent,HND/BSc,1.0,62888.0,62888.0,62888.0,62888.0,73881.0,30.0
CUST_003169,LOAN_00003169,30299,36194,60,Good,Access Bank,Abuja,4.353277477638999,9.427579834166783,Permanent,PhD,4.0,157594.0,39398.5,66589.0,14669.0,52145.25,105.0
CUST_003170,LOAN_00003170,10000,11899,60,Good,Union Bank,Kaduna,6.748998038936335,4.645238256891943,Contract,HND/BSc,6.0,187951.0,31325.166666666668,80106.0,5068.0,40567.0,100.0
CUST_003171,LOAN_00003171,21204,27785,90,Good,First Bank,Kano,10.701433111030422,9.461711719952472,Contract,HND/BSc,2.0,73228.0,36614.0,48455.0,24773.0,44489.5,180.0
CUST_003172,LOAN_00003172,81304,106106,180,Bad,Fidelity Bank,Jos,4.427659814863993,4.750670957799447,Contract,HND/BSc,3.0,199735.0,66578.33333333333,106185.0,13730.0,87209.66666666667,90.0
CUST_003173,LOAN_00003173,120708,159924,60,Good,UBA,Kaduna,5.973657542543476,9.636454127875217,Permanent,HND/BSc,3.0,219191.0,73063.66666666667,101463.0,50945.0,98672.0,90.0
CUST_003174,LOAN_00003174,83360,100592,90,Good,Access Bank,Kaduna,10.356092486786038,10.784662561858868,Permanent,HND/BSc,1.0,29568.0,29568.0,29568.0,29568.0,38785.0,90.0
CUST_003175,LOAN_00003175,30689,39736,30,Good,First Bank,Benin City,11.04386406540589,7.682351606998829,Self-Employed,Masters,4.0,153722.0,38430.5,61505.0,23630.0,50338.5,75.0
CUST_003176,LOAN_00003176,14947,17518,90,Good,Access Bank,Lagos,8.097865690557356,8.982538539975518,Self-Employed,Secondary,4.0,129480.0,32370.0,51431.0,12484.0,39198.0,112.5
CUST_003177,LOAN_00003177,33145,43800,90,Good,Stanbic IBTC,Calabar,10.28266904630784,13.50784065209503,Self-Employed,HND/BSc,1.0,13625.0,13625.0,13625.0,13625.0,15780.0,60.0
CUST_003178,LOAN_00003178,46097,60021,60,Good,UBA,Enugu,7.491569517894028,4.302757736433712,Self-Employed,HND/BSc,6.0,254855.0,42475.833333333336,72119.0,13916.0,55177.0,60.0
CUST_003179,LOAN_00003179,45370,56899,180,Good,Fidelity Bank,Enugu,5.439219205217148,12.500794715995834,Contract,HND/BSc,6.0,89567.0,14927.833333333334,27305.0,5000.0,19505.166666666668,60.0
CUST_003180,LOAN_00003180,131317,161276,30,Bad,GTBank,Enugu,7.583345441706159,5.049054611954357,Permanent,Secondary,1.0,17562.0,17562.0,17562.0,17562.0,20224.0,180.0
CUST_003181,LOAN_00003181,24445,32662,30,Good,GTBank,Enugu,9.219710381828286,3.4404957936555407,Contract,HND/BSc,1.0,37542.0,37542.0,37542.0,37542.0,51015.0,30.0
CUST_003182,LOAN_00003182,30190,37404,60,Good,First Bank,Calabar,12.532479536676012,5.226895232940573,Self-Employed,HND/BSc,3.0,122854.0,40951.333333333336,52796.0,31463.0,51384.333333333336,110.0
CUST_003183,LOAN_00003183,22342,28917,60,Good,Fidelity Bank,Kaduna,4.618758568798096,12.180518279645876,Contract,HND/BSc,4.0,199066.0,49766.5,112137.0,14555.0,63015.5,37.5
CUST_003184,LOAN_00003184,16360,20018,60,Good,Union Bank,Calabar,8.566546844604645,7.86151288004232,Permanent,Masters,5.0,342218.0,68443.6,122690.0,27279.0,86815.0,102.0
CUST_003185,LOAN_00003185,114660,139257,60,Bad,Zenith Bank,Enugu,6.960278003896519,13.470246202154184,Temporary,Masters,2.0,94700.0,47350.0,78993.0,15707.0,57962.5,90.0
CUST_003186,LOAN_00003186,30059,39341,30,Good,Stanbic IBTC,Lagos,8.57480524849025,9.29649049418719,Self-Employed,HND/BSc,6.0,1017608.0,169601.33333333334,479678.0,14255.0,212352.16666666666,95.0
CUST_003187,LOAN_00003187,21836,27807,90,Good,First Bank,Port Harcourt,4.215779026388785,3.2670042231159715,Permanent,,8.0,810146.0,101268.25,487117.0,5000.0,136092.875,108.75
CUST_003188,LOAN_00003188,33496,42956,90,Good,Zenith Bank,Abuja,6.817228192314232,11.600563315223122,Contract,Masters,4.0,307486.0,76871.5,170845.0,22114.0,101999.5,67.5
CUST_003189,LOAN_00003189,34593,44837,30,Good,Access Bank,Enugu,11.378813327743046,4.322794904654792,Temporary,Secondary,3.0,50400.0,16800.0,28440.0,10980.0,21560.666666666668,90.0
CUST_003190,LOAN_00003190,100146,122223,60,Good,Stanbic IBTC,Jos,8.985475604691738,12.472555601543093,Permanent,Secondary,6.0,558242.0,93040.33333333333,244114.0,23287.0,117684.0,125.0
CUST_003191,LOAN_00003191,55054,69918,60,Good,Access Bank,Port Harcourt,8.055242435345058,5.01723059766216,Contract,HND/BSc,2.0,121028.0,60514.0,76063.0,44965.0,81133.5,45.0
CUST_003192,LOAN_00003192,153327,195600,30,Good,Union Bank,Calabar,6.569725645438057,7.1453566296661615,Contract,HND/BSc,2.0,45213.0,22606.5,30146.0,15067.0,26506.0,60.0
CUST_003193,LOAN_00003193,41910,54312,90,Good,Fidelity Bank,Jos,6.682382705122203,12.135257155504323,Contract,Masters,1.0,25899.0,25899.0,25899.0,25899.0,30471.0,60.0
CUST_003194,LOAN_00003194,71614,90323,30,Good,UBA,Jos,7.44791290231526,14.45077628971706,Self-Employed,Masters,8.0,822099.0,102762.375,302060.0,10078.0,125648.0,101.25
CUST_003195,LOAN_00003195,81280,107652,60,Good,Stanbic IBTC,Ibadan,11.520136389681044,7.457207407760788,Permanent,Masters,3.0,139649.0,46549.666666666664,72832.0,24555.0,60642.666666666664,100.0
CUST_003196,LOAN_00003196,20487,26663,90,Good,Zenith Bank,Jos,12.704918861274416,12.95280264238723,Permanent,Secondary,0.0,0.0,0.0,0.0,0.0,0.0,0.0
CUST_003197,LOAN_00003197,46693,59540,90,Good,Union Bank,Enugu,7.947898432153371,5.289507185710065,Permanent,HND/BSc,1.0,17136.0,17136.0,17136.0,17136.0,22572.0,90.0
CUST_003198,LOAN_00003198,168264,204153,30,Bad,UBA,Ibadan,7.540175548729857,12.686157242429893,Permanent,Secondary,4.0,179328.0,44832.0,71069.0,16690.0,56023.0,97.5
CUST_003199,LOAN_00003199,63704,77478,180,Bad,GTBank,Benin City,11.618956982378766,10.889928711075012,Contract,Secondary,7.0,266223.0,38031.857142857145,74202.0,19550.0,46862.57142857143,72.85714285714286
CUST_003200,LOAN_00003200,79769,101282,90,Bad,Zenith Bank,Kaduna,7.842147885726733,5.312922086548421,Self-Employed,HND/BSc,1.0,80379.0,80379.0,80379.0,80379.0,102822.0,30.0
CUST_003201,LOAN_00003201,37371,45009,30,Good,First Bank,Jos,8.968163550660861,6.630047524216939,Permanent,Secondary,0.0,0.0,0.0,0.0,0.0,0.0,0.0
CUST_003202,LOAN_00003202,131877,153458,90,Good,GTBank,Lagos,6.0784749813887,4.5812506631644325,Contract,HND/BSc,6.0,183765.0,30627.5,71433.0,8243.0,40378.5,100.0
CUST_003203,LOAN_00003203,250057,297958,90,Bad,Union Bank,Abuja,10.691522822011676,7.59560413277176,Self-Employed,HND/BSc,2.0,48523.0,24261.5,43523.0,5000.0,31681.0,45.0
CUST_003204,LOAN_00003204,32531,43707,30,Good,GTBank,Jos,8.787894864437037,5.443783693479329,Permanent,Masters,7.0,214525.0,30646.428571428572,115710.0,5000.0,39132.0,90.0
CUST_003205,LOAN_00003205,34690,42558,60,Good,First Bank,Benin City,11.281310952163077,10.727975443565684,Contract,Secondary,1.0,13965.0,13965.0,13965.0,13965.0,18692.0,30.0
CUST_003206,LOAN_00003206,41113,49552,60,Good,Stanbic IBTC,Kano,11.026594570258029,14.934061250646703,Self-Employed,Masters,6.0,583038.0,97173.0,251510.0,7634.0,123536.33333333333,80.0
CUST_003207,LOAN_00003207,23312,27054,60,Good,GTBank,Calabar,5.935042914430257,3.1441099570111697,Contract,,3.0,214017.0,71339.0,159319.0,24101.0,94182.33333333333,80.0
CUST_003208,LOAN_00003208,47634,60891,30,Good,Fidelity Bank,Calabar,10.440719955019862,9.491037759447584,Permanent,Masters,1.0,20579.0,20579.0,20579.0,20579.0,26880.0,30.0
CUST_003209,LOAN_00003209,97461,129020,60,Good,Zenith Bank,Benin City,11.200489671562345,9.883999170588115,Contract,Masters,4.0,331624.0,82906.0,212402.0,12567.0,108478.25,97.5
CUST_003210,LOAN_00003210,10000,12448,30,Good,UBA,Kano,7.114965167041556,13.970505476169745,Temporary,HND/BSc,7.0,199631.0,28518.714285714286,52234.0,9978.0,36128.857142857145,124.28571428571429
CUST_003211,LOAN_00003211,123306,154400,60,Good,GTBank,Calabar,5.553482016120471,9.07206401720325,Contract,HND/BSc,3.0,223923.0,74641.0,83803.0,58448.0,95220.66666666667,100.0
CUST_003212,LOAN_00003212,62507,83434,60,Bad,Zenith Bank,Calabar,4.023689400216294,9.52441703573901,Permanent,Masters,0.0,0.0,0.0,0.0,0.0,0.0,0.0
CUST_003213,LOAN_00003213,112228,138008,60,Good,Access Bank,Calabar,8.058132877838332,8.659833615940663,Contract,Masters,2.0,45599.0,22799.5,31114.0,14485.0,30208.0,45.0
CUST_003214,LOAN_00003214,29749,36846,90,Good,Zenith Bank,Benin City,7.171894583849574,6.226851654737777,Permanent,HND/BSc,3.0,136528.0,45509.333333333336,94269.0,10470.0,57863.0,70.0
CUST_003215,LOAN_00003215,93756,114288,60,Good,UBA,Kaduna,8.994188504428681,3.672349598986964,Contract,Masters,5.0,149891.0,29978.2,43035.0,18730.0,39418.0,144.0
CUST_003216,LOAN_00003216,18267,24322,60,Good,Zenith Bank,Abuja,5.692369833299072,7.903892186518034,Permanent,HND/BSc,2.0,34534.0,17267.0,18492.0,16042.0,21232.0,75.0
CUST_003217,LOAN_00003217,290643,380499,180,Bad,First Bank,Benin City,11.736989928998277,3.6310976548881424,Permanent,Secondary,3.0,244019.0,81339.66666666667,126746.0,32187.0,102967.66666666667,60.0
CUST_003218,LOAN_00003218,511614,681221,30,Good,Union Bank,Kano,6.319796940652987,9.605909633591011,Contract,HND/BSc,1.0,21944.0,21944.0,21944.0,21944.0,26290.0,30.0
CUST_003219,LOAN_00003219,20674,26978,30,Good,UBA,Jos,6.03786644578885,6.687523718907517,Permanent,Secondary,3.0,165285.0,55095.0,65818.0,41808.0,73509.66666666667,140.0
CUST_003220,LOAN_00003220,53546,63195,60,Good,Union Bank,Kaduna,8.326426508359203,9.403228818305134,Contract,HND/BSc,3.0,305382.0,101794.0,200568.0,9504.0,135479.0,110.0
CUST_003221,LOAN_00003221,13475,16798,30,Good,Stanbic IBTC,Kaduna,8.489659213698468,4.61156357274224,Permanent,Secondary,2.0,67429.0,33714.5,60035.0,7394.0,42869.5,180.0
CUST_003222,LOAN_00003222,12067,15477,60,Good,Union Bank,Jos,5.935767059065835,14.191559588872316,Permanent,HND/BSc,5.0,268632.0,53726.4,162946.0,10008.0,68412.4,84.0
CUST_003223,LOAN_00003223,174418,203489,365,Bad,Access Bank,Lagos,6.446746540533242,13.734254922599218,Self-Employed,Masters,1.0,54936.0,54936.0,54936.0,54936.0,67082.0,90.0
CUST_003224,LOAN_00003224,22111,29399,365,Good,First Bank,Ibadan,5.527347152397205,5.279958110427414,Temporary,HND/BSc,4.0,212785.0,53196.25,103275.0,16922.0,70800.0,67.5
CUST_003225,LOAN_00003225,63198,76105,60,Bad,Stanbic IBTC,Abuja,10.4661416049085,7.121331399528119,Permanent,Secondary,2.0,116447.0,58223.5,103390.0,13057.0,75080.0,75.0
CUST_003226,LOAN_00003226,50432,67702,90,Good,Zenith Bank,Abuja,10.930801281286737,10.361913262223757,Contract,HND/BSc,5.0,133527.0,26705.4,52308.0,11017.0,31884.0,84.0
CUST_003227,LOAN_00003227,21885,27170,60,Good,UBA,Lagos,8.160956477133544,4.148234487670875,Permanent,Secondary,2.0,25687.0,12843.5,20687.0,5000.0,15557.0,75.0
CUST_003228,LOAN_00003228,121160,139545,90,Good,Access Bank,Ibadan,10.426783204165158,7.254813853393809,Contract,HND/BSc,2.0,116834.0,58417.0,76380.0,40454.0,72074.5,120.0
CUST_003229,LOAN_00003229,105506,137960,365,Good,First Bank,Abuja,10.62341852743701,6.013347441828073,Contract,HND/BSc,3.0,125155.0,41718.333333333336,83127.0,10663.0,49488.0,60.0
CUST_003230,LOAN_00003230,22365,26311,30,Good,Stanbic IBTC,Kano,5.244479749100277,13.98620074460036,Permanent,PhD,5.0,372970.0,74594.0,99522.0,16915.0,96698.0,84.0
CUST_003231,LOAN_00003231,102244,127088,60,Bad,Stanbic IBTC,Port Harcourt,12.69560222351083,13.230127635470463,Self-Employed,Secondary,3.0,84647.0,28215.666666666668,35323.0,21961.0,37702.333333333336,50.0
CUST_003232,LOAN_00003232,66373,80952,60,Good,Access Bank,Port Harcourt,11.389287523867878,9.957992895202366,Permanent,HND/BSc,0.0,0.0,0.0,0.0,0.0,0.0,0.0
CUST_003233,LOAN_00003233,505528,635276,90,Good,Fidelity Bank,Abuja,5.840351150762412,9.24415604245889,Permanent,Masters,3.0,89887.0,29962.333333333332,52867.0,12713.0,39279.333333333336,50.0
CUST_003234,LOAN_00003234,27194,33134,365,Bad,Zenith Bank,Enugu,5.675485321714632,14.168709534544766,Self-Employed,,6.0,769130.0,128188.33333333333,458245.0,10143.0,157338.66666666666,90.0
CUST_003235,LOAN_00003235,218345,269627,30,Bad,Access Bank,Abuja,5.130950310216244,14.189133395745785,Self-Employed,Secondary,2.0,206556.0,103278.0,143660.0,62896.0,129573.0,75.0
CUST_003236,LOAN_00003236,33248,40554,60,Good,Stanbic IBTC,Jos,5.245407062877265,14.631961504219923,Contract,HND/BSc,1.0,72607.0,72607.0,72607.0,72607.0,96981.0,60.0
CUST_003237,LOAN_00003237,17025,20359,60,Good,GTBank,Jos,10.733456191258266,4.504546609298252,Contract,Secondary,4.0,136247.0,34061.75,47882.0,21919.0,43298.5,97.5
CUST_003238,LOAN_00003238,58454,74035,180,Good,First Bank,Ibadan,8.226888312564611,4.926693729158043,Contract,HND/BSc,2.0,45335.0,22667.5,38878.0,6457.0,31631.0,90.0
CUST_003239,LOAN_00003239,100611,130049,365,Good,Access Bank,Calabar,11.046407554658805,11.12084038415864,Contract,Secondary,1.0,10451.0,10451.0,10451.0,10451.0,12644.0,180.0
CUST_003240,LOAN_00003240,35315,46240,180,Good,Fidelity Bank,Kaduna,10.716294049151848,9.49721371931814,Permanent,Masters,0.0,0.0,0.0,0.0,0.0,0.0,0.0
CUST_003241,LOAN_00003241,37852,48736,90,Good,Stanbic IBTC,Kano,9.441514421546994,3.221590858718832,Contract,Secondary,1.0,32401.0,32401.0,32401.0,32401.0,38668.0,180.0
CUST_003242,LOAN_00003242,106442,130176,30,Good,Zenith Bank,Lagos,10.177299459208117,3.743700431874232,Contract,HND/BSc,2.0,64288.0,32144.0,49882.0,14406.0,38685.5,75.0
CUST_003243,LOAN_00003243,106166,133858,90,Good,Union Bank,Abuja,4.1652015194122765,13.656964587105662,Self-Employed,HND/BSc,8.0,370150.0,46268.75,137221.0,8703.0,57862.25,90.0
CUST_003244,LOAN_00003244,35301,45933,60,Bad,Stanbic IBTC,Calabar,6.805998821245198,13.426449546472636,Self-Employed,,0.0,0.0,0.0,0.0,0.0,0.0,0.0
CUST_003245,LOAN_00003245,27240,33255,60,Good,Zenith Bank,Calabar,9.740399613334692,7.287251063952542,Permanent,HND/BSc,3.0,90260.0,30086.666666666668,45962.0,17211.0,38378.666666666664,60.0
CUST_003246,LOAN_00003246,62991,74300,60,Good,Access Bank,Kano,4.084104581376198,13.692607403166416,Contract,Secondary,2.0,163118.0,81559.0,84638.0,78480.0,106284.5,105.0
CUST_003247,LOAN_00003247,26231,30331,90,Good,Zenith Bank,Lagos,4.29679249314334,10.124100892774822,Permanent,Secondary,2.0,69201.0,34600.5,43513.0,25688.0,47293.5,75.0
CUST_003248,LOAN_00003248,97991,117812,90,Bad,UBA,Jos,11.666991842233449,12.670867764226823,Contract,Secondary,1.0,108535.0,108535.0,108535.0,108535.0,126529.0,180.0
CUST_003249,LOAN_00003249,60962,75059,90,Good,UBA,Benin City,10.156223755228645,8.129172853922572,Contract,Masters,8.0,450554.0,56319.25,173893.0,5000.0,71513.625,108.75
CUST_003250,LOAN_00003250,48251,61912,90,Good,UBA,Kano,6.388327598083095,4.360779928138905,Self-Employed,HND/BSc,3.0,79545.0,26515.0,45565.0,9228.0,32975.333333333336,100.0
CUST_003251,LOAN_00003251,76822,96529,30,Good,Fidelity Bank,Calabar,10.191665561068382,8.204724751752195,Self-Employed,HND/BSc,5.0,286226.0,57245.2,97596.0,11121.0,73532.6,54.0
CUST_003252,LOAN_00003252,21800,28781,90,Good,Fidelity Bank,Port Harcourt,11.13211002225337,8.487597575962775,Self-Employed,Secondary,2.0,137357.0,68678.5,124138.0,13219.0,88666.0,105.0
CUST_003253,LOAN_00003253,102696,124673,30,Bad,GTBank,Abuja,6.761148547990912,9.611330326087236,Self-Employed,Masters,3.0,128465.0,42821.666666666664,56714.0,24250.0,57400.666666666664,100.0
CUST_003254,LOAN_00003254,10463,13956,60,Bad,Fidelity Bank,Ibadan,4.324336397492687,4.266992554853136,Temporary,HND/BSc,7.0,642700.0,91814.28571428571,472228.0,7501.0,123427.28571428571,124.28571428571429
CUST_003255,LOAN_00003255,10000,11782,60,Good,Union Bank,Port Harcourt,12.39501212218961,14.896822356595337,Contract,,4.0,208923.0,52230.75,92409.0,25554.0,65065.25,120.0
CUST_003256,LOAN_00003256,34133,42052,365,Bad,Access Bank,Calabar,7.106618544660675,5.929641849682876,Temporary,HND/BSc,5.0,123834.0,24766.8,39087.0,17205.0,32235.0,162.0
CUST_003257,LOAN_00003257,32947,41808,90,Good,Stanbic IBTC,Kaduna,4.958335869562357,5.382628842445115,Permanent,HND/BSc,1.0,29781.0,29781.0,29781.0,29781.0,39486.0,180.0
CUST_003258,LOAN_00003258,24439,32828,90,Good,Stanbic IBTC,Enugu,8.426711842538326,9.321635026271238,Permanent,HND/BSc,10.0,451159.0,45115.9,112295.0,6843.0,56427.5,90.0
CUST_003259,LOAN_00003259,36225,48460,60,Good,GTBank,Lagos,10.916210160977204,9.446498152738664,Contract,Secondary,4.0,258253.0,64563.25,149369.0,5000.0,80793.0,67.5
CUST_003260,LOAN_00003260,48184,60171,365,Bad,Fidelity Bank,Jos,5.994825831558032,8.27784885399893,Temporary,Masters,3.0,185689.0,61896.333333333336,128126.0,17545.0,79239.33333333333,110.0
CUST_003261,LOAN_00003261,23335,30508,60,Good,Union Bank,Abuja,6.42541045120027,12.262705755903054,Contract,Masters,0.0,0.0,0.0,0.0,0.0,0.0,0.0
CUST_003262,LOAN_00003262,88517,115089,30,Bad,Zenith Bank,Ibadan,6.184434881187249,9.199852808743232,Permanent,Secondary,4.0,145030.0,36257.5,66806.0,16747.0,47185.5,112.5
CUST_003263,LOAN_00003263,76627,102431,30,Bad,GTBank,Benin City,12.925057475485104,10.31634546173981,Contract,Secondary,2.0,81858.0,40929.0,46247.0,35611.0,49540.5,60.0
CUST_003264,LOAN_00003264,31697,38193,180,Good,Union Bank,Jos,5.776633603574883,11.684956624893427,Contract,Secondary,2.0,83094.0,41547.0,49236.0,33858.0,55611.5,90.0
CUST_003265,LOAN_00003265,61107,77565,30,Good,Zenith Bank,Abuja,9.179681952695116,3.3003012187664,Permanent,PhD,1.0,62443.0,62443.0,62443.0,62443.0,82622.0,30.0
CUST_003266,LOAN_00003266,48176,62952,30,Good,Union Bank,Benin City,12.32738177491268,9.847730190540538,Self-Employed,Secondary,1.0,42280.0,42280.0,42280.0,42280.0,58878.0,30.0
CUST_003267,LOAN_00003267,97436,112918,60,Good,Zenith Bank,Ibadan,5.322069119900013,13.610333654740431,Temporary,HND/BSc,2.0,36855.0,18427.5,30568.0,6287.0,23738.5,135.0
CUST_003268,LOAN_00003268,18174,23387,60,Good,First Bank,Calabar,12.737687780809305,3.208664915105207,Self-Employed,Secondary,8.0,762242.0,95280.25,441292.0,10902.0,119473.375,105.0
CUST_003269,LOAN_00003269,100902,117414,30,Good,Union Bank,Enugu,12.52729510956062,7.862185245611533,Permanent,HND/BSc,0.0,0.0,0.0,0.0,0.0,0.0,0.0
CUST_003270,LOAN_00003270,78662,95264,90,Good,Stanbic IBTC,Port Harcourt,11.961147883524363,14.11472940246996,Permanent,Masters,3.0,36836.0,12278.666666666666,18631.0,5000.0,15644.0,70.0
CUST_003271,LOAN_00003271,36267,44510,90,Good,UBA,Port Harcourt,5.93100869197002,7.237852827390453,Permanent,Masters,5.0,399408.0,79881.6,111526.0,29141.0,106556.4,72.0
CUST_003272,LOAN_00003272,34682,46087,180,Good,Fidelity Bank,Calabar,9.70649550409885,8.50474589040289,Permanent,Secondary,6.0,264952.0,44158.666666666664,93060.0,13731.0,55734.333333333336,130.0
CUST_003273,LOAN_00003273,308389,384978,90,Good,Zenith Bank,Jos,10.84802325665116,14.778496716531754,Permanent,HND/BSc,0.0,0.0,0.0,0.0,0.0,0.0,0.0
CUST_003274,LOAN_00003274,40095,53617,30,Good,First Bank,Calabar,12.874251353767868,5.391886307406885,Self-Employed,HND/BSc,10.0,396841.0,39684.1,203081.0,8784.0,50745.3,126.0
CUST_003275,LOAN_00003275,145612,169376,90,Bad,Union Bank,Calabar,5.623814398732334,3.7830622695000713,Permanent,,1.0,37433.0,37433.0,37433.0,37433.0,47172.0,30.0
CUST_003276,LOAN_00003276,83475,102640,60,Good,Stanbic IBTC,Abuja,10.894233095673668,13.313071090335653,Self-Employed,Secondary,6.0,330268.0,55044.666666666664,107656.0,15098.0,71538.83333333333,110.0
CUST_003277,LOAN_00003277,74089,97047,90,Bad,UBA,Abuja,7.049210529344016,13.421584094548422,Temporary,Secondary,3.0,271898.0,90632.66666666667,185140.0,35767.0,108014.66666666667,110.0
CUST_003278,LOAN_00003278,107211,126136,60,Good,Zenith Bank,Ibadan,5.580638190112021,8.664934016160158,Permanent,HND/BSc,5.0,269431.0,53886.2,132165.0,15564.0,68082.0,72.0
CUST_003279,LOAN_00003279,76084,94129,180,Bad,Union Bank,Enugu,7.792392470924694,9.170486093727437,Temporary,Secondary,5.0,245279.0,49055.8,88328.0,13575.0,61408.2,72.0
CUST_003280,LOAN_00003280,46927,60415,60,Good,Union Bank,Abuja,11.144523209337548,13.029676435414032,Self-Employed,Secondary,2.0,108901.0,54450.5,91799.0,17102.0,66967.0,75.0
CUST_003281,LOAN_00003281,41055,48401,30,Good,Zenith Bank,Ibadan,8.18364823333647,11.86271397738954,Contract,HND/BSc,3.0,186427.0,62142.333333333336,129356.0,25502.0,76561.66666666667,100.0
CUST_003282,LOAN_00003282,34593,40504,60,Good,GTBank,Kaduna,8.837707901827436,6.181788026604128,Permanent,Masters,7.0,294862.0,42123.142857142855,105976.0,7920.0,54651.71428571428,77.14285714285714
CUST_003283,LOAN_00003283,23072,26846,90,Good,GTBank,Calabar,12.95643469180109,3.202720260858221,Contract,HND/BSc,9.0,258889.0,28765.444444444445,56848.0,8621.0,36779.77777777778,60.0
CUST_003284,LOAN_00003284,40268,47585,180,Good,Stanbic IBTC,Calabar,7.591983696016834,8.756401950402548,Permanent,HND/BSc,1.0,177494.0,177494.0,177494.0,177494.0,212902.0,90.0
CUST_003285,LOAN_00003285,87270,112584,365,Bad,UBA,Jos,9.53860679238316,13.306947913147695,Contract,HND/BSc,3.0,164274.0,54758.0,96243.0,29656.0,72802.66666666667,110.0
CUST_003286,LOAN_00003286,12064,15833,30,Good,Zenith Bank,Kaduna,7.287197814538347,13.750016120281945,Permanent,HND/BSc,4.0,127019.0,31754.75,45333.0,5000.0,38466.5,75.0
CUST_003287,LOAN_00003287,92387,121853,30,Good,Stanbic IBTC,Jos,7.535070816958345,14.474714364913847,Contract,HND/BSc,3.0,211180.0,70393.33333333333,117804.0,33615.0,88264.0,150.0
CUST_003288,LOAN_00003288,280550,373448,90,Good,Stanbic IBTC,Benin City,10.260766781008671,13.554758851353377,Permanent,HND/BSc,1.0,80911.0,80911.0,80911.0,80911.0,94544.0,180.0
CUST_003289,LOAN_00003289,49534,62902,90,Good,Access Bank,Ibadan,12.44098278485395,9.96052266357718,Permanent,Secondary,8.0,415848.0,51981.0,130145.0,15167.0,66684.625,67.5
CUST_003290,LOAN_00003290,18945,21963,365,Good,Union Bank,Ibadan,8.881230554430893,8.33526719083321,Contract,Secondary,1.0,32526.0,32526.0,32526.0,32526.0,37437.0,60.0
CUST_003291,LOAN_00003291,155474,191365,30,Bad,Fidelity Bank,Calabar,10.91559936053902,12.298198158409187,Contract,HND/BSc,2.0,122225.0,61112.5,91257.0,30968.0,83067.5,45.0
CUST_003292,LOAN_00003292,216121,280441,60,Good,Union Bank,Kano,4.802859029352675,11.877859612387155,Contract,HND/BSc,1.0,18549.0,18549.0,18549.0,18549.0,22088.0,90.0
CUST_003293,LOAN_00003293,112190,131484,365,Good,GTBank,Benin City,5.900422336887343,9.457721160977451,Permanent,Masters,1.0,40937.0,40937.0,40937.0,40937.0,50688.0,60.0
CUST_003294,LOAN_00003294,42907,53049,30,Good,UBA,Ibadan,8.519184768275792,4.047928470701629,Self-Employed,HND/BSc,5.0,91083.0,18216.6,40382.0,5000.0,23252.0,90.0
CUST_003295,LOAN_00003295,110958,143402,90,Good,Union Bank,Abuja,4.180105512658973,14.112976161443026,Contract,Secondary,1.0,23993.0,23993.0,23993.0,23993.0,29182.0,30.0
CUST_003296,LOAN_00003296,210064,252077,180,Bad,Zenith Bank,Calabar,6.2756948088630296,8.467230450019946,Permanent,Secondary,3.0,96759.0,32253.0,43972.0,9918.0,43797.666666666664,60.0
CUST_003297,LOAN_00003297,12650,16670,60,Good,Stanbic IBTC,Jos,8.656611608424695,7.360005382995172,Contract,Secondary,3.0,215302.0,71767.33333333333,102056.0,44517.0,95465.33333333333,80.0
CUST_003298,LOAN_00003298,143685,187257,90,Bad,Zenith Bank,Kaduna,4.134650784306706,10.55480874202526,Contract,Masters,0.0,0.0,0.0,0.0,0.0,0.0,0.0
CUST_003299,LOAN_00003299,134033,177889,90,Good,Access Bank,Jos,6.380916576034375,11.086055534003725,Permanent,HND/BSc,0.0,0.0,0.0,0.0,0.0,0.0,0.0
CUST_003300,LOAN_00003300,60940,71906,180,Good,UBA,Port Harcourt,8.626277375282825,5.528255004363617,Contract,Masters,1.0,24747.0,24747.0,24747.0,24747.0,29916.0,90.0
CUST_003301,LOAN_00003301,18068,22620,90,Good,Stanbic IBTC,Kano,9.15834323183121,13.043266137719474,Self-Employed,HND/BSc,8.0,317405.0,39675.625,80519.0,6978.0,51796.75,108.75
CUST_003302,LOAN_00003302,113059,132695,30,Bad,Zenith Bank,Ibadan,12.331765237497748,6.479245123948534,Self-Employed,Masters,0.0,0.0,0.0,0.0,0.0,0.0,0.0
CUST_003303,LOAN_00003303,130883,167337,30,Good,GTBank,Enugu,9.80811060925547,5.2402071109718005,Permanent,,2.0,63813.0,31906.5,40075.0,23738.0,39301.5,30.0
CUST_003304,LOAN_00003304,20766,27559,60,Good,Fidelity Bank,Lagos,7.732622222769944,7.876798234253969,Self-Employed,HND/BSc,7.0,484054.0,69150.57142857143,132567.0,37856.0,88545.85714285714,85.71428571428571
CUST_003305,LOAN_00003305,58365,70050,60,Good,Access Bank,Kano,12.37316059419761,11.766720970769583,Permanent,Masters,6.0,245636.0,40939.333333333336,93703.0,10026.0,51347.666666666664,100.0
CUST_003306,LOAN_00003306,31263,36736,30,Bad,UBA,Calabar,11.063946850490147,14.58549814127764,Temporary,HND/BSc,1.0,19958.0,19958.0,19958.0,19958.0,24578.0,180.0
CUST_003307,LOAN_00003307,20316,24361,60,Good,Access Bank,Ibadan,5.800080290014728,12.7113751724572,Permanent,PhD,2.0,34312.0,17156.0,25055.0,9257.0,23686.0,105.0
CUST_003308,LOAN_00003308,252347,338821,365,Good,GTBank,Kaduna,5.177581252139378,14.2841805320423,Contract,Masters,2.0,37463.0,18731.5,20739.0,16724.0,24098.0,75.0
CUST_003309,LOAN_00003309,44609,56885,60,Good,UBA,Ibadan,10.082304721684595,4.687269648918321,Contract,,0.0,0.0,0.0,0.0,0.0,0.0,0.0
CUST_003310,LOAN_00003310,380069,479329,60,Good,Access Bank,Lagos,9.038948490192857,3.8541215863641214,Permanent,HND/BSc,1.0,27432.0,27432.0,27432.0,27432.0,35278.0,60.0
CUST_003311,LOAN_00003311,185370,248027,90,Bad,First Bank,Kaduna,11.1070625241348,9.692457142880054,Self-Employed,Masters,1.0,5000.0,5000.0,5000.0,5000.0,6632.0,90.0
CUST_003312,LOAN_00003312,26880,32178,30,Good,GTBank,Jos,10.64924545070818,6.483569796528412,Contract,HND/BSc,2.0,189776.0,94888.0,151321.0,38455.0,120796.5,75.0
CUST_003313,LOAN_00003313,198043,241355,60,Good,GTBank,Kaduna,9.626903804717635,12.936659675631274,Permanent,Secondary,2.0,125939.0,62969.5,82142.0,43797.0,81306.0,135.0
CUST_003314,LOAN_00003314,16234,21742,60,Good,GTBank,Kano,12.87743954466003,11.063854456827912,Contract,HND/BSc,4.0,229908.0,57477.0,113011.0,25755.0,69426.25,127.5
CUST_003315,LOAN_00003315,33645,43447,60,Good,First Bank,Jos,8.802307570993678,14.648737967829533,Contract,Masters,2.0,119788.0,59894.0,88198.0,31590.0,72936.5,120.0
CUST_003316,LOAN_00003316,46139,59315,60,Good,First Bank,Ibadan,5.017951808515479,6.057508268775651,Permanent,Secondary,5.0,402772.0,80554.4,123044.0,48081.0,100180.8,132.0
CUST_003317,LOAN_00003317,40746,54699,60,Good,Zenith Bank,Calabar,11.454462083343897,8.829409372262788,Temporary,HND/BSc,2.0,97235.0,48617.5,74168.0,23067.0,58885.0,30.0
CUST_003318,LOAN_00003318,72950,92497,365,Bad,Stanbic IBTC,Benin City,6.2666802611113805,9.01488572910424,Self-Employed,HND/BSc,2.0,34704.0,17352.0,27296.0,7408.0,21808.5,135.0
CUST_003319,LOAN_00003319,35363,46883,90,Good,Fidelity Bank,Calabar,10.995719333295265,5.870121538288514,Permanent,HND/BSc,5.0,200096.0,40019.2,76417.0,6652.0,51769.6,162.0
CUST_003320,LOAN_00003320,25884,32781,60,Good,Access Bank,Ibadan,12.613963864000462,10.081120793856094,Contract,Masters,2.0,74170.0,37085.0,67749.0,6421.0,43338.0,120.0
CUST_003321,LOAN_00003321,81984,100087,60,Good,Zenith Bank,Lagos,10.271159625679072,8.319431832950874,Permanent,Masters,8.0,398456.0,49807.0,106543.0,21237.0,62640.875,86.25
CUST_003322,LOAN_00003322,100047,128549,30,Bad,Access Bank,Benin City,9.364271448548209,8.360658671878483,Self-Employed,HND/BSc,5.0,77730.0,15546.0,31378.0,5000.0,20216.6,36.0
CUST_003323,LOAN_00003323,95116,113336,60,Bad,Fidelity Bank,Ibadan,8.143475581075364,7.352839775669803,Temporary,Secondary,7.0,1244093.0,177727.57142857142,558903.0,5437.0,227665.0,64.28571428571429
CUST_003324,LOAN_00003324,122988,161616,30,Good,Stanbic IBTC,Enugu,7.279688793958629,3.2031522291064207,Permanent,HND/BSc,2.0,21622.0,10811.0,14451.0,7171.0,13992.5,30.0
CUST_003325,LOAN_00003325,204339,260929,60,Bad,First Bank,Kano,7.177042758746526,9.265142842977468,Self-Employed,HND/BSc,1.0,62607.0,62607.0,62607.0,62607.0,81333.0,180.0
CUST_003326,LOAN_00003326,29345,38974,365,Good,Stanbic IBTC,Enugu,9.727354351386316,7.022974028403974,Contract,HND/BSc,3.0,168366.0,56122.0,83723.0,36277.0,72392.33333333333,140.0
CUST_003327,LOAN_00003327,45937,57536,30,Good,First Bank,Jos,10.761458052439714,3.015838427811956,Permanent,Secondary,2.0,159584.0,79792.0,151995.0,7589.0,100518.0,60.0
CUST_003328,LOAN_00003328,245286,329536,60,Bad,Fidelity Bank,Port Harcourt,10.10665362535973,6.695324491943184,Temporary,HND/BSc,8.0,333485.0,41685.625,146112.0,7113.0,52235.625,97.5
CUST_003329,LOAN_00003329,74427,90998,365,Bad,Stanbic IBTC,Ibadan,5.785690910742065,6.343539997077084,Contract,HND/BSc,4.0,232835.0,58208.75,121683.0,26720.0,73538.5,45.0
CUST_003330,LOAN_00003330,57984,77406,60,Good,Zenith Bank,Abuja,8.44588462129142,7.72137783868363,Contract,HND/BSc,2.0,92044.0,46022.0,47220.0,44824.0,59964.5,135.0
CUST_003331,LOAN_00003331,24990,31585,60,Good,UBA,Abuja,11.124760649647566,4.582223875720763,Self-Employed,HND/BSc,3.0,222338.0,74112.66666666667,110637.0,16317.0,94675.66666666667,90.0
CUST_003332,LOAN_00003332,11436,15328,30,Good,Zenith Bank,Kaduna,8.281336703701506,9.092205895621014,Permanent,HND/BSc,6.0,186676.0,31112.666666666668,59408.0,11171.0,39725.5,80.0
CUST_003333,LOAN_00003333,127228,154679,60,Bad,Access Bank,Calabar,8.829609517619446,11.30928423021756,Permanent,Secondary,5.0,232913.0,46582.6,137199.0,8139.0,57264.8,90.0
CUST_003334,LOAN_00003334,126297,155878,30,Bad,Zenith Bank,Calabar,10.9402244335374,10.56222682865487,Temporary,,3.0,161171.0,53723.666666666664,84146.0,33240.0,68250.66666666667,60.0
CUST_003335,LOAN_00003335,161219,197056,365,Good,Fidelity Bank,Calabar,9.951387756385824,12.645059370830287,Self-Employed,HND/BSc,1.0,21170.0,21170.0,21170.0,21170.0,24452.0,30.0
CUST_003336,LOAN_00003336,76616,102954,30,Bad,GTBank,Enugu,7.684104287941533,8.424099455844974,Self-Employed,Secondary,4.0,137094.0,34273.5,50615.0,13154.0,45119.25,90.0
CUST_003337,LOAN_00003337,48708,58775,180,Good,Access Bank,Kano,12.05871440074797,9.22910076407674,Permanent,HND/BSc,4.0,71893.0,17973.25,22874.0,12171.0,23484.25,127.5
CUST_003338,LOAN_00003338,46046,56990,60,Good,Stanbic IBTC,Ibadan,5.463103617971307,12.7248232903078,Contract,Masters,0.0,0.0,0.0,0.0,0.0,0.0,0.0
CUST_003339,LOAN_00003339,213538,267635,30,Bad,Access Bank,Lagos,12.959648037312922,8.132414049830862,Temporary,Masters,3.0,182134.0,60711.333333333336,106435.0,31889.0,81601.66666666667,90.0
CUST_003340,LOAN_00003340,30663,41262,365,Good,UBA,Kaduna,5.069673206286135,11.419192198795162,Permanent,Masters,3.0,103655.0,34551.666666666664,45892.0,19242.0,44128.666666666664,80.0
CUST_003341,LOAN_00003341,146504,176514,60,Bad,First Bank,Jos,4.13454973993815,8.215228424615901,Permanent,Secondary,2.0,157371.0,78685.5,125982.0,31389.0,98754.5,135.0
CUST_003342,LOAN_00003342,73030,95971,180,Bad,Stanbic IBTC,Benin City,12.010170110338882,8.012834334138752,Contract,HND/BSc,2.0,95301.0,47650.5,78445.0,16856.0,56817.0,135.0
CUST_003343,LOAN_00003343,124480,165345,60,Good,Union Bank,Jos,6.204581575293605,12.122467494349925,Permanent,Masters,2.0,282590.0,141295.0,255513.0,27077.0,167560.5,120.0
CUST_003344,LOAN_00003344,23962,31469,60,Good,Access Bank,Ibadan,10.567296647020488,5.0980429855945335,Permanent,HND/BSc,2.0,58136.0,29068.0,36636.0,21500.0,35714.0,180.0
CUST_003345,LOAN_00003345,21017,24530,60,Good,Stanbic IBTC,Port Harcourt,11.299138374388624,7.063031663298883,Self-Employed,Masters,0.0,0.0,0.0,0.0,0.0,0.0,0.0
CUST_003346,LOAN_00003346,39898,51331,60,Good,Stanbic IBTC,Calabar,11.730877519289052,5.690067320962822,Temporary,Secondary,1.0,32371.0,32371.0,32371.0,32371.0,43768.0,180.0
CUST_003347,LOAN_00003347,31440,40856,30,Good,Stanbic IBTC,Benin City,12.9243481209775,7.309319315611166,Contract,Secondary,3.0,103171.0,34390.333333333336,58930.0,19752.0,41558.666666666664,100.0
CUST_003348,LOAN_00003348,59851,71286,180,Good,First Bank,Enugu,6.646357390359992,5.764497868392288,Self-Employed,Masters,2.0,44494.0,22247.0,27425.0,17069.0,29406.5,120.0
CUST_003349,LOAN_00003349,111614,131961,60,Bad,Union Bank,Ibadan,10.392190077345331,9.952867573039857,Self-Employed,HND/BSc,9.0,292538.0,32504.222222222223,67402.0,10766.0,41779.555555555555,103.33333333333333
CUST_003350,LOAN_00003350,178880,222809,90,Bad,Fidelity Bank,Port Harcourt,5.0385987245274535,12.578049631414142,Self-Employed,Secondary,2.0,51826.0,25913.0,32684.0,19142.0,33541.5,45.0
CUST_003351,LOAN_00003351,17055,21130,180,Good,Zenith Bank,Enugu,7.661283622211645,12.439356734614822,Permanent,HND/BSc,3.0,163244.0,54414.666666666664,117574.0,5000.0,66496.33333333333,100.0
CUST_003352,LOAN_00003352,21584,26958,60,Good,Stanbic IBTC,Port Harcourt,11.631745239813313,7.374011574585509,Permanent,Masters,2.0,85143.0,42571.5,73632.0,11511.0,55814.0,105.0
CUST_003353,LOAN_00003353,10000,13442,60,Good,GTBank,Calabar,7.308922414531975,14.86512487073114,Permanent,Secondary,3.0,204289.0,68096.33333333333,99924.0,40209.0,83108.0,100.0
CUST_003354,LOAN_00003354,45319,52903,180,Good,Fidelity Bank,Enugu,9.319858424820527,10.126252376469608,Permanent,Secondary,2.0,90695.0,45347.5,50954.0,39741.0,57350.0,135.0
CUST_003355,LOAN_00003355,35275,44364,60,Good,UBA,Kano,8.533960993521706,7.792803621339537,Permanent,Secondary,5.0,237704.0,47540.8,104130.0,5487.0,61504.2,102.0
CUST_003356,LOAN_00003356,47148,58793,90,Good,First Bank,Abuja,9.813563780008405,13.026471350897106,Permanent,PhD,1.0,26626.0,26626.0,26626.0,26626.0,37204.0,30.0
CUST_003357,LOAN_00003357,72385,88098,60,Good,Access Bank,Jos,12.756049504489257,11.75848815171169,Permanent,PhD,2.0,139326.0,69663.0,119953.0,19373.0,90882.0,105.0
CUST_003358,LOAN_00003358,141909,170887,90,Good,First Bank,Kano,4.501619738512619,11.991304041889252,Permanent,HND/BSc,2.0,27746.0,13873.0,14287.0,13459.0,18541.5,75.0
CUST_003359,LOAN_00003359,72139,87686,90,Good,Access Bank,Benin City,9.165653657514667,5.353672196806459,Contract,HND/BSc,2.0,56403.0,28201.5,47917.0,8486.0,34676.5,135.0
CUST_003360,LOAN_00003360,45707,55089,365,Good,First Bank,Kaduna,11.767259013252565,8.619891688422662,Permanent,HND/BSc,2.0,26040.0,13020.0,13340.0,12700.0,17662.0,105.0
CUST_003361,LOAN_00003361,27095,34764,60,Good,Access Bank,Abuja,8.332444405735847,13.341937569895231,Self-Employed,Secondary,4.0,103341.0,25835.25,59665.0,6319.0,31836.75,82.5
CUST_003362,LOAN_00003362,23150,29997,60,Good,Stanbic IBTC,Kano,4.706744673474155,9.048456091545088,Permanent,Masters,3.0,139361.0,46453.666666666664,82857.0,8048.0,57182.666666666664,50.0
CUST_003363,LOAN_00003363,80302,106985,365,Bad,Zenith Bank,Ibadan,9.044854171750938,11.201432921052604,Self-Employed,Secondary,8.0,640364.0,80045.5,202265.0,9284.0,107628.75,75.0
CUST_003364,LOAN_00003364,35654,41443,90,Good,Access Bank,Port Harcourt,6.988665017414384,10.055204796411177,Temporary,HND/BSc,1.0,411634.0,411634.0,411634.0,411634.0,504357.0,180.0
CUST_003365,LOAN_00003365,28876,37338,30,Good,Union Bank,Benin City,5.394476068041423,13.108281452620584,Self-Employed,HND/BSc,3.0,61333.0,20444.333333333332,24411.0,17227.0,26775.333333333332,120.0
CUST_003366,LOAN_00003366,38090,51378,60,Good,Access Bank,Ibadan,11.641310619551255,6.414730077139232,Self-Employed,Secondary,5.0,190481.0,38096.2,60531.0,24270.0,47584.6,72.0
CUST_003367,LOAN_00003367,41192,49874,30,Good,GTBank,Abuja,8.694395616920094,9.905703334636378,Temporary,HND/BSc,8.0,443911.0,55488.875,164599.0,10151.0,69528.0,60.0
CUST_003368,LOAN_00003368,57884,71157,60,Good,Access Bank,Port Harcourt,12.3994877114116,4.478816016117648,Permanent,HND/BSc,1.0,5895.0,5895.0,5895.0,5895.0,7959.0,60.0
CUST_003369,LOAN_00003369,59163,78061,90,Good,GTBank,Benin City,11.254148541427622,11.282529320393614,Temporary,Masters,4.0,355922.0,88980.5,135154.0,41949.0,109553.0,52.5
CUST_003370,LOAN_00003370,69661,81642,60,Bad,UBA,Kaduna,10.236746143963009,11.783614060232544,Self-Employed,Secondary,8.0,462981.0,57872.625,179713.0,5000.0,76252.625,127.5
CUST_003371,LOAN_00003371,97626,115385,90,Bad,Stanbic IBTC,Abuja,4.045229530287807,3.514047854267981,Self-Employed,Secondary,3.0,70368.0,23456.0,25941.0,21068.0,30273.0,80.0
CUST_003372,LOAN_00003372,34074,40940,60,Good,GTBank,Benin City,7.8504111097442495,11.10949156353582,Permanent,HND/BSc,1.0,74130.0,74130.0,74130.0,74130.0,102695.0,90.0
CUST_003373,LOAN_00003373,26759,34440,60,Good,Zenith Bank,Kano,5.77737653486829,7.976281849989436,Contract,,1.0,48732.0,48732.0,48732.0,48732.0,63726.0,60.0
CUST_003374,LOAN_00003374,29245,35392,180,Bad,Fidelity Bank,Benin City,12.19718119943981,4.489162513316188,Self-Employed,Secondary,1.0,25241.0,25241.0,25241.0,25241.0,30236.0,90.0
CUST_003375,LOAN_00003375,76009,93953,365,Good,Stanbic IBTC,Abuja,5.571255862087242,8.03889057238161,Contract,,2.0,41204.0,20602.0,23745.0,17459.0,27295.0,105.0
CUST_003376,LOAN_00003376,35037,45999,90,Good,GTBank,Calabar,6.57454046493357,5.33079515634698,Self-Employed,Masters,4.0,206461.0,51615.25,119992.0,25834.0,64391.75,60.0
CUST_003377,LOAN_00003377,57073,76849,180,Good,Stanbic IBTC,Kano,8.651530909610493,7.986714385479798,Permanent,Masters,1.0,33281.0,33281.0,33281.0,33281.0,40614.0,30.0
CUST_003378,LOAN_00003378,59953,75583,60,Good,Union Bank,Ibadan,6.3702725709827135,7.612068335502332,Permanent,Secondary,1.0,6697.0,6697.0,6697.0,6697.0,9322.0,30.0
CUST_003379,LOAN_00003379,141303,171435,60,Good,Stanbic IBTC,Abuja,5.888782095512091,11.860699643232689,Contract,HND/BSc,1.0,26014.0,26014.0,26014.0,26014.0,35728.0,180.0
CUST_003380,LOAN_00003380,11142,14765,90,Good,Stanbic IBTC,Calabar,9.391893925924771,12.290586697996304,Permanent,Secondary,4.0,282289.0,70572.25,199314.0,26951.0,84318.5,112.5
CUST_003381,LOAN_00003381,179245,219548,365,Good,UBA,Lagos,4.800365704795214,10.28434385261456,Permanent,HND/BSc,1.0,69949.0,69949.0,69949.0,69949.0,96801.0,90.0
CUST_003382,LOAN_00003382,36838,47682,90,Good,Zenith Bank,Kaduna,4.523509828488322,3.2722421061893705,Permanent,,5.0,76861.0,15372.2,19489.0,10561.0,19713.2,96.0
CUST_003383,LOAN_00003383,342656,395927,90,Bad,First Bank,Calabar,7.350207656674643,14.172267348851928,Permanent,Secondary,1.0,55723.0,55723.0,55723.0,55723.0,66781.0,30.0
CUST_003384,LOAN_00003384,35168,44741,60,Good,First Bank,Lagos,10.48598009057076,11.234799361157371,Contract,HND/BSc,4.0,307728.0,76932.0,170885.0,27006.0,104630.5,82.5
CUST_003385,LOAN_00003385,32376,38715,60,Good,GTBank,Jos,8.993260824465532,3.410345399054266,Permanent,Secondary,1.0,93938.0,93938.0,93938.0,93938.0,119900.0,90.0
CUST_003386,LOAN_00003386,40138,53934,90,Good,Stanbic IBTC,Port Harcourt,7.8058882162010095,12.825994790569414,Temporary,Masters,8.0,370529.0,46316.125,199692.0,5000.0,57843.875,101.25
CUST_003387,LOAN_00003387,176689,207631,180,Bad,GTBank,Calabar,9.091764078021242,5.403193856615953,Self-Employed,Secondary,7.0,440418.0,62916.857142857145,132123.0,5000.0,81954.42857142857,55.714285714285715
CUST_003388,LOAN_00003388,38132,47264,180,Bad,UBA,Enugu,7.289063361879462,9.950654274853282,Self-Employed,Secondary,10.0,745862.0,74586.2,334226.0,14198.0,93455.1,114.0
CUST_003389,LOAN_00003389,26370,32293,180,Good,UBA,Kaduna,12.425317018889016,8.599612439402247,Permanent,HND/BSc,6.0,179691.0,29948.5,71112.0,8596.0,37990.666666666664,85.0
CUST_003390,LOAN_00003390,19349,24755,30,Good,Access Bank,Calabar,4.494144018196969,8.03806538826092,Contract,Masters,1.0,117030.0,117030.0,117030.0,117030.0,138202.0,90.0
CUST_003391,LOAN_00003391,155636,204875,180,Bad,Union Bank,Lagos,10.060523311268517,13.67656464149277,Contract,Secondary,0.0,0.0,0.0,0.0,0.0,0.0,0.0
CUST_003392,LOAN_00003392,54847,65125,30,Bad,UBA,Enugu,12.021543983449757,8.248335498751377,Temporary,Secondary,0.0,0.0,0.0,0.0,0.0,0.0,0.0
CUST_003393,LOAN_00003393,81213,103556,180,Bad,Access Bank,Kaduna,11.23496237861728,3.904129410877809,Self-Employed,Secondary,3.0,396392.0,132130.66666666666,362028.0,14886.0,158982.0,110.0
CUST_003394,LOAN_00003394,10000,11983,365,Good,Zenith Bank,Enugu,5.656369313393021,14.359664726579432,Contract,,6.0,226914.0,37819.0,88013.0,15183.0,48809.333333333336,70.0
CUST_003395,LOAN_00003395,27402,33934,60,Good,GTBank,Kano,6.663337140822595,14.04642277487553,Self-Employed,HND/BSc,2.0,80377.0,40188.5,50198.0,30179.0,52063.0,60.0
CUST_003396,LOAN_00003396,50828,59935,365,Good,Fidelity Bank,Lagos,10.453431448363943,11.213192274979184,Permanent,Masters,2.0,134173.0,67086.5,109435.0,24738.0,81721.0,45.0
CUST_003397,LOAN_00003397,40983,53146,60,Good,Zenith Bank,Benin City,4.75843503262689,8.614710337584299,Permanent,HND/BSc,3.0,47465.0,15821.666666666666,30329.0,5000.0,21024.333333333332,60.0
CUST_003398,LOAN_00003398,40069,47308,90,Good,UBA,Kano,11.306755298493258,4.114313675322255,Self-Employed,Secondary,0.0,0.0,0.0,0.0,0.0,0.0,0.0
CUST_003399,LOAN_00003399,59364,78463,90,Good,Zenith Bank,Kaduna,10.470162501443111,12.488977422929716,Permanent,HND/BSc,6.0,470867.0,78477.83333333333,258143.0,15466.0,105085.16666666667,95.0
CUST_003400,LOAN_00003400,35697,42492,90,Good,Zenith Bank,Kaduna,10.566459843118082,3.905734973088348,Permanent,Secondary,5.0,316740.0,63348.0,128840.0,10472.0,76214.8,66.0
CUST_003401,LOAN_00003401,77040,96725,30,Bad,Union Bank,Abuja,4.902172332408322,3.823211818741748,Self-Employed,HND/BSc,1.0,45770.0,45770.0,45770.0,45770.0,62909.0,90.0
CUST_003402,LOAN_00003402,135882,166575,90,Bad,Union Bank,Lagos,10.459844903346076,9.448606109272417,Permanent,HND/BSc,3.0,103909.0,34636.333333333336,61318.0,16730.0,45578.0,110.0
CUST_003403,LOAN_00003403,84590,103831,90,Good,Union Bank,Jos,10.11836312697973,4.921538882215683,Contract,HND/BSc,1.0,14259.0,14259.0,14259.0,14259.0,19562.0,30.0
CUST_003404,LOAN_00003404,105115,137019,60,Bad,Zenith Bank,Jos,11.478302417396655,3.092763208084188,Temporary,Secondary,2.0,89067.0,44533.5,67415.0,21652.0,55529.5,105.0
CUST_003405,LOAN_00003405,10000,12955,90,Good,UBA,Kaduna,4.374363606308226,8.077361171949434,Permanent,Secondary,2.0,58195.0,29097.5,35225.0,22970.0,36728.5,45.0
CUST_003406,LOAN_00003406,79705,99949,30,Good,Fidelity Bank,Jos,4.20799601621013,4.646606779320791,Permanent,Masters,1.0,16844.0,16844.0,16844.0,16844.0,22256.0,180.0
CUST_003407,LOAN_00003407,125133,150365,90,Good,Stanbic IBTC,Port Harcourt,7.357063898907047,4.926184983368295,Permanent,Masters,3.0,184180.0,61393.333333333336,102642.0,31757.0,76153.33333333333,130.0
CUST_003408,LOAN_00003408,98977,129806,60,Bad,Zenith Bank,Abuja,5.339094554642376,3.922927664824016,Permanent,Secondary,3.0,183522.0,61174.0,77745.0,37738.0,75798.0,40.0
CUST_003409,LOAN_00003409,193338,251112,30,Bad,Access Bank,Kaduna,9.025460298131996,5.461125044683319,Permanent,Secondary,5.0,186940.0,37388.0,60398.0,19925.0,49202.2,48.0
CUST_003410,LOAN_00003410,47457,56437,30,Good,UBA,Jos,12.25614011356074,11.585810157292672,Permanent,Masters,3.0,54839.0,18279.666666666668,21410.0,13778.0,23994.666666666668,80.0
CUST_003411,LOAN_00003411,151299,174715,60,Good,Zenith Bank,Lagos,7.523317573006142,12.707127686613497,Contract,Masters,1.0,9565.0,9565.0,9565.0,9565.0,11969.0,30.0
CUST_003412,LOAN_00003412,23667,31793,180,Bad,Fidelity Bank,Calabar,11.604553395453436,8.430403728351607,Permanent,,2.0,26251.0,13125.5,18147.0,8104.0,16596.0,45.0
CUST_003413,LOAN_00003413,43588,54185,180,Good,Stanbic IBTC,Benin City,4.002167870660799,9.078645790577012,Self-Employed,Secondary,2.0,82397.0,41198.5,53737.0,28660.0,50368.0,120.0
CUST_003414,LOAN_00003414,73701,85329,90,Good,Union Bank,Kano,5.516631791132658,3.3918604151304312,Self-Employed,HND/BSc,3.0,146188.0,48729.333333333336,81520.0,29738.0,60408.0,90.0
CUST_003415,LOAN_00003415,27221,33182,60,Good,UBA,Kano,4.273811856886771,3.8317951364558014,Self-Employed,Secondary,6.0,385049.0,64174.833333333336,174735.0,13958.0,78638.0,100.0
CUST_003416,LOAN_00003416,48291,65029,30,Good,First Bank,Port Harcourt,6.953324624635618,6.090812707794203,Contract,HND/BSc,7.0,236091.0,33727.28571428572,114194.0,6925.0,41745.857142857145,107.14285714285714
CUST_003417,LOAN_00003417,115418,142531,90,Good,Stanbic IBTC,Enugu,12.173706361268524,9.52678104855777,Permanent,Secondary,6.0,321191.0,53531.833333333336,85321.0,32704.0,69575.16666666667,120.0
CUST_003418,LOAN_00003418,151288,189130,60,Bad,Access Bank,Lagos,4.87256911239089,11.874613784819916,Self-Employed,Secondary,0.0,0.0,0.0,0.0,0.0,0.0,0.0
CUST_003419,LOAN_00003419,68166,84880,90,Good,Zenith Bank,Enugu,9.457687990694204,10.260036736056396,Permanent,Secondary,1.0,56132.0,56132.0,56132.0,56132.0,70631.0,90.0
CUST_003420,LOAN_00003420,179319,225222,30,Good,Fidelity Bank,Abuja,8.063463452074998,7.705534259841459,Permanent,HND/BSc,3.0,59291.0,19763.666666666668,31189.0,9926.0,25221.0,40.0
CUST_003421,LOAN_00003421,30972,41332,60,Good,First Bank,Benin City,12.446213911292311,4.419888876037659,Self-Employed,HND/BSc,4.0,104565.0,26141.25,40719.0,7145.0,34084.25,52.5
CUST_003422,LOAN_00003422,57429,70703,90,Good,Fidelity Bank,Abuja,5.102672282833844,12.369278818646272,Permanent,HND/BSc,1.0,89369.0,89369.0,89369.0,89369.0,107815.0,180.0
CUST_003423,LOAN_00003423,251218,336901,30,Good,First Bank,Kaduna,5.90825065452006,7.3654326191886845,Permanent,Masters,2.0,80023.0,40011.5,43690.0,36333.0,49352.0,135.0
CUST_003424,LOAN_00003424,82198,101746,365,Bad,UBA,Lagos,4.26587771750344,11.832648173793476,Self-Employed,Masters,1.0,73978.0,73978.0,73978.0,73978.0,96754.0,180.0
CUST_003425,LOAN_00003425,110116,137160,365,Bad,First Bank,Kaduna,7.905417246682363,9.155746102972104,Temporary,HND/BSc,2.0,67705.0,33852.5,45530.0,22175.0,41956.0,90.0
CUST_003426,LOAN_00003426,57830,66571,180,Bad,Access Bank,Ibadan,6.500496096081889,11.863944642741902,Permanent,,5.0,209493.0,41898.6,110228.0,15967.0,54047.0,90.0
CUST_003427,LOAN_00003427,79978,95984,60,Good,Access Bank,Jos,11.829153405012889,13.887474737430862,Permanent,HND/BSc,3.0,166758.0,55586.0,83712.0,39488.0,67621.66666666667,50.0
CUST_003428,LOAN_00003428,114081,151913,180,Bad,GTBank,Kano,9.444467318779797,14.052354192645623,Contract,Secondary,1.0,51205.0,51205.0,51205.0,51205.0,61881.0,180.0
CUST_003429,LOAN_00003429,112151,147820,30,Bad,Access Bank,Calabar,9.526816641781316,9.42128136000724,Self-Employed,,1.0,84166.0,84166.0,84166.0,84166.0,104555.0,180.0
CUST_003430,LOAN_00003430,144726,168533,60,Good,Stanbic IBTC,Kaduna,8.787196271931723,9.138100377187666,Permanent,Secondary,8.0,382446.0,47805.75,111564.0,11992.0,61582.625,142.5
CUST_003431,LOAN_00003431,37023,45124,60,Good,First Bank,Enugu,4.826653035062809,6.188141586034047,Contract,HND/BSc,1.0,20559.0,20559.0,20559.0,20559.0,24513.0,90.0
CUST_003432,LOAN_00003432,24482,30119,90,Good,Access Bank,Ibadan,8.005168153528198,14.229597978351496,Temporary,HND/BSc,4.0,405714.0,101428.5,309492.0,22441.0,132700.25,127.5
CUST_003433,LOAN_00003433,29045,35339,30,Good,UBA,Kano,12.995546707376649,8.495030006395451,Permanent,HND/BSc,5.0,293278.0,58655.6,122239.0,5000.0,70103.8,78.0
CUST_003434,LOAN_00003434,60899,73910,90,Bad,Fidelity Bank,Kaduna,11.517063617614134,4.531094871448525,Temporary,HND/BSc,2.0,115252.0,57626.0,89880.0,25372.0,78640.5,60.0
CUST_003435,LOAN_00003435,19414,24672,60,Good,Union Bank,Ibadan,12.041131487504042,8.1924589755186,Temporary,Secondary,5.0,295629.0,59125.8,157566.0,16581.0,75519.0,66.0
CUST_003436,LOAN_00003436,139239,171989,365,Bad,Fidelity Bank,Ibadan,11.409037233218497,4.524639002856048,Permanent,HND/BSc,3.0,105409.0,35136.333333333336,57140.0,23419.0,42432.666666666664,60.0
CUST_003437,LOAN_00003437,298419,399467,60,Good,GTBank,Lagos,4.9273752408788445,9.0303802110849,Self-Employed,Masters,2.0,122640.0,61320.0,112982.0,9658.0,77735.0,135.0
CUST_003438,LOAN_00003438,37040,46241,180,Good,Fidelity Bank,Abuja,6.047034286583196,9.735306178274548,Permanent,Secondary,2.0,40859.0,20429.5,26355.0,14504.0,27953.0,75.0
CUST_003439,LOAN_00003439,70144,89353,30,Good,First Bank,Ibadan,4.028094862207687,7.053069137923024,Self-Employed,HND/BSc,2.0,45461.0,22730.5,26877.0,18584.0,31380.5,105.0
CUST_003440,LOAN_00003440,64353,83743,180,Bad,GTBank,Port Harcourt,6.731591123903003,3.859807370777816,Self-Employed,Secondary,3.0,294885.0,98295.0,272492.0,5218.0,119288.66666666667,40.0
CUST_003441,LOAN_00003441,68003,89699,60,Good,First Bank,Abuja,4.977466621118433,14.32204242759887,Permanent,Masters,3.0,61691.0,20563.666666666668,38028.0,11423.0,27147.0,100.0
CUST_003442,LOAN_00003442,24705,31918,180,Good,UBA,Kano,8.255140107714247,12.280237361801156,Self-Employed,Masters,5.0,154095.0,30819.0,48578.0,8029.0,39212.2,72.0
CUST_003443,LOAN_00003443,219301,294842,60,Bad,GTBank,Kano,10.094147397165116,13.066572966061452,Self-Employed,Masters,6.0,331564.0,55260.666666666664,124109.0,8515.0,69504.66666666667,110.0
CUST_003444,LOAN_00003444,45153,59377,90,Good,Zenith Bank,Kano,11.870547655342694,7.402420731434753,Permanent,Secondary,7.0,308620.0,44088.57142857143,96596.0,6003.0,60748.71428571428,77.14285714285714
CUST_003445,LOAN_00003445,87843,103413,365,Bad,Stanbic IBTC,Kano,10.742954485818084,12.129972360233406,Permanent,Secondary,4.0,95998.0,23999.5,25818.0,21368.0,29651.25,135.0
CUST_003446,LOAN_00003446,91659,122260,30,Bad,Stanbic IBTC,Port Harcourt,12.447270362006549,8.82447474203033,Permanent,Secondary,1.0,14539.0,14539.0,14539.0,14539.0,19263.0,90.0
CUST_003447,LOAN_00003447,54585,68373,90,Good,First Bank,Kaduna,4.4850846135441,5.413001860872551,Contract,Secondary,1.0,27178.0,27178.0,27178.0,27178.0,34159.0,180.0
CUST_003448,LOAN_00003448,140398,184817,60,Good,Fidelity Bank,Benin City,4.1096185187488725,4.49308052288656,Temporary,HND/BSc,4.0,149964.0,37491.0,81741.0,11691.0,49140.75,150.0
CUST_003449,LOAN_00003449,40185,53812,90,Good,Union Bank,Ibadan,9.952043024525912,7.140610431864682,Self-Employed,,3.0,29919.0,9973.0,13362.0,5000.0,12384.0,110.0
CUST_003450,LOAN_00003450,66151,84846,180,Good,Union Bank,Kano,6.604171692000216,4.650625337701676,Contract,HND/BSc,5.0,204158.0,40831.6,74432.0,9648.0,51161.6,96.0
CUST_003451,LOAN_00003451,54381,71856,90,Good,Zenith Bank,Abuja,6.281509144951958,14.979227714448824,Contract,,7.0,226191.0,32313.0,68235.0,7622.0,41379.57142857143,115.71428571428571
CUST_003452,LOAN_00003452,85338,106354,30,Bad,GTBank,Abuja,6.977983789244148,3.5902678827842647,Permanent,Secondary,3.0,126505.0,42168.333333333336,69098.0,19869.0,51206.666666666664,70.0
CUST_003453,LOAN_00003453,245957,321716,30,Good,Zenith Bank,Ibadan,6.428164521031277,8.293723192428919,Permanent,PhD,6.0,470919.0,78486.5,163359.0,43286.0,102181.66666666667,80.0
CUST_003454,LOAN_00003454,29006,33482,90,Good,Zenith Bank,Kaduna,8.602927656714286,8.42512226868461,Contract,Secondary,5.0,319928.0,63985.6,127239.0,31987.0,81425.2,96.0
CUST_003455,LOAN_00003455,46549,61232,60,Good,Fidelity Bank,Calabar,7.961336025017193,6.607583142980106,Contract,PhD,5.0,213042.0,42608.4,107637.0,5000.0,55426.2,126.0
CUST_003456,LOAN_00003456,33957,45012,60,Good,Union Bank,Calabar,8.611856962389908,9.856218788483345,Contract,Secondary,9.0,446354.0,49594.88888888889,129437.0,6442.0,63700.555555555555,90.0
CUST_003457,LOAN_00003457,50594,58440,60,Good,GTBank,Benin City,10.054422503503924,4.799724289818537,Temporary,PhD,3.0,311921.0,103973.66666666667,205574.0,7380.0,127165.0,100.0
CUST_003458,LOAN_00003458,34110,44857,90,Good,UBA,Kaduna,7.484174580740335,12.406948567046804,Contract,Secondary,5.0,254344.0,50868.8,102229.0,11749.0,64455.8,108.0
CUST_003459,LOAN_00003459,101540,118204,90,Good,Fidelity Bank,Ibadan,6.2617691842794105,6.989372618971659,Contract,HND/BSc,1.0,53034.0,53034.0,53034.0,53034.0,72856.0,30.0
CUST_003460,LOAN_00003460,209502,247666,60,Good,Zenith Bank,Calabar,5.49580483127871,10.0961110775837,Permanent,HND/BSc,4.0,192087.0,48021.75,116322.0,15278.0,57249.0,75.0
CUST_003461,LOAN_00003461,14655,18372,365,Good,Zenith Bank,Calabar,7.14526707579363,11.587670832803513,Temporary,HND/BSc,1.0,27392.0,27392.0,27392.0,27392.0,32555.0,180.0
CUST_003462,LOAN_00003462,214137,283235,30,Good,UBA,Calabar,10.676258277215547,13.668505412281934,Self-Employed,HND/BSc,1.0,178419.0,178419.0,178419.0,178419.0,245488.0,90.0
CUST_003463,LOAN_00003463,120038,145519,60,Bad,Zenith Bank,Enugu,10.810344191003226,13.029449237426402,Self-Employed,,1.0,24697.0,24697.0,24697.0,24697.0,34540.0,30.0
CUST_003464,LOAN_00003464,66577,83769,60,Bad,Zenith Bank,Port Harcourt,10.002148480157892,10.299708337242716,Contract,HND/BSc,1.0,69702.0,69702.0,69702.0,69702.0,90351.0,30.0
CUST_003465,LOAN_00003465,20481,24317,90,Good,Zenith Bank,Ibadan,6.106253577761871,7.660718164606643,Contract,Masters,4.0,210782.0,52695.5,74115.0,25748.0,68902.0,105.0
CUST_003466,LOAN_00003466,33450,40757,60,Good,Stanbic IBTC,Jos,9.29277621269228,9.038456040899568,Contract,Secondary,4.0,138771.0,34692.75,79243.0,10393.0,45137.75,142.5
CUST_003467,LOAN_00003467,25695,33452,30,Good,Fidelity Bank,Lagos,9.136206954191632,12.224817520545631,Permanent,HND/BSc,1.0,67066.0,67066.0,67066.0,67066.0,89028.0,30.0
CUST_003468,LOAN_00003468,81015,101054,60,Good,Access Bank,Lagos,8.358395782987529,13.530546510713677,Self-Employed,HND/BSc,0.0,0.0,0.0,0.0,0.0,0.0,0.0
CUST_003469,LOAN_00003469,53776,70080,90,Good,Fidelity Bank,Kaduna,8.949810877454778,4.245383138120062,Temporary,Masters,1.0,26942.0,26942.0,26942.0,26942.0,34214.0,60.0
CUST_003470,LOAN_00003470,58198,66978,30,Good,UBA,Ibadan,8.426115693613013,7.6182751499166415,Permanent,HND/BSc,1.0,20446.0,20446.0,20446.0,20446.0,28238.0,60.0
CUST_003471,LOAN_00003471,137543,184044,60,Good,Zenith Bank,Ibadan,9.089107294666974,12.313399180962008,Permanent,HND/BSc,3.0,78846.0,26282.0,52556.0,10494.0,32210.0,140.0
CUST_003472,LOAN_00003472,12165,15610,60,Bad,Fidelity Bank,Lagos,10.439553591590158,8.179821151127532,Self-Employed,Secondary,1.0,34555.0,34555.0,34555.0,34555.0,45216.0,180.0
CUST_003473,LOAN_00003473,52154,61064,90,Good,Stanbic IBTC,Benin City,4.986653749630958,6.986733168795406,Permanent,Secondary,0.0,0.0,0.0,0.0,0.0,0.0,0.0
CUST_003474,LOAN_00003474,22408,27897,180,Good,Union Bank,Lagos,10.746631769341214,7.935872361879236,Contract,HND/BSc,2.0,145169.0,72584.5,91108.0,54061.0,89220.5,135.0
CUST_003475,LOAN_00003475,14840,17790,30,Good,UBA,Ibadan,5.222975351148348,10.23413696143621,Self-Employed,HND/BSc,4.0,314343.0,78585.75,97213.0,51248.0,100372.5,75.0
CUST_003476,LOAN_00003476,25775,33592,30,Good,First Bank,Calabar,4.599651985693372,14.997661729605618,Permanent,Secondary,3.0,136405.0,45468.333333333336,70488.0,31158.0,61636.333333333336,70.0
CUST_003477,LOAN_00003477,82183,106982,365,Bad,Fidelity Bank,Benin City,12.784717175993208,8.915909149254382,Self-Employed,Secondary,0.0,0.0,0.0,0.0,0.0,0.0,0.0
CUST_003478,LOAN_00003478,65481,85872,180,Good,First Bank,Kano,12.612925919833971,5.501933699451127,Contract,Masters,1.0,122983.0,122983.0,122983.0,122983.0,153566.0,180.0
CUST_003479,LOAN_00003479,100515,132816,90,Bad,Zenith Bank,Jos,4.543928904465076,4.954158903349137,Self-Employed,Secondary,2.0,125989.0,62994.5,98966.0,27023.0,76825.5,120.0
CUST_003480,LOAN_00003480,78072,90860,365,Bad,Stanbic IBTC,Enugu,7.98928097327466,3.5081969697169715,Self-Employed,Masters,10.0,553167.0,55316.7,265164.0,5000.0,70368.0,90.0
CUST_003481,LOAN_00003481,45724,61115,90,Good,Stanbic IBTC,Port Harcourt,5.676204444697973,9.705806819019855,Self-Employed,Secondary,2.0,83056.0,41528.0,51903.0,31153.0,55219.5,45.0
CUST_003482,LOAN_00003482,24475,28487,30,Good,Fidelity Bank,Kano,8.368104074209763,9.53486509786601,Permanent,Secondary,8.0,478763.0,59845.375,114771.0,24098.0,75081.375,105.0
CUST_003483,LOAN_00003483,43172,51689,30,Good,UBA,Abuja,11.471595186996286,5.46280712136371,Permanent,HND/BSc,0.0,0.0,0.0,0.0,0.0,0.0,0.0
CUST_003484,LOAN_00003484,50459,63329,90,Good,UBA,Lagos,12.555505972686012,11.343952877430803,Permanent,HND/BSc,2.0,166952.0,83476.0,136504.0,30448.0,97320.5,45.0
CUST_003485,LOAN_00003485,72906,89029,60,Good,Stanbic IBTC,Jos,9.708273881063835,11.89328449955617,Contract,HND/BSc,2.0,57561.0,28780.5,37628.0,19933.0,37184.5,120.0
CUST_003486,LOAN_00003486,78603,104857,60,Bad,UBA,Lagos,7.185151004906354,6.109178464585336,Self-Employed,HND/BSc,5.0,132847.0,26569.4,79280.0,12561.0,33475.8,48.0
CUST_003487,LOAN_00003487,54176,65616,90,Good,Stanbic IBTC,Lagos,9.429930090801385,7.129197168356838,Contract,Secondary,4.0,232542.0,58135.5,144051.0,6666.0,73565.75,75.0
CUST_003488,LOAN_00003488,91117,113304,90,Good,Fidelity Bank,Kano,6.808011754976053,14.88566006816708,Self-Employed,HND/BSc,2.0,65931.0,32965.5,55838.0,10093.0,44828.5,180.0
CUST_003489,LOAN_00003489,28634,38062,90,Good,Access Bank,Calabar,12.188412767488543,7.49117361420881,Permanent,HND/BSc,2.0,220374.0,110187.0,199855.0,20519.0,129735.5,105.0
CUST_003490,LOAN_00003490,350492,449853,90,Bad,Stanbic IBTC,Calabar,11.833604167952531,12.129620061073222,Permanent,HND/BSc,2.0,622989.0,311494.5,528238.0,94751.0,408311.5,45.0
CUST_003491,LOAN_00003491,118941,160440,60,Bad,First Bank,Enugu,9.02408575251695,8.43270511955928,Self-Employed,Masters,5.0,947100.0,189420.0,612629.0,8858.0,227250.0,96.0
CUST_003492,LOAN_00003492,37480,49264,365,Good,UBA,Benin City,6.923190238423245,12.52013793433171,Contract,Masters,1.0,13351.0,13351.0,13351.0,13351.0,17739.0,30.0
CUST_003493,LOAN_00003493,40556,50656,90,Good,Stanbic IBTC,Lagos,6.640507080246805,12.228278865391776,Self-Employed,HND/BSc,3.0,98558.0,32852.666666666664,50931.0,13006.0,44267.333333333336,40.0
CUST_003494,LOAN_00003494,142291,176766,365,Good,Stanbic IBTC,Kaduna,4.300761952345535,11.013072302382428,Permanent,Masters,1.0,21993.0,21993.0,21993.0,21993.0,30163.0,180.0
CUST_003495,LOAN_00003495,121849,163145,60,Bad,Fidelity Bank,Calabar,11.342387659227658,13.25734015554695,Temporary,PhD,2.0,78427.0,39213.5,68717.0,9710.0,49612.5,105.0
CUST_003496,LOAN_00003496,143394,183442,365,Bad,UBA,Ibadan,8.053448917351073,14.270621938532225,Contract,HND/BSc,5.0,282177.0,56435.4,78081.0,38948.0,73199.6,120.0
CUST_003497,LOAN_00003497,75376,90254,90,Bad,Access Bank,Jos,6.92619635560238,9.959799845425009,Self-Employed,Secondary,4.0,286672.0,71668.0,171413.0,21763.0,92207.5,90.0
CUST_003498,LOAN_00003498,27772,35270,365,Good,Fidelity Bank,Kaduna,8.239993194979785,5.849626886672949,Permanent,PhD,3.0,136944.0,45648.0,58401.0,25341.0,57304.666666666664,40.0
CUST_003499,LOAN_00003499,20041,24090,90,Good,Access Bank,Kano,11.368641914091867,7.7835475397289,Contract,Secondary,2.0,219637.0,109818.5,183011.0,36626.0,130389.0,60.0
CUST_003500,LOAN_00003500,71147,91596,180,Bad,Union Bank,Kano,5.121527869367691,12.099668562159518,Temporary,Secondary,3.0,117921.0,39307.0,79444.0,16997.0,47912.666666666664,60.0
CUST_003501,LOAN_00003501,192734,241380,180,Bad,Fidelity Bank,Enugu,11.718903894176446,10.810601821486436,Self-Employed,HND/BSc,2.0,74301.0,37150.5,39605.0,34696.0,47465.0,45.0
CUST_003502,LOAN_00003502,27669,32386,365,Good,UBA,Enugu,12.077579515975186,5.133580062782984,Permanent,Masters,2.0,180211.0,90105.5,158884.0,21327.0,121450.5,120.0
CUST_003503,LOAN_00003503,43438,55842,180,Good,GTBank,Benin City,12.520371235304994,3.614874493757097,Permanent,PhD,3.0,100215.0,33405.0,51743.0,17669.0,43612.0,70.0
CUST_003504,LOAN_00003504,24082,29755,365,Good,UBA,Ibadan,7.57739193180365,11.195539122504778,Contract,HND/BSc,1.0,46774.0,46774.0,46774.0,46774.0,57057.0,30.0
CUST_003505,LOAN_00003505,93907,113668,30,Good,UBA,Jos,5.954263636339046,6.012948288352144,Permanent,,0.0,0.0,0.0,0.0,0.0,0.0,0.0
CUST_003506,LOAN_00003506,23651,29926,90,Good,Access Bank,Ibadan,7.362767366200286,8.996042924748641,Self-Employed,Secondary,1.0,29212.0,29212.0,29212.0,29212.0,37945.0,180.0
CUST_003507,LOAN_00003507,29159,36752,180,Good,Access Bank,Abuja,6.996208866082629,11.960961270151133,Permanent,Secondary,0.0,0.0,0.0,0.0,0.0,0.0,0.0
CUST_003508,LOAN_00003508,10000,13015,180,Good,UBA,Enugu,5.585385212525741,9.752001367875998,Permanent,HND/BSc,2.0,146162.0,73081.0,126080.0,20082.0,98841.0,60.0
CUST_003509,LOAN_00003509,20707,27729,180,Bad,UBA,Benin City,9.465400030913392,3.9996309973415567,Self-Employed,,3.0,61705.0,20568.333333333332,42938.0,5422.0,25341.666666666668,70.0
CUST_003510,LOAN_00003510,50239,63228,30,Good,UBA,Port Harcourt,8.28961744457766,5.226962841402665,Contract,HND/BSc,5.0,270961.0,54192.2,125167.0,5000.0,72886.2,102.0
CUST_003511,LOAN_00003511,47116,55028,90,Bad,Access Bank,Lagos,11.791308930916031,5.63193820837103,Self-Employed,Secondary,1.0,10630.0,10630.0,10630.0,10630.0,14357.0,60.0
CUST_003512,LOAN_00003512,52147,64405,90,Bad,UBA,Lagos,4.288986224338524,6.094371043738139,Temporary,Secondary,1.0,80889.0,80889.0,80889.0,80889.0,98403.0,60.0
CUST_003513,LOAN_00003513,30354,36217,90,Good,UBA,Port Harcourt,9.794811347996138,9.78484070340605,Permanent,Secondary,5.0,478634.0,95726.8,218819.0,41315.0,124932.8,54.0
CUST_003514,LOAN_00003514,58937,79308,90,Good,Union Bank,Calabar,10.86653990660405,9.04758935790472,Self-Employed,HND/BSc,1.0,13527.0,13527.0,13527.0,13527.0,18917.0,30.0
CUST_003515,LOAN_00003515,74600,85914,90,Bad,Zenith Bank,Ibadan,10.835379122694764,5.437920460370507,Permanent,Secondary,3.0,107592.0,35864.0,68326.0,16988.0,43367.666666666664,100.0
CUST_003516,LOAN_00003516,67972,84976,60,Good,GTBank,Port Harcourt,11.974665703859726,3.810658121468245,Contract,PhD,0.0,0.0,0.0,0.0,0.0,0.0,0.0
CUST_003517,LOAN_00003517,49988,64958,60,Good,First Bank,Benin City,10.561303685465449,5.057186453696617,Permanent,HND/BSc,4.0,113268.0,28317.0,42489.0,12241.0,37046.5,52.5
CUST_003518,LOAN_00003518,45345,54815,365,Good,GTBank,Jos,12.350290554829266,14.81257575142324,Permanent,HND/BSc,3.0,120093.0,40031.0,57238.0,26015.0,49460.666666666664,80.0
CUST_003519,LOAN_00003519,173711,218344,90,Good,Zenith Bank,Port Harcourt,6.993909398388023,8.622563397497668,Permanent,Secondary,6.0,826478.0,137746.33333333334,419080.0,21838.0,171445.0,110.0
CUST_003520,LOAN_00003520,199518,248217,90,Good,First Bank,Benin City,8.528884750763888,13.40814605642535,Permanent,Secondary,1.0,34192.0,34192.0,34192.0,34192.0,43157.0,90.0
CUST_003521,LOAN_00003521,180352,218397,180,Bad,Fidelity Bank,Enugu,4.126716969546016,13.18502960002612,Self-Employed,HND/BSc,2.0,179698.0,89849.0,137018.0,42680.0,110357.0,120.0
CUST_003522,LOAN_00003522,34667,42413,365,Bad,UBA,Kaduna,4.062618285729621,9.138234689554483,Self-Employed,Masters,3.0,74125.0,24708.333333333332,35040.0,18249.0,32578.333333333332,100.0
CUST_003523,LOAN_00003523,22955,27466,30,Good,Zenith Bank,Kano,6.16113958406368,11.480252501526522,Temporary,HND/BSc,3.0,78307.0,26102.333333333332,40329.0,10714.0,34099.333333333336,50.0
CUST_003524,LOAN_00003524,97654,115491,90,Good,Union Bank,Kano,4.907264774251767,5.313024124952547,Contract,Masters,3.0,141549.0,47183.0,68563.0,34589.0,59154.666666666664,60.0
CUST_003525,LOAN_00003525,131136,167931,365,Bad,Fidelity Bank,Abuja,6.341902311421783,11.2607604591229,Permanent,Masters,6.0,262265.0,43710.833333333336,113567.0,10913.0,53637.0,55.0
CUST_003526,LOAN_00003526,161350,215525,60,Good,UBA,Ibadan,5.593389650755577,6.268614951159474,Permanent,Secondary,7.0,314006.0,44858.0,102444.0,16949.0,55536.57142857143,77.14285714285714
CUST_003527,LOAN_00003527,141411,180706,365,Bad,Access Bank,Jos,4.256680223547834,12.984745161049808,Permanent,Secondary,6.0,340588.0,56764.666666666664,118994.0,18842.0,71550.5,85.0
CUST_003528,LOAN_00003528,18649,23461,60,Good,Stanbic IBTC,Kaduna,12.183737317654444,4.004689597306919,Permanent,HND/BSc,2.0,158994.0,79497.0,142697.0,16297.0,108763.5,180.0
CUST_003529,LOAN_00003529,18252,22434,60,Good,Zenith Bank,Kaduna,4.074008182500024,12.27766407462333,Self-Employed,HND/BSc,8.0,558014.0,69751.75,142206.0,7850.0,88018.125,105.0
CUST_003530,LOAN_00003530,33475,39715,365,Good,Access Bank,Enugu,10.624739299033768,4.199242878823434,Contract,Secondary,1.0,38350.0,38350.0,38350.0,38350.0,45167.0,90.0
CUST_003531,LOAN_00003531,295354,350305,60,Good,Zenith Bank,Port Harcourt,5.369330982275649,13.574270842731709,Permanent,HND/BSc,1.0,23929.0,23929.0,23929.0,23929.0,31513.0,180.0
CUST_003532,LOAN_00003532,71960,88194,60,Good,Union Bank,Ibadan,12.2100665979964,6.6504542176200445,Permanent,HND/BSc,1.0,10873.0,10873.0,10873.0,10873.0,12971.0,180.0
CUST_003533,LOAN_00003533,48745,59849,30,Good,Zenith Bank,Lagos,12.035163456308972,10.852720377966897,Permanent,PhD,3.0,109422.0,36474.0,58560.0,14924.0,47335.666666666664,70.0
CUST_003534,LOAN_00003534,49246,60881,365,Good,Access Bank,Kaduna,9.885110317323315,8.850027343443358,Permanent,Secondary,1.0,23649.0,23649.0,23649.0,23649.0,27591.0,60.0
CUST_003535,LOAN_00003535,50493,59126,30,Good,Union Bank,Benin City,10.050107348205447,7.395637743148068,Permanent,Secondary,0.0,0.0,0.0,0.0,0.0,0.0,0.0
CUST_003536,LOAN_00003536,109344,147287,90,Good,First Bank,Lagos,4.048052277727197,10.745301998201958,Self-Employed,HND/BSc,6.0,341344.0,56890.666666666664,113745.0,19729.0,72197.16666666667,95.0
CUST_003537,LOAN_00003537,13259,16132,60,Good,GTBank,Abuja,12.86384409502242,14.370275766614856,Permanent,HND/BSc,5.0,225801.0,45160.2,142100.0,12481.0,57649.2,102.0
CUST_003538,LOAN_00003538,86452,99701,30,Bad,UBA,Port Harcourt,11.90049343218233,3.4952369684954623,Self-Employed,HND/BSc,3.0,128776.0,42925.333333333336,85190.0,19084.0,54505.666666666664,180.0
CUST_003539,LOAN_00003539,38882,51691,30,Good,Zenith Bank,Port Harcourt,12.055956031570828,14.026234270597252,Permanent,PhD,6.0,360509.0,60084.833333333336,106070.0,15408.0,80398.83333333333,85.0
CUST_003540,LOAN_00003540,139673,183849,60,Good,UBA,Jos,9.933200833457848,10.308979860252162,Permanent,Masters,2.0,155576.0,77788.0,104584.0,50992.0,95676.5,120.0
CUST_003541,LOAN_00003541,19970,26891,60,Good,Stanbic IBTC,Kaduna,7.103082357890829,12.687771609228628,Self-Employed,HND/BSc,1.0,52714.0,52714.0,52714.0,52714.0,61443.0,180.0
CUST_003542,LOAN_00003542,22488,29436,90,Good,Access Bank,Enugu,12.042837841814327,7.606499441211331,Contract,Secondary,2.0,120531.0,60265.5,95895.0,24636.0,78066.0,30.0
CUST_003543,LOAN_00003543,102520,132010,90,Good,UBA,Calabar,6.623652353360731,8.662115698051364,Permanent,HND/BSc,0.0,0.0,0.0,0.0,0.0,0.0,0.0
CUST_003544,LOAN_00003544,73348,89397,60,Bad,Access Bank,Calabar,9.064403890079824,13.426209021613968,Self-Employed,HND/BSc,0.0,0.0,0.0,0.0,0.0,0.0,0.0
CUST_003545,LOAN_00003545,54772,72640,60,Good,UBA,Kano,4.897578751094942,7.978175637717877,Permanent,Masters,2.0,49172.0,24586.0,28787.0,20385.0,31521.5,105.0
CUST_003546,LOAN_00003546,216758,260841,60,Bad,GTBank,Benin City,12.297600671194752,9.41591480098902,Permanent,,2.0,269068.0,134534.0,253959.0,15109.0,175470.5,60.0
CUST_003547,LOAN_00003547,161542,201790,60,Bad,GTBank,Lagos,5.26693411994092,3.242339077011995,Self-Employed,HND/BSc,1.0,102751.0,102751.0,102751.0,102751.0,130305.0,60.0
CUST_003548,LOAN_00003548,115096,148266,180,Bad,Union Bank,Abuja,6.024071251573665,4.903176070056508,Self-Employed,HND/BSc,3.0,115780.0,38593.333333333336,50401.0,15476.0,50968.0,90.0
CUST_003549,LOAN_00003549,10465,13471,60,Good,GTBank,Kano,9.023207423153934,10.700238095697596,Permanent,Secondary,1.0,22980.0,22980.0,22980.0,22980.0,31565.0,60.0
CUST_003550,LOAN_00003550,17656,23374,60,Good,Union Bank,Port Harcourt,10.876837001916831,11.603722812766526,Permanent,Secondary,1.0,32292.0,32292.0,32292.0,32292.0,43954.0,60.0
CUST_003551,LOAN_00003551,341084,458434,60,Bad,GTBank,Lagos,9.57416175342669,9.991211241413993,Self-Employed,Secondary,1.0,148202.0,148202.0,148202.0,148202.0,190605.0,180.0
CUST_003552,LOAN_00003552,56080,70904,180,Good,GTBank,Ibadan,6.089205215201405,4.7197204353073285,Permanent,Secondary,2.0,79068.0,39534.0,63227.0,15841.0,47033.5,135.0
CUST_003553,LOAN_00003553,51769,64661,90,Good,GTBank,Kaduna,4.008487382747413,8.344865142934019,Permanent,HND/BSc,1.0,68698.0,68698.0,68698.0,68698.0,87671.0,30.0
CUST_003554,LOAN_00003554,30905,41510,30,Good,Access Bank,Abuja,10.814355222766952,7.261137196358278,Contract,HND/BSc,7.0,398654.0,56950.57142857143,98145.0,16720.0,71774.42857142857,81.42857142857143
CUST_003555,LOAN_00003555,79126,93146,90,Bad,Zenith Bank,Ibadan,12.866865933199843,8.947936128421059,Temporary,HND/BSc,2.0,188647.0,94323.5,131303.0,57344.0,124491.5,90.0
CUST_003556,LOAN_00003556,83262,111700,60,Good,Union Bank,Enugu,11.289218082754816,13.443948414649132,Permanent,HND/BSc,0.0,0.0,0.0,0.0,0.0,0.0,0.0
CUST_003557,LOAN_00003557,139246,177462,90,Bad,UBA,Kaduna,8.141859563409538,12.310337263903822,Self-Employed,HND/BSc,0.0,0.0,0.0,0.0,0.0,0.0,0.0
CUST_003558,LOAN_00003558,13688,16147,60,Good,GTBank,Lagos,12.13390535259196,4.007874016669907,Contract,HND/BSc,3.0,434771.0,144923.66666666666,287085.0,6119.0,196391.0,100.0
CUST_003559,LOAN_00003559,67065,89680,60,Bad,Access Bank,Kaduna,7.68862905806515,13.683710373294772,Contract,Secondary,7.0,335575.0,47939.28571428572,103137.0,16065.0,60371.42857142857,94.28571428571429
CUST_003560,LOAN_00003560,100691,125793,60,Bad,Access Bank,Kano,8.724406758191208,8.661205813797883,Self-Employed,,9.0,269009.0,29889.88888888889,55336.0,10505.0,38096.77777777778,80.0
CUST_003561,LOAN_00003561,55436,66038,60,Bad,Access Bank,Jos,8.29416790656115,11.926345738631982,Temporary,Secondary,4.0,192854.0,48213.5,105275.0,19946.0,63047.75,90.0
CUST_003562,LOAN_00003562,41551,53248,30,Good,Union Bank,Kano,8.028614853989724,4.680470775172226,Permanent,PhD,3.0,238989.0,79663.0,112009.0,22683.0,103573.0,50.0
CUST_003563,LOAN_00003563,23276,29243,90,Good,Zenith Bank,Enugu,10.976716923645151,11.048634308484576,Permanent,HND/BSc,1.0,52345.0,52345.0,52345.0,52345.0,70645.0,90.0
CUST_003564,LOAN_00003564,63471,84135,90,Bad,Union Bank,Benin City,8.740920165425429,5.835912211313495,Temporary,HND/BSc,7.0,227905.0,32557.85714285714,57815.0,10477.0,40325.71428571428,94.28571428571429
CUST_003565,LOAN_00003565,62398,76236,30,Good,UBA,Ibadan,6.850454098226945,8.260570765691178,Self-Employed,Secondary,3.0,63533.0,21177.666666666668,27024.0,15760.0,25200.333333333332,70.0
CUST_003566,LOAN_00003566,161132,197929,90,Bad,Zenith Bank,Kano,6.323423508926305,3.202354440985253,Contract,Secondary,0.0,0.0,0.0,0.0,0.0,0.0,0.0
CUST_003567,LOAN_00003567,51970,62289,365,Good,First Bank,Jos,4.3397258527069,4.819327655165712,Contract,HND/BSc,3.0,90989.0,30329.666666666668,49894.0,12274.0,38633.333333333336,80.0
CUST_003568,LOAN_00003568,158936,189675,90,Bad,Fidelity Bank,Benin City,9.248756456947412,4.104965917483437,Self-Employed,Masters,3.0,100569.0,33523.0,62758.0,18567.0,40239.666666666664,60.0
CUST_003569,LOAN_00003569,107161,138802,90,Bad,Access Bank,Kano,6.069652738609308,5.876930075259102,Self-Employed,Secondary,6.0,292832.0,48805.333333333336,177963.0,8485.0,59130.833333333336,70.0
CUST_003570,LOAN_00003570,54358,70511,90,Good,Union Bank,Port Harcourt,5.333205298147448,4.200217080291868,Temporary,HND/BSc,1.0,382325.0,382325.0,382325.0,382325.0,517073.0,90.0
CUST_003571,LOAN_00003571,209030,254571,365,Bad,First Bank,Jos,9.8844696744491,11.302920319434744,Contract,Secondary,2.0,73474.0,36737.0,68474.0,5000.0,43836.0,75.0
CUST_003572,LOAN_00003572,98900,126770,90,Good,Stanbic IBTC,Ibadan,10.13088332039394,3.3484788265106324,Permanent,HND/BSc,7.0,874084.0,124869.14285714286,394534.0,19724.0,162702.14285714287,132.85714285714286
CUST_003573,LOAN_00003573,54654,68600,30,Good,Union Bank,Abuja,10.769394030318994,10.412886007499976,Contract,PhD,1.0,130798.0,130798.0,130798.0,130798.0,179709.0,180.0
CUST_003574,LOAN_00003574,49979,58975,60,Good,GTBank,Calabar,8.532192067047323,4.688493969906891,Contract,Masters,6.0,224502.0,37417.0,91271.0,14209.0,45335.833333333336,100.0
CUST_003575,LOAN_00003575,12216,14736,365,Good,Fidelity Bank,Benin City,12.04649144683498,14.341937486134762,Contract,HND/BSc,1.0,75745.0,75745.0,75745.0,75745.0,100098.0,90.0
CUST_003576,LOAN_00003576,101863,126031,90,Bad,GTBank,Port Harcourt,12.42708478058405,14.197128877318251,Contract,Secondary,1.0,72988.0,72988.0,72988.0,72988.0,88056.0,180.0
CUST_003577,LOAN_00003577,42151,48629,90,Good,Zenith Bank,Abuja,11.266338458132406,5.706037230251551,Permanent,Secondary,2.0,49410.0,24705.0,30726.0,18684.0,30841.5,60.0
CUST_003578,LOAN_00003578,16944,21647,90,Good,Fidelity Bank,Lagos,9.720341338073684,10.373055578676354,Contract,,3.0,140101.0,46700.333333333336,95317.0,8619.0,56776.0,110.0
CUST_003579,LOAN_00003579,21788,28322,30,Good,Union Bank,Jos,6.733488582320698,3.336063833669501,Self-Employed,Secondary,5.0,135841.0,27168.2,90940.0,7150.0,32918.6,72.0
CUST_003580,LOAN_00003580,50496,65047,60,Good,UBA,Port Harcourt,12.84650429458199,14.18146251661409,Self-Employed,Masters,1.0,104436.0,104436.0,104436.0,104436.0,138448.0,30.0
CUST_003581,LOAN_00003581,28144,34219,90,Good,First Bank,Kaduna,6.467225504727445,9.275847698300517,Contract,HND/BSc,0.0,0.0,0.0,0.0,0.0,0.0,0.0
CUST_003582,LOAN_00003582,133711,165087,60,Good,UBA,Lagos,5.823912297913879,3.518677817013348,Permanent,,4.0,220706.0,55176.5,76089.0,36506.0,73109.75,67.5
CUST_003583,LOAN_00003583,94277,121527,90,Good,Union Bank,Lagos,7.979387024079244,7.109999916097649,Contract,HND/BSc,6.0,227923.0,37987.166666666664,74181.0,10692.0,46370.0,105.0
CUST_003584,LOAN_00003584,34322,39756,60,Good,Zenith Bank,Benin City,4.511565136411496,3.9221935423348095,Self-Employed,HND/BSc,2.0,49429.0,24714.5,36507.0,12922.0,30449.0,105.0
CUST_003585,LOAN_00003585,77579,99148,60,Good,GTBank,Jos,12.806450182046117,7.7153332724803185,Contract,HND/BSc,9.0,404617.0,44957.444444444445,101291.0,7297.0,56847.77777777778,96.66666666666667
CUST_003586,LOAN_00003586,179057,210141,60,Bad,Fidelity Bank,Port Harcourt,9.295902007747824,11.039116105935877,Self-Employed,,6.0,260498.0,43416.333333333336,150513.0,14273.0,52565.166666666664,80.0
CUST_003587,LOAN_00003587,54213,71744,180,Good,UBA,Enugu,9.012568824977578,8.638678896497275,Contract,,1.0,133417.0,133417.0,133417.0,133417.0,174031.0,60.0
CUST_003588,LOAN_00003588,57516,70960,30,Good,Union Bank,Port Harcourt,9.90216651909748,7.604666096633453,Permanent,Masters,5.0,286062.0,57212.4,147365.0,5000.0,75233.4,84.0
CUST_003589,LOAN_00003589,18306,21540,90,Good,UBA,Kano,8.47321282999486,4.429884546485578,Self-Employed,Masters,4.0,230458.0,57614.5,116692.0,27337.0,70790.5,112.5
CUST_003590,LOAN_00003590,86726,107079,90,Good,Union Bank,Lagos,4.288571653850874,5.939268548323875,Permanent,HND/BSc,3.0,111586.0,37195.333333333336,73775.0,13080.0,45638.0,100.0
CUST_003591,LOAN_00003591,53106,70673,60,Good,GTBank,Ibadan,9.510801599563573,4.201719452860214,Contract,Masters,1.0,19204.0,19204.0,19204.0,19204.0,24290.0,180.0
CUST_003592,LOAN_00003592,16298,20598,60,Good,Fidelity Bank,Lagos,10.445564892607877,12.689984779879929,Permanent,Masters,3.0,121192.0,40397.333333333336,68179.0,6738.0,48503.666666666664,110.0
CUST_003593,LOAN_00003593,47092,54269,30,Good,First Bank,Lagos,7.750741545616478,4.622877935816671,Permanent,HND/BSc,0.0,0.0,0.0,0.0,0.0,0.0,0.0
CUST_003594,LOAN_00003594,48280,56331,90,Good,GTBank,Calabar,10.815660148640736,10.144480398586722,Contract,HND/BSc,10.0,759911.0,75991.1,206295.0,10175.0,94817.5,81.0
CUST_003595,LOAN_00003595,101568,127772,30,Good,UBA,Kaduna,6.043011694045786,7.112884963066151,Contract,HND/BSc,4.0,149075.0,37268.75,50764.0,16709.0,48545.25,112.5
CUST_003596,LOAN_00003596,49397,65393,90,Good,First Bank,Enugu,5.991489319595656,5.711740615862202,Self-Employed,HND/BSc,3.0,207689.0,69229.66666666667,118448.0,32695.0,81919.66666666667,150.0
CUST_003597,LOAN_00003597,41859,54608,90,Good,Union Bank,Abuja,5.452752889188165,10.673621273905244,Self-Employed,Masters,8.0,381429.0,47678.625,105588.0,20537.0,61704.0,101.25
CUST_003598,LOAN_00003598,23464,27181,30,Good,First Bank,Abuja,7.347952838102456,8.484027712523288,Self-Employed,HND/BSc,6.0,366222.0,61037.0,217884.0,10682.0,75378.16666666667,80.0
CUST_003599,LOAN_00003599,44431,52027,180,Good,Union Bank,Kaduna,11.623108318501751,7.801745607414709,Contract,Secondary,4.0,284393.0,71098.25,147919.0,16841.0,91645.25,120.0
CUST_003600,LOAN_00003600,68134,91942,90,Good,GTBank,Lagos,11.45120855934158,10.11422405870666,Contract,HND/BSc,4.0,183884.0,45971.0,75957.0,20259.0,59463.75,60.0
CUST_003601,LOAN_00003601,54581,65362,60,Good,UBA,Abuja,7.445417871671534,8.895211541880009,Contract,Secondary,2.0,22320.0,11160.0,16670.0,5650.0,13218.5,105.0
CUST_003602,LOAN_00003602,25017,28951,90,Good,Zenith Bank,Jos,9.30206862382213,6.641810502618729,Contract,HND/BSc,3.0,73754.0,24584.666666666668,36483.0,5000.0,33517.666666666664,80.0
CUST_003603,LOAN_00003603,37606,45088,60,Good,UBA,Enugu,10.48734684827424,9.70873545318302,Contract,PhD,5.0,126343.0,25268.6,42759.0,9403.0,31957.0,150.0
CUST_003604,LOAN_00003604,77021,98418,30,Bad,Union Bank,Abuja,6.170860971652207,11.033982918608334,Temporary,HND/BSc,3.0,138489.0,46163.0,72552.0,30357.0,62437.0,50.0
CUST_003605,LOAN_00003605,105272,139817,180,Good,Access Bank,Kaduna,5.513269773052723,3.3203179030422514,Permanent,Masters,4.0,341796.0,85449.0,153404.0,11267.0,108787.75,127.5
CUST_003606,LOAN_00003606,53667,64907,30,Bad,Fidelity Bank,Kano,12.748863938910798,8.590460746892104,Temporary,Secondary,1.0,26761.0,26761.0,26761.0,26761.0,36413.0,90.0
CUST_003607,LOAN_00003607,174912,233128,30,Good,Stanbic IBTC,Abuja,9.558015818886568,3.692199415002525,Permanent,PhD,2.0,31053.0,15526.5,19746.0,11307.0,20398.0,45.0
CUST_003608,LOAN_00003608,57576,74769,60,Good,Zenith Bank,Enugu,12.832741496502974,5.236864968817333,Permanent,HND/BSc,2.0,141025.0,70512.5,105179.0,35846.0,90914.5,90.0
CUST_003609,LOAN_00003609,51451,67038,90,Good,First Bank,Benin City,7.039803884190062,9.726104808935675,Permanent,Secondary,2.0,289829.0,144914.5,160406.0,129423.0,174633.5,60.0
CUST_003610,LOAN_00003610,43663,50219,60,Good,Zenith Bank,Benin City,10.327285299767183,13.394266983186968,Contract,HND/BSc,0.0,0.0,0.0,0.0,0.0,0.0,0.0
CUST_003611,LOAN_00003611,18970,25413,90,Good,Fidelity Bank,Jos,6.00343272887114,13.593668150261818,Permanent,,2.0,69153.0,34576.5,44141.0,25012.0,44503.5,135.0
CUST_003612,LOAN_00003612,68238,80140,30,Bad,First Bank,Port Harcourt,6.350801541465216,3.8393281216635753,Self-Employed,Secondary,1.0,83867.0,83867.0,83867.0,83867.0,99427.0,180.0
CUST_003613,LOAN_00003613,349607,410664,180,Bad,Fidelity Bank,Port Harcourt,8.607119091426615,8.029261035440479,Self-Employed,HND/BSc,2.0,74518.0,37259.0,68179.0,6339.0,51350.5,105.0
CUST_003614,LOAN_00003614,19112,25753,90,Good,First Bank,Abuja,6.8765631295726415,9.996077796054616,Self-Employed,PhD,3.0,101072.0,33690.666666666664,39089.0,30978.0,42729.333333333336,120.0
CUST_003615,LOAN_00003615,178042,218611,90,Good,Zenith Bank,Ibadan,5.50859407456526,4.764838854604121,Contract,Secondary,2.0,60141.0,30070.5,50244.0,9897.0,34977.0,105.0
CUST_003616,LOAN_00003616,10000,12921,60,Good,First Bank,Kano,6.365926317903934,12.18518660093726,Temporary,HND/BSc,0.0,0.0,0.0,0.0,0.0,0.0,0.0
CUST_003617,LOAN_00003617,44250,57915,180,Bad,First Bank,Kaduna,4.321735550192781,11.930823101246864,Self-Employed,HND/BSc,8.0,326530.0,40816.25,110944.0,6386.0,51320.25,97.5
CUST_003618,LOAN_00003618,66284,87065,30,Good,Access Bank,Kano,10.33981259329738,13.840092164481536,Contract,HND/BSc,3.0,216722.0,72240.66666666667,133343.0,23890.0,96508.33333333333,110.0
CUST_003619,LOAN_00003619,77748,102874,60,Bad,UBA,Benin City,8.429049913772754,3.101832145001316,Self-Employed,HND/BSc,1.0,32885.0,32885.0,32885.0,32885.0,42724.0,30.0
CUST_003620,LOAN_00003620,19501,24450,60,Good,UBA,Abuja,4.848187597640731,5.600210927868032,Contract,Secondary,5.0,309405.0,61881.0,79467.0,37175.0,79791.8,60.0
CUST_003621,LOAN_00003621,112342,132209,180,Good,Stanbic IBTC,Enugu,5.545245938156421,12.92624057094386,Contract,Masters,3.0,263755.0,87918.33333333333,207407.0,27339.0,116619.66666666667,110.0
CUST_003622,LOAN_00003622,66015,86697,90,Good,Stanbic IBTC,Kaduna,4.922810843013796,11.046960609923223,Permanent,Secondary,2.0,32156.0,16078.0,20555.0,11601.0,20716.0,105.0
CUST_003623,LOAN_00003623,41994,50384,60,Good,Union Bank,Kano,9.513335274482888,13.732678244381889,Contract,HND/BSc,0.0,0.0,0.0,0.0,0.0,0.0,0.0
CUST_003624,LOAN_00003624,115552,134972,60,Good,Union Bank,Enugu,4.847893272512444,3.6861558543631983,Permanent,HND/BSc,0.0,0.0,0.0,0.0,0.0,0.0,0.0
CUST_003625,LOAN_00003625,68047,80343,365,Good,Union Bank,Kaduna,10.788540997316945,10.163567588597314,Permanent,HND/BSc,3.0,131155.0,43718.333333333336,64641.0,14451.0,54526.333333333336,150.0
CUST_003626,LOAN_00003626,54691,69626,180,Good,Access Bank,Kano,4.184598273883521,9.82855889872409,Self-Employed,HND/BSc,6.0,465830.0,77638.33333333333,320056.0,6888.0,95149.33333333333,125.0
CUST_003627,LOAN_00003627,78509,94620,180,Bad,Stanbic IBTC,Jos,6.244382091963029,3.4280929963263884,Temporary,Masters,8.0,488998.0,61124.75,222639.0,11996.0,78026.375,82.5
CUST_003628,LOAN_00003628,28702,35728,90,Good,Fidelity Bank,Benin City,12.016000083027164,9.162264922949802,Temporary,PhD,2.0,136503.0,68251.5,75855.0,60648.0,87244.0,120.0
CUST_003629,LOAN_00003629,226848,289460,180,Good,Union Bank,Lagos,10.466781863100216,10.31424373571909,Contract,Masters,2.0,49732.0,24866.0,35751.0,13981.0,31543.0,75.0
CUST_003630,LOAN_00003630,149743,183678,60,Good,Union Bank,Kaduna,4.656714996331189,5.295518090425286,Contract,HND/BSc,3.0,104450.0,34816.666666666664,62164.0,18572.0,42027.0,70.0
CUST_003631,LOAN_00003631,42692,54333,180,Good,Zenith Bank,Benin City,11.390134940366618,6.279954997495955,Permanent,Masters,5.0,276184.0,55236.8,194291.0,7658.0,72701.6,126.0
CUST_003632,LOAN_00003632,90194,106468,90,Bad,GTBank,Calabar,8.437316093861842,10.684168155572843,Self-Employed,PhD,0.0,0.0,0.0,0.0,0.0,0.0,0.0
CUST_003633,LOAN_00003633,42705,50173,90,Good,Fidelity Bank,Ibadan,11.621047244519463,8.6196113711995,Permanent,HND/BSc,1.0,19134.0,19134.0,19134.0,19134.0,22223.0,90.0
CUST_003634,LOAN_00003634,65778,77705,60,Bad,Union Bank,Abuja,9.40665797005354,13.296163890819924,Permanent,Secondary,2.0,87144.0,43572.0,62957.0,24187.0,60092.0,135.0
CUST_003635,LOAN_00003635,39635,51057,90,Good,Union Bank,Calabar,10.136497288295727,7.10858119211026,Self-Employed,Secondary,3.0,82472.0,27490.666666666668,50212.0,13079.0,36058.666666666664,90.0
CUST_003636,LOAN_00003636,53565,64637,30,Good,Union Bank,Enugu,12.941514043561371,6.199915900658414,Permanent,HND/BSc,5.0,117259.0,23451.8,53360.0,7918.0,31518.4,96.0
CUST_003637,LOAN_00003637,36258,46109,90,Good,GTBank,Kaduna,6.091019913316163,14.818391284138112,Permanent,PhD,4.0,304659.0,76164.75,122760.0,46521.0,93397.75,112.5
CUST_003638,LOAN_00003638,74428,88850,60,Good,GTBank,Abuja,9.615510172852495,13.933629241561,Self-Employed,HND/BSc,7.0,201546.0,28792.285714285714,69874.0,12185.0,35641.0,72.85714285714286
CUST_003639,LOAN_00003639,273706,366970,30,Good,Access Bank,Abuja,8.142892510516585,3.3479129399877583,Permanent,HND/BSc,1.0,33190.0,33190.0,33190.0,33190.0,40333.0,180.0
CUST_003640,LOAN_00003640,174866,230773,30,Good,Fidelity Bank,Calabar,4.355067576304223,12.248743383678791,Permanent,Secondary,1.0,28495.0,28495.0,28495.0,28495.0,33949.0,30.0
CUST_003641,LOAN_00003641,25200,32437,60,Good,Access Bank,Calabar,4.1302357735257855,4.324017285902436,Permanent,Secondary,1.0,125167.0,125167.0,125167.0,125167.0,149759.0,90.0
CUST_003642,LOAN_00003642,51917,69896,30,Good,First Bank,Lagos,5.073057200360728,3.3298223379524514,Permanent,HND/BSc,4.0,272184.0,68046.0,127933.0,29733.0,87407.5,127.5
CUST_003643,LOAN_00003643,38203,44801,180,Good,GTBank,Kano,9.841825664846931,6.284346191596187,Permanent,,2.0,134651.0,67325.5,117084.0,17567.0,81617.5,135.0
CUST_003644,LOAN_00003644,22376,28999,90,Good,Zenith Bank,Kaduna,9.104467791220529,6.232150548733252,Self-Employed,HND/BSc,3.0,196599.0,65533.0,104800.0,25723.0,82363.33333333333,80.0
CUST_003645,LOAN_00003645,74652,95984,180,Good,Stanbic IBTC,Benin City,8.980866050473548,12.831825148163576,Permanent,Masters,2.0,113105.0,56552.5,94517.0,18588.0,67120.5,60.0
CUST_003646,LOAN_00003646,43155,57857,60,Good,Zenith Bank,Port Harcourt,4.286710862754341,11.528006951314024,Self-Employed,Secondary,3.0,84663.0,28221.0,35676.0,18188.0,37426.666666666664,50.0
CUST_003647,LOAN_00003647,107202,143660,60,Good,Stanbic IBTC,Kaduna,8.223726967240063,14.779313127984173,Permanent,HND/BSc,4.0,97937.0,24484.25,36489.0,19108.0,30438.0,82.5
CUST_003648,LOAN_00003648,16278,21372,60,Good,GTBank,Kaduna,12.321605360582756,11.538154803741822,Contract,HND/BSc,3.0,128401.0,42800.333333333336,64696.0,21986.0,57601.333333333336,60.0
CUST_003649,LOAN_00003649,197557,261611,90,Bad,GTBank,Kaduna,7.57832682379582,8.019066639072575,Self-Employed,Masters,10.0,577298.0,57729.8,127726.0,7567.0,72828.9,117.0
CUST_003650,LOAN_00003650,105126,130134,60,Bad,GTBank,Abuja,9.624302228096107,11.3871319313426,Self-Employed,Secondary,1.0,69975.0,69975.0,69975.0,69975.0,85146.0,60.0
CUST_003651,LOAN_00003651,51994,61868,180,Good,Access Bank,Enugu,11.018368080608292,14.993508806236823,Contract,Secondary,3.0,166002.0,55334.0,97013.0,21219.0,68034.0,130.0
CUST_003652,LOAN_00003652,131566,160597,90,Bad,Fidelity Bank,Abuja,11.055327512276987,11.521702590750335,Temporary,Secondary,0.0,0.0,0.0,0.0,0.0,0.0,0.0
CUST_003653,LOAN_00003653,46155,57568,90,Good,Stanbic IBTC,Enugu,8.673520741557443,12.14017627176382,Permanent,PhD,0.0,0.0,0.0,0.0,0.0,0.0,0.0
CUST_003654,LOAN_00003654,125572,165062,365,Good,Fidelity Bank,Calabar,11.721567508621026,14.260380182283113,Contract,Secondary,6.0,438449.0,73074.83333333333,189180.0,5000.0,89293.5,80.0
CUST_003655,LOAN_00003655,92798,123758,180,Bad,Access Bank,Port Harcourt,7.522402840273722,4.3638151357402,Self-Employed,Secondary,3.0,276669.0,92223.0,200933.0,22502.0,125345.33333333333,180.0
CUST_003656,LOAN_00003656,217136,287423,90,Good,Access Bank,Abuja,11.998238933063185,11.457411521372723,Permanent,HND/BSc,3.0,178925.0,59641.666666666664,119350.0,28203.0,77593.0,110.0
CUST_003657,LOAN_00003657,100546,130125,60,Good,UBA,Enugu,6.162044497559908,13.209671495609388,Permanent,HND/BSc,1.0,22438.0,22438.0,22438.0,22438.0,27572.0,180.0
CUST_003658,LOAN_00003658,104721,140067,90,Good,Zenith Bank,Abuja,6.52194766291514,14.452543202650716,Permanent,Masters,1.0,155637.0,155637.0,155637.0,155637.0,199896.0,180.0
CUST_003659,LOAN_00003659,37204,48803,90,Good,Zenith Bank,Ibadan,4.4780856177910096,5.531631476540392,Contract,PhD,2.0,51946.0,25973.0,26520.0,25426.0,33103.5,60.0
CUST_003660,LOAN_00003660,98897,117608,60,Good,First Bank,Abuja,11.160236528880546,9.04714809269093,Permanent,HND/BSc,2.0,143438.0,71719.0,71742.0,71696.0,96817.5,180.0
CUST_003661,LOAN_00003661,53813,69845,30,Good,Union Bank,Port Harcourt,7.75349712609435,11.166658171733784,Permanent,PhD,5.0,222432.0,44486.4,86427.0,12861.0,54920.0,84.0
CUST_003662,LOAN_00003662,50741,59499,90,Good,Access Bank,Port Harcourt,6.062049525202591,5.969612754016049,Contract,Masters,0.0,0.0,0.0,0.0,0.0,0.0,0.0
CUST_003663,LOAN_00003663,59188,77511,365,Good,Stanbic IBTC,Enugu,6.086112498549217,10.20567435900329,Contract,Secondary,6.0,751979.0,125329.83333333333,306792.0,13679.0,153838.0,85.0
CUST_003664,LOAN_00003664,47369,62447,30,Good,UBA,Enugu,12.1125994710631,6.090945389975992,Permanent,PhD,0.0,0.0,0.0,0.0,0.0,0.0,0.0
CUST_003665,LOAN_00003665,55211,67514,60,Good,UBA,Calabar,11.505249404149332,7.001484246379768,Permanent,HND/BSc,2.0,272487.0,136243.5,261747.0,10740.0,180881.5,75.0
CUST_003666,LOAN_00003666,16722,22135,180,Good,Union Bank,Port Harcourt,8.98177796821465,8.29822435813038,Contract,HND/BSc,1.0,63984.0,63984.0,63984.0,63984.0,76029.0,30.0
CUST_003667,LOAN_00003667,125547,159239,60,Good,Fidelity Bank,Port Harcourt,9.54499720374149,9.350281184958805,Temporary,HND/BSc,1.0,28173.0,28173.0,28173.0,28173.0,32404.0,30.0
CUST_003668,LOAN_00003668,22592,27340,180,Good,Union Bank,Lagos,8.268930134952619,8.392390459501808,Self-Employed,HND/BSc,1.0,13821.0,13821.0,13821.0,13821.0,16891.0,60.0
CUST_003669,LOAN_00003669,41511,50758,60,Good,Union Bank,Kaduna,7.52499888590928,8.91834623745515,Self-Employed,Secondary,1.0,108502.0,108502.0,108502.0,108502.0,137629.0,30.0
CUST_003670,LOAN_00003670,109484,145912,60,Good,Union Bank,Jos,12.239291930964985,6.583065075459512,Permanent,Masters,0.0,0.0,0.0,0.0,0.0,0.0,0.0
CUST_003671,LOAN_00003671,45601,60647,180,Bad,Zenith Bank,Abuja,5.130514331682718,4.907581128271567,Permanent,Masters,1.0,13315.0,13315.0,13315.0,13315.0,16597.0,90.0
CUST_003672,LOAN_00003672,18228,23326,30,Good,Access Bank,Kano,7.7660211074460515,3.568199727922073,Contract,Masters,3.0,83321.0,27773.666666666668,60498.0,8824.0,33716.0,70.0
CUST_003673,LOAN_00003673,118879,149600,180,Bad,First Bank,Calabar,7.1010571718908775,5.351744669900013,Self-Employed,Secondary,2.0,111464.0,55732.0,89978.0,21486.0,69660.5,105.0
CUST_003674,LOAN_00003674,98693,114045,60,Good,Access Bank,Kaduna,8.483356482260335,9.983323698069396,Contract,,6.0,557664.0,92944.0,235127.0,8170.0,120614.0,95.0
CUST_003675,LOAN_00003675,293701,351723,180,Bad,Fidelity Bank,Jos,8.118686870906576,12.433385373637588,Self-Employed,Secondary,6.0,199523.0,33253.833333333336,89523.0,13032.0,40721.0,65.0
CUST_003676,LOAN_00003676,22955,29675,365,Bad,GTBank,Lagos,8.670005784859733,5.030971169314734,Temporary,HND/BSc,2.0,171040.0,85520.0,154583.0,16457.0,102020.5,60.0
CUST_003677,LOAN_00003677,104115,121086,180,Good,Union Bank,Kano,5.259270795042947,4.302664293271782,Permanent,Secondary,1.0,30808.0,30808.0,30808.0,30808.0,42524.0,60.0
CUST_003678,LOAN_00003678,23041,27673,60,Good,Access Bank,Enugu,8.618273513619494,11.991484326591005,Permanent,Secondary,0.0,0.0,0.0,0.0,0.0,0.0,0.0
CUST_003679,LOAN_00003679,35668,42292,60,Good,Fidelity Bank,Port Harcourt,6.181769324984898,6.661899966447477,Permanent,HND/BSc,8.0,643092.0,80386.5,214638.0,10939.0,102972.125,78.75
CUST_003680,LOAN_00003680,14052,17296,90,Good,GTBank,Ibadan,5.6589821408937215,14.41799327072823,Permanent,HND/BSc,2.0,61749.0,30874.5,55705.0,6044.0,40313.0,135.0
CUST_003681,LOAN_00003681,236489,297054,90,Good,GTBank,Calabar,4.583507969075721,11.571815647324478,Permanent,Masters,1.0,23909.0,23909.0,23909.0,23909.0,29466.0,30.0
CUST_003682,LOAN_00003682,25575,33176,365,Bad,Union Bank,Benin City,10.86387302880527,6.92107256691637,Self-Employed,,6.0,322426.0,53737.666666666664,80779.0,21406.0,67912.16666666667,95.0
CUST_003683,LOAN_00003683,195724,241252,90,Good,First Bank,Port Harcourt,7.84697728770904,6.474512973524459,Permanent,Masters,0.0,0.0,0.0,0.0,0.0,0.0,0.0
CUST_003684,LOAN_00003684,64305,76081,90,Good,Stanbic IBTC,Ibadan,9.639793149805826,9.284380635255708,Permanent,HND/BSc,0.0,0.0,0.0,0.0,0.0,0.0,0.0
CUST_003685,LOAN_00003685,38697,49965,60,Good,Zenith Bank,Jos,10.548340089742693,3.949736019338513,Permanent,Masters,2.0,60066.0,30033.0,41661.0,18405.0,38958.0,135.0
CUST_003686,LOAN_00003686,121180,141899,30,Bad,Access Bank,Enugu,10.113849987821984,4.412118151743588,Temporary,Masters,1.0,20536.0,20536.0,20536.0,20536.0,28186.0,30.0
CUST_003687,LOAN_00003687,88424,112551,60,Good,GTBank,Kano,8.23450647180714,5.11029457579431,Self-Employed,HND/BSc,3.0,252409.0,84136.33333333333,222821.0,12296.0,103178.0,80.0
CUST_003688,LOAN_00003688,112450,148974,90,Bad,Access Bank,Jos,7.491086760565569,12.296683119654723,Temporary,Masters,1.0,69609.0,69609.0,69609.0,69609.0,80943.0,90.0
CUST_003689,LOAN_00003689,28799,38648,60,Good,Stanbic IBTC,Port Harcourt,7.383639186765974,9.166288311229469,Temporary,HND/BSc,1.0,6141.0,6141.0,6141.0,6141.0,8472.0,180.0
CUST_003690,LOAN_00003690,31825,41167,90,Good,Zenith Bank,Port Harcourt,9.760439172370509,3.1268054732933157,Contract,HND/BSc,3.0,89774.0,29924.666666666668,53709.0,9461.0,38423.333333333336,50.0
CUST_003691,LOAN_00003691,68646,86774,365,Bad,Stanbic IBTC,Kano,8.453149194476861,11.082198329665308,Permanent,HND/BSc,1.0,5000.0,5000.0,5000.0,5000.0,6300.0,90.0
CUST_003692,LOAN_00003692,56250,66354,90,Good,Zenith Bank,Benin City,11.642190231896596,8.084282143925964,Permanent,HND/BSc,5.0,97246.0,19449.2,30035.0,6492.0,24109.6,90.0
CUST_003693,LOAN_00003693,53284,66588,180,Good,UBA,Ibadan,11.87231785894041,9.130228379565576,Permanent,Masters,4.0,275420.0,68855.0,113169.0,38608.0,87956.75,45.0
CUST_003694,LOAN_00003694,26214,31052,90,Good,Zenith Bank,Jos,5.535043402058666,5.569394920955227,Self-Employed,HND/BSc,3.0,227401.0,75800.33333333333,147976.0,24898.0,99640.0,50.0
CUST_003695,LOAN_00003695,113946,142703,60,Good,Union Bank,Enugu,5.226102863911531,9.621386740729244,Permanent,HND/BSc,5.0,249216.0,49843.2,127794.0,11535.0,63373.4,126.0
CUST_003696,LOAN_00003696,191063,257284,60,Good,First Bank,Port Harcourt,9.673608334323996,14.749838877017863,Permanent,PhD,3.0,313487.0,104495.66666666667,136341.0,64104.0,130428.0,100.0
CUST_003697,LOAN_00003697,54432,63938,90,Good,Stanbic IBTC,Jos,6.711031732560515,3.8813362920691374,Contract,,3.0,96691.0,32230.333333333332,46316.0,23099.0,41355.0,120.0
CUST_003698,LOAN_00003698,18698,21674,60,Good,GTBank,Benin City,4.167136468885889,6.407008795973168,Contract,Secondary,5.0,262610.0,52522.0,97133.0,7696.0,69737.4,114.0
CUST_003699,LOAN_00003699,89385,116187,60,Bad,Union Bank,Jos,11.997784024266595,5.915971114329958,Self-Employed,Secondary,3.0,153349.0,51116.333333333336,85619.0,20501.0,67300.33333333333,80.0
CUST_003700,LOAN_00003700,88938,105153,180,Good,UBA,Kano,6.042106905194274,5.982591729014155,Permanent,HND/BSc,3.0,94329.0,31443.0,51027.0,10771.0,39021.333333333336,130.0
CUST_003701,LOAN_00003701,29387,34937,60,Good,First Bank,Enugu,12.36352586517228,7.544476290784527,Self-Employed,HND/BSc,0.0,0.0,0.0,0.0,0.0,0.0,0.0
CUST_003702,LOAN_00003702,42181,54757,30,Good,Access Bank,Lagos,10.456910057904285,12.81731741693001,Contract,Secondary,2.0,56045.0,28022.5,28720.0,27325.0,38822.0,45.0
CUST_003703,LOAN_00003703,35096,45747,90,Good,Union Bank,Kano,10.863881409203358,13.954304279572648,Permanent,HND/BSc,3.0,242160.0,80720.0,157075.0,34706.0,108160.33333333333,90.0
CUST_003704,LOAN_00003704,142133,170298,60,Bad,Stanbic IBTC,Jos,5.813153462138444,5.42658104950768,Self-Employed,Masters,8.0,756923.0,94615.375,340514.0,10643.0,118190.875,108.75
CUST_003705,LOAN_00003705,342830,429413,180,Bad,Fidelity Bank,Lagos,6.107749830551317,9.515399255377352,Temporary,Masters,1.0,50443.0,50443.0,50443.0,50443.0,60757.0,60.0
CUST_003706,LOAN_00003706,168427,213764,180,Good,Fidelity Bank,Port Harcourt,8.691409784416592,10.642787665985765,Permanent,HND/BSc,1.0,83735.0,83735.0,83735.0,83735.0,103669.0,90.0
CUST_003707,LOAN_00003707,113086,151748,365,Good,GTBank,Lagos,5.548898673848759,9.261929692366138,Permanent,HND/BSc,2.0,370672.0,185336.0,361562.0,9110.0,238273.5,60.0
CUST_003708,LOAN_00003708,23108,30298,180,Good,Zenith Bank,Benin City,6.7488852341472905,8.208916730363034,Contract,HND/BSc,1.0,21247.0,21247.0,21247.0,21247.0,25240.0,90.0
CUST_003709,LOAN_00003709,62213,78437,180,Bad,GTBank,Abuja,6.89316230153024,5.303706070310854,Permanent,Secondary,2.0,134722.0,67361.0,80010.0,54712.0,85287.0,45.0
CUST_003710,LOAN_00003710,52976,66527,30,Good,Fidelity Bank,Benin City,5.4366693992748765,8.858632310390863,Self-Employed,HND/BSc,1.0,30396.0,30396.0,30396.0,30396.0,39297.0,60.0
CUST_003711,LOAN_00003711,92359,119037,90,Good,Access Bank,Kano,5.846645500556447,7.814577932535947,Permanent,Secondary,3.0,163797.0,54599.0,127331.0,13484.0,65247.0,100.0
CUST_003712,LOAN_00003712,64176,82373,180,Bad,UBA,Abuja,11.096966578074309,12.546760350027236,Self-Employed,HND/BSc,5.0,465991.0,93198.2,159097.0,38187.0,118382.0,108.0
CUST_003713,LOAN_00003713,62332,74156,60,Bad,UBA,Kano,5.504762690925416,12.163252309955942,Self-Employed,HND/BSc,2.0,221117.0,110558.5,126628.0,94489.0,144772.0,75.0
CUST_003714,LOAN_00003714,87337,115760,60,Good,Stanbic IBTC,Calabar,4.256116526595302,4.607984174468049,Contract,HND/BSc,9.0,497848.0,55316.444444444445,108736.0,25373.0,70299.77777777778,80.0
CUST_003715,LOAN_00003715,58239,73466,60,Good,UBA,Enugu,9.664194483660443,4.062228630756811,Permanent,HND/BSc,8.0,319608.0,39951.0,113098.0,5649.0,52589.875,82.5
CUST_003716,LOAN_00003716,47397,58403,30,Good,Stanbic IBTC,Kaduna,12.783848074532049,13.897847318730037,Permanent,HND/BSc,1.0,59424.0,59424.0,59424.0,59424.0,69519.0,30.0
CUST_003717,LOAN_00003717,107554,133491,60,Bad,Union Bank,Port Harcourt,6.980924331608092,9.426100667573971,Permanent,Secondary,1.0,61357.0,61357.0,61357.0,61357.0,79066.0,60.0
CUST_003718,LOAN_00003718,46504,55952,60,Good,Stanbic IBTC,Port Harcourt,5.06790132876627,13.293611247391087,Permanent,Secondary,0.0,0.0,0.0,0.0,0.0,0.0,0.0
CUST_003719,LOAN_00003719,27216,34540,90,Good,Union Bank,Calabar,9.133485928307778,3.697813446796814,Permanent,HND/BSc,7.0,331824.0,47403.42857142857,159032.0,10577.0,59075.71428571428,94.28571428571429
CUST_003720,LOAN_00003720,24270,28333,30,Bad,Stanbic IBTC,Jos,12.157187899860816,9.318187398259564,Self-Employed,Secondary,0.0,0.0,0.0,0.0,0.0,0.0,0.0
CUST_003721,LOAN_00003721,75736,89211,90,Good,Fidelity Bank,Ibadan,11.056556018456307,9.473118174914836,Permanent,Secondary,5.0,277255.0,55451.0,97817.0,15124.0,71087.4,48.0
CUST_003722,LOAN_00003722,257985,334071,365,Bad,Fidelity Bank,Kano,9.602642815714445,13.328424390505798,Self-Employed,HND/BSc,1.0,27378.0,27378.0,27378.0,27378.0,32643.0,90.0
CUST_003723,LOAN_00003723,164537,216441,30,Good,Zenith Bank,Kaduna,6.835508469468394,4.17131997875649,Contract,Masters,0.0,0.0,0.0,0.0,0.0,0.0,0.0
CUST_003724,LOAN_00003724,37716,47670,180,Good,Union Bank,Kaduna,8.876921559485979,5.885346764110912,Self-Employed,HND/BSc,3.0,126458.0,42152.666666666664,63098.0,20728.0,53865.666666666664,50.0
CUST_003725,LOAN_00003725,81822,98982,60,Bad,First Bank,Benin City,4.821203571738298,7.878459766644157,Temporary,HND/BSc,4.0,155799.0,38949.75,61526.0,9445.0,49037.25,120.0
CUST_003726,LOAN_00003726,26487,35279,60,Good,Union Bank,Benin City,10.110508818526029,13.390097705039306,Permanent,PhD,7.0,485826.0,69403.71428571429,202363.0,27277.0,87150.14285714286,68.57142857142857
CUST_003727,LOAN_00003727,188002,218827,90,Bad,Stanbic IBTC,Ibadan,10.525864170078858,14.266599780846803,Self-Employed,PhD,2.0,67552.0,33776.0,44611.0,22941.0,43458.5,105.0
CUST_003728,LOAN_00003728,31193,41946,365,Good,Stanbic IBTC,Jos,12.685284606189269,14.912695435123537,Contract,HND/BSc,8.0,307270.0,38408.75,77480.0,17284.0,47561.0,60.0
CUST_003729,LOAN_00003729,27119,36204,180,Bad,First Bank,Calabar,6.343576228705645,14.51032183750226,Self-Employed,Masters,1.0,5000.0,5000.0,5000.0,5000.0,5956.0,90.0
CUST_003730,LOAN_00003730,34113,39685,60,Good,GTBank,Lagos,4.166107771387204,3.071301070132253,Self-Employed,HND/BSc,3.0,92022.0,30674.0,45193.0,20627.0,38384.0,150.0
CUST_003731,LOAN_00003731,26983,33550,30,Good,Stanbic IBTC,Benin City,8.910476179844355,3.5725000974464645,Contract,,0.0,0.0,0.0,0.0,0.0,0.0,0.0
CUST_003732,LOAN_00003732,119063,156374,180,Bad,Zenith Bank,Jos,10.36111453957133,4.771281829891064,Permanent,HND/BSc,4.0,263149.0,65787.25,171989.0,18867.0,78973.75,120.0
CUST_003733,LOAN_00003733,231900,310265,90,Bad,UBA,Enugu,11.113667282946892,7.186345161243278,Permanent,Masters,1.0,8444.0,8444.0,8444.0,8444.0,11147.0,30.0
CUST_003734,LOAN_00003734,105695,136498,30,Good,UBA,Port Harcourt,5.743650397223295,12.959016371843504,Contract,Masters,2.0,82776.0,41388.0,44102.0,38674.0,51208.0,135.0
CUST_003735,LOAN_00003735,30455,40313,60,Good,Access Bank,Port Harcourt,6.3557758213332125,13.711874344025766,Temporary,HND/BSc,8.0,399197.0,49899.625,148253.0,5028.0,65883.375,75.0
CUST_003736,LOAN_00003736,37782,45258,30,Good,Access Bank,Jos,8.613318327405667,5.242012875534996,Self-Employed,Masters,1.0,12128.0,12128.0,12128.0,12128.0,15788.0,30.0
CUST_003737,LOAN_00003737,93141,117309,60,Good,UBA,Ibadan,6.975407289730017,10.435969819436504,Permanent,Secondary,4.0,190054.0,47513.5,104030.0,13435.0,58618.5,67.5
CUST_003738,LOAN_00003738,69838,87489,90,Bad,UBA,Calabar,11.744603379287003,14.00834382078332,Self-Employed,Secondary,2.0,98312.0,49156.0,78958.0,19354.0,62851.5,105.0
CUST_003739,LOAN_00003739,27780,36542,60,Good,Fidelity Bank,Kaduna,8.263841383648483,8.564780831175849,Self-Employed,HND/BSc,8.0,459391.0,57423.875,185502.0,12181.0,72696.25,78.75
CUST_003740,LOAN_00003740,50488,61966,90,Good,Zenith Bank,Ibadan,11.196207796918028,4.242522863433408,Permanent,PhD,1.0,33661.0,33661.0,33661.0,33661.0,44998.0,60.0
CUST_003741,LOAN_00003741,61903,78795,90,Good,First Bank,Jos,9.225577844341185,8.493763801015499,Permanent,HND/BSc,2.0,55770.0,27885.0,46996.0,8774.0,36380.0,60.0
CUST_003742,LOAN_00003742,120330,160352,180,Good,Access Bank,Calabar,10.957811274554007,7.509538827456687,Permanent,HND/BSc,1.0,15542.0,15542.0,15542.0,15542.0,18497.0,90.0
CUST_003743,LOAN_00003743,53230,66022,90,Good,Fidelity Bank,Calabar,6.9940568787729145,9.931895952792084,Self-Employed,HND/BSc,1.0,49607.0,49607.0,49607.0,49607.0,58471.0,60.0
CUST_003744,LOAN_00003744,55306,71709,180,Good,Fidelity Bank,Kano,11.4827495973728,8.263904212885244,Self-Employed,Secondary,2.0,91814.0,45907.0,70249.0,21565.0,61879.5,60.0
CUST_003745,LOAN_00003745,57533,77252,60,Good,First Bank,Abuja,6.471150839959194,3.2081511222446157,Permanent,HND/BSc,5.0,141950.0,28390.0,75845.0,11463.0,36935.2,78.0
CUST_003746,LOAN_00003746,85680,111324,60,Good,Fidelity Bank,Port Harcourt,8.914889272029617,14.927972800964053,Permanent,Masters,5.0,482501.0,96500.2,402675.0,5000.0,132554.6,138.0
CUST_003747,LOAN_00003747,129746,161200,90,Bad,Union Bank,Jos,5.926064018564868,9.522482852766853,Self-Employed,,3.0,285125.0,95041.66666666667,147082.0,49595.0,116826.33333333333,80.0
CUST_003748,LOAN_00003748,34259,40293,180,Bad,Zenith Bank,Kaduna,8.27973869463574,8.683569065815314,Temporary,Secondary,3.0,124752.0,41584.0,86934.0,16775.0,55204.666666666664,70.0
CUST_003749,LOAN_00003749,36105,44664,30,Good,UBA,Abuja,6.863576885578328,14.455408458048648,Self-Employed,HND/BSc,1.0,5028.0,5028.0,5028.0,5028.0,6441.0,60.0
CUST_003750,LOAN_00003750,46955,62178,30,Good,Stanbic IBTC,Enugu,6.400330875734928,4.870324411044925,Contract,Secondary,4.0,141899.0,35474.75,57447.0,7465.0,44873.5,120.0
CUST_003751,LOAN_00003751,79036,102347,60,Bad,First Bank,Benin City,12.702865162252335,5.270851230542979,Permanent,Secondary,8.0,453638.0,56704.75,136551.0,5830.0,73861.25,86.25
CUST_003752,LOAN_00003752,100614,126579,30,Good,UBA,Kano,5.440666949380576,12.696176988753402,Contract,HND/BSc,6.0,233250.0,38875.0,64132.0,10678.0,50913.333333333336,60.0
CUST_003753,LOAN_00003753,223955,295609,30,Good,UBA,Benin City,11.085932537116555,6.129972960300105,Permanent,HND/BSc,3.0,382272.0,127424.0,340424.0,20102.0,172654.33333333334,80.0
CUST_003754,LOAN_00003754,163027,207056,365,Bad,GTBank,Abuja,12.857484635348934,12.590725275498324,Self-Employed,Secondary,1.0,55764.0,55764.0,55764.0,55764.0,70550.0,30.0
CUST_003755,LOAN_00003755,47995,58323,180,Good,Union Bank,Abuja,4.179113353660701,6.258401794902031,Permanent,Secondary,8.0,375845.0,46980.625,101784.0,10707.0,58466.0,78.75
CUST_003756,LOAN_00003756,34947,43447,30,Good,First Bank,Benin City,10.291246726378857,3.398251562700018,Self-Employed,Masters,2.0,92443.0,46221.5,59170.0,33273.0,62207.5,135.0
CUST_003757,LOAN_00003757,25654,34058,30,Good,Fidelity Bank,Kaduna,6.2762062500065845,9.204176686640592,Permanent,,9.0,429441.0,47715.666666666664,87466.0,5000.0,60035.0,93.33333333333333
CUST_003758,LOAN_00003758,99880,129835,60,Bad,Stanbic IBTC,Kaduna,4.36439041895474,5.360237209522337,Self-Employed,HND/BSc,3.0,140991.0,46997.0,83651.0,16018.0,61752.333333333336,100.0
CUST_003759,LOAN_00003759,157777,190766,30,Good,First Bank,Lagos,7.626006210609677,12.094155515189652,Permanent,HND/BSc,7.0,251784.0,35969.142857142855,75301.0,14564.0,45889.142857142855,115.71428571428571
CUST_003760,LOAN_00003760,40637,47081,180,Bad,Fidelity Bank,Enugu,12.416960291537876,10.694395598785778,Contract,Secondary,8.0,393954.0,49244.25,124155.0,10479.0,64669.875,123.75
CUST_003761,LOAN_00003761,166933,198353,365,Bad,UBA,Kaduna,4.105885849302979,14.083232015735014,Contract,PhD,1.0,182425.0,182425.0,182425.0,182425.0,239432.0,90.0
CUST_003762,LOAN_00003762,47422,62831,60,Good,Stanbic IBTC,Enugu,9.290971227368036,12.395860287188832,Permanent,HND/BSc,1.0,131763.0,131763.0,131763.0,131763.0,166236.0,30.0
CUST_003763,LOAN_00003763,60202,79432,90,Bad,Fidelity Bank,Enugu,8.512568307357919,5.169311458088722,Temporary,Masters,2.0,60048.0,30024.0,32468.0,27580.0,38666.0,120.0
CUST_003764,LOAN_00003764,119566,137547,180,Bad,Zenith Bank,Abuja,11.860457479339429,12.601898839977556,Contract,Secondary,8.0,419382.0,52422.75,180385.0,5880.0,68518.25,78.75
CUST_003765,LOAN_00003765,15696,18317,90,Good,Fidelity Bank,Enugu,4.756015430685631,10.70084453776828,Contract,HND/BSc,1.0,20258.0,20258.0,20258.0,20258.0,24967.0,180.0
CUST_003766,LOAN_00003766,48627,63963,30,Good,GTBank,Kano,10.133734268979854,11.0274197011275,Self-Employed,HND/BSc,3.0,191050.0,63683.333333333336,120980.0,24840.0,82793.0,60.0
CUST_003767,LOAN_00003767,65460,77209,90,Good,Union Bank,Benin City,10.120987285899496,12.987154631641785,Self-Employed,Secondary,4.0,178330.0,44582.5,78923.0,8874.0,59315.75,82.5
CUST_003768,LOAN_00003768,30809,37506,90,Good,UBA,Lagos,10.02172015176055,9.885888830267284,Contract,Secondary,8.0,333787.0,41723.375,88738.0,5961.0,55190.25,75.0
CUST_003769,LOAN_00003769,132328,174769,60,Good,Fidelity Bank,Jos,12.481010454415332,8.592042172236155,Temporary,HND/BSc,6.0,223167.0,37194.5,58977.0,6648.0,47154.833333333336,85.0
CUST_003770,LOAN_00003770,73387,92839,90,Good,Union Bank,Ibadan,11.407787761061924,10.639692424304735,Permanent,Masters,1.0,192539.0,192539.0,192539.0,192539.0,262830.0,60.0
CUST_003771,LOAN_00003771,71048,86422,30,Bad,Access Bank,Lagos,4.377754536191554,6.575489147500309,Permanent,Secondary,5.0,121362.0,24272.4,43622.0,13391.0,30051.0,156.0
CUST_003772,LOAN_00003772,86597,107546,90,Good,Access Bank,Kano,8.239745656340618,5.191165573045192,Contract,HND/BSc,0.0,0.0,0.0,0.0,0.0,0.0,0.0
CUST_003773,LOAN_00003773,166570,217313,90,Bad,Union Bank,Lagos,7.581577505812001,10.399054056854958,Permanent,Secondary,0.0,0.0,0.0,0.0,0.0,0.0,0.0
CUST_003774,LOAN_00003774,15925,18727,90,Good,Union Bank,Enugu,6.791324989817219,5.806180429025732,Contract,Secondary,2.0,100669.0,50334.5,87201.0,13468.0,67138.0,75.0
CUST_003775,LOAN_00003775,117401,147515,30,Good,GTBank,Abuja,8.062030526386875,3.9589813121592807,Permanent,HND/BSc,8.0,916386.0,114548.25,513356.0,10348.0,151060.25,78.75
CUST_003776,LOAN_00003776,29046,35525,365,Good,Zenith Bank,Ibadan,7.457747664333797,3.006650215023047,Contract,HND/BSc,1.0,130263.0,130263.0,130263.0,130263.0,155817.0,90.0
CUST_003777,LOAN_00003777,34831,41397,30,Good,UBA,Kaduna,7.891005098907987,10.299832816800803,Self-Employed,HND/BSc,1.0,35684.0,35684.0,35684.0,35684.0,46563.0,30.0
CUST_003778,LOAN_00003778,90695,115564,30,Good,First Bank,Abuja,12.813356790477782,7.345785401762842,Contract,HND/BSc,1.0,107581.0,107581.0,107581.0,107581.0,127979.0,60.0
CUST_003779,LOAN_00003779,337626,447355,60,Bad,GTBank,Enugu,4.797696772746227,12.027731648081472,Temporary,HND/BSc,2.0,111548.0,55774.0,71122.0,40426.0,71432.0,180.0
CUST_003780,LOAN_00003780,43890,56828,90,Good,Zenith Bank,Enugu,12.300077828548568,7.502116779757229,Self-Employed,HND/BSc,3.0,75442.0,25147.333333333332,45743.0,10833.0,33034.333333333336,60.0
CUST_003781,LOAN_00003781,19699,25664,60,Good,Union Bank,Ibadan,8.32213042123924,8.83204137885872,Permanent,,1.0,81805.0,81805.0,81805.0,81805.0,96339.0,180.0
CUST_003782,LOAN_00003782,64638,75452,30,Bad,First Bank,Ibadan,9.61368020949587,7.885019673784619,Permanent,HND/BSc,3.0,239564.0,79854.66666666667,149672.0,34401.0,93815.33333333333,90.0
CUST_003783,LOAN_00003783,255935,294625,90,Good,Union Bank,Port Harcourt,11.471646699559244,10.806897493312151,Permanent,Masters,3.0,191582.0,63860.666666666664,89099.0,21938.0,79636.33333333333,100.0
CUST_003784,LOAN_00003784,36112,44010,30,Good,Union Bank,Calabar,7.2441672623433,7.273669944179618,Self-Employed,Secondary,2.0,140245.0,70122.5,110448.0,29797.0,83616.0,135.0
CUST_003785,LOAN_00003785,62304,76054,365,Bad,Access Bank,Calabar,7.873797172791702,14.565211799307708,Permanent,HND/BSc,0.0,0.0,0.0,0.0,0.0,0.0,0.0
CUST_003786,LOAN_00003786,116814,141612,180,Good,Access Bank,Abuja,7.685666322508426,14.233763839182362,Permanent,HND/BSc,1.0,33189.0,33189.0,33189.0,33189.0,43193.0,90.0
CUST_003787,LOAN_00003787,129584,156133,90,Bad,First Bank,Kaduna,7.372579202821838,13.176334831887376,Temporary,HND/BSc,5.0,165654.0,33130.8,114730.0,7175.0,41055.6,66.0
CUST_003788,LOAN_00003788,77541,102775,90,Good,GTBank,Lagos,12.329763894822054,14.043603246872976,Contract,HND/BSc,5.0,230000.0,46000.0,73303.0,9287.0,55652.6,66.0
CUST_003789,LOAN_00003789,19057,24186,90,Good,Access Bank,Enugu,11.460369020737108,8.389676261512692,Permanent,Secondary,2.0,60673.0,30336.5,30460.0,30213.0,39493.0,45.0
CUST_003790,LOAN_00003790,60755,82002,90,Good,UBA,Enugu,4.980999908766785,9.437164761473904,Permanent,Secondary,5.0,246515.0,49303.0,86778.0,11446.0,66584.0,138.0
CUST_003791,LOAN_00003791,119832,156147,365,Bad,Union Bank,Port Harcourt,4.973110172293865,11.905111110698932,Self-Employed,Secondary,2.0,167132.0,83566.0,118574.0,48558.0,103771.5,105.0
CUST_003792,LOAN_00003792,46597,62540,90,Good,Stanbic IBTC,Abuja,7.850825633676921,11.353751099262492,Self-Employed,Masters,4.0,288651.0,72162.75,123395.0,44442.0,93737.0,150.0
CUST_003793,LOAN_00003793,111335,138987,60,Bad,Fidelity Bank,Abuja,4.887916390595281,13.688143147265649,Permanent,Masters,1.0,12519.0,12519.0,12519.0,12519.0,16589.0,180.0
CUST_003794,LOAN_00003794,80401,108019,90,Bad,First Bank,Benin City,9.571837857440077,11.595972327080345,Contract,Secondary,3.0,99125.0,33041.666666666664,47677.0,16540.0,42637.0,60.0
CUST_003795,LOAN_00003795,41733,52158,365,Bad,First Bank,Ibadan,5.293224465355605,14.974616498741526,Self-Employed,HND/BSc,2.0,76380.0,38190.0,53695.0,22685.0,49963.5,120.0
CUST_003796,LOAN_00003796,29222,38564,90,Bad,Access Bank,Kaduna,8.701359375701209,7.182069597979092,Self-Employed,Secondary,6.0,459970.0,76661.66666666667,219226.0,28325.0,102490.66666666667,55.0
CUST_003797,LOAN_00003797,59438,75158,90,Bad,GTBank,Ibadan,4.064979523033459,12.995972906873014,Self-Employed,Secondary,1.0,42035.0,42035.0,42035.0,42035.0,57973.0,60.0
CUST_003798,LOAN_00003798,92498,111262,90,Good,Union Bank,Kaduna,6.849367135713821,11.37161787399197,Contract,Masters,0.0,0.0,0.0,0.0,0.0,0.0,0.0
CUST_003799,LOAN_00003799,12105,15973,60,Good,UBA,Kano,10.0947165130539,11.296637342580222,Temporary,HND/BSc,0.0,0.0,0.0,0.0,0.0,0.0,0.0
CUST_003800,LOAN_00003800,112366,134280,90,Good,GTBank,Jos,8.356350462050635,6.910027138139987,Permanent,Secondary,2.0,102319.0,51159.5,80198.0,22121.0,65727.5,105.0
CUST_003801,LOAN_00003801,48433,61750,60,Good,Zenith Bank,Calabar,12.804425373990894,12.42722150907627,Permanent,Secondary,6.0,409758.0,68293.0,157127.0,24142.0,83191.66666666667,105.0
CUST_003802,LOAN_00003802,44407,52055,30,Good,Zenith Bank,Calabar,11.866934164595897,13.804512268171193,Self-Employed,Masters,3.0,696100.0,232033.33333333334,670522.0,8342.0,307665.3333333333,100.0
CUST_003803,LOAN_00003803,193708,258826,60,Bad,Stanbic IBTC,Kaduna,7.2316370113883615,5.622581538246756,Contract,Secondary,2.0,22979.0,11489.5,13393.0,9586.0,15084.0,45.0
CUST_003804,LOAN_00003804,283592,360159,60,Good,Access Bank,Calabar,4.409378873250471,10.50596204540045,Self-Employed,HND/BSc,1.0,13724.0,13724.0,13724.0,13724.0,16244.0,90.0
CUST_003805,LOAN_00003805,87862,112538,30,Good,Access Bank,Ibadan,11.610636701035167,7.705617949233302,Permanent,HND/BSc,1.0,42696.0,42696.0,42696.0,42696.0,49465.0,90.0
CUST_003806,LOAN_00003806,40454,51823,60,Good,Access Bank,Enugu,12.201108792832043,14.874577431538524,Self-Employed,HND/BSc,8.0,454993.0,56874.125,220020.0,12010.0,72042.875,90.0
CUST_003807,LOAN_00003807,11904,14774,180,Good,Stanbic IBTC,Ibadan,11.385646540771331,8.74599378998018,Permanent,HND/BSc,1.0,69323.0,69323.0,69323.0,69323.0,94007.0,90.0
CUST_003808,LOAN_00003808,10773,13224,90,Good,Zenith Bank,Kaduna,5.151549468277883,5.739842085563312,Self-Employed,Masters,4.0,227434.0,56858.5,74720.0,31313.0,75148.75,67.5
CUST_003809,LOAN_00003809,47202,54307,365,Good,GTBank,Abuja,12.98123620971059,7.58229150266199,Permanent,Secondary,1.0,15748.0,15748.0,15748.0,15748.0,21467.0,90.0
CUST_003810,LOAN_00003810,37119,43172,30,Good,Stanbic IBTC,Ibadan,6.327257993974964,10.846060677799514,Contract,Masters,1.0,47350.0,47350.0,47350.0,47350.0,57860.0,30.0
CUST_003811,LOAN_00003811,99185,126109,60,Bad,Stanbic IBTC,Calabar,10.51784421527533,3.9130724561949153,Self-Employed,Secondary,1.0,110344.0,110344.0,110344.0,110344.0,150048.0,30.0
CUST_003812,LOAN_00003812,77992,91744,30,Bad,GTBank,Port Harcourt,12.172313887021494,10.24322304265485,Permanent,HND/BSc,3.0,103381.0,34460.333333333336,49451.0,21629.0,42941.0,150.0
CUST_003813,LOAN_00003813,47483,63362,60,Good,Access Bank,Benin City,6.121184028976385,14.174697110146775,Permanent,Masters,4.0,376234.0,94058.5,265273.0,11802.0,128174.0,52.5
CUST_003814,LOAN_00003814,18315,23704,180,Good,UBA,Enugu,12.174326992093594,13.204353451894203,Contract,HND/BSc,1.0,36697.0,36697.0,36697.0,36697.0,49284.0,60.0
CUST_003815,LOAN_00003815,14107,16481,90,Good,GTBank,Calabar,6.785334212753803,3.8120824398958,Self-Employed,Masters,4.0,283635.0,70908.75,150819.0,32065.0,92843.25,105.0
CUST_003816,LOAN_00003816,74923,87881,90,Good,Zenith Bank,Port Harcourt,12.787719001456503,14.920678544868816,Permanent,Masters,4.0,112590.0,28147.5,49497.0,15068.0,33914.5,97.5
CUST_003817,LOAN_00003817,28869,33731,90,Good,First Bank,Kaduna,6.531340183424272,11.384723084446549,Permanent,Secondary,6.0,425218.0,70869.66666666667,115302.0,28014.0,90511.16666666667,70.0
CUST_003818,LOAN_00003818,17406,22102,60,Good,Union Bank,Kano,12.580922422820516,4.947369891768284,Permanent,Masters,2.0,180397.0,90198.5,149217.0,31180.0,115578.0,60.0
CUST_003819,LOAN_00003819,35314,42020,180,Bad,First Bank,Port Harcourt,4.481901858034075,3.148993070033082,Temporary,PhD,2.0,42312.0,21156.0,33798.0,8514.0,25639.0,60.0
CUST_003820,LOAN_00003820,136878,168225,90,Good,Fidelity Bank,Jos,10.383448105028318,5.055391635505816,Permanent,HND/BSc,5.0,188745.0,37749.0,61324.0,22084.0,50361.6,72.0
CUST_003821,LOAN_00003821,77953,100266,180,Bad,Fidelity Bank,Kano,8.789000204533034,13.058111048228865,Permanent,Secondary,3.0,144022.0,48007.333333333336,81821.0,6016.0,60748.0,90.0
CUST_003822,LOAN_00003822,227196,287260,60,Bad,Stanbic IBTC,Lagos,8.300893694104577,3.259671899341965,Self-Employed,Secondary,3.0,78601.0,26200.333333333332,40746.0,18318.0,32455.333333333332,140.0
CUST_003823,LOAN_00003823,10000,13113,60,Good,Union Bank,Enugu,6.01144882830256,5.797767643417039,Self-Employed,Secondary,1.0,31176.0,31176.0,31176.0,31176.0,38668.0,60.0
CUST_003824,LOAN_00003824,74932,92732,90,Bad,First Bank,Calabar,10.350362107988428,12.087667144018504,Permanent,Secondary,2.0,185075.0,92537.5,102100.0,82975.0,117116.5,45.0
CUST_003825,LOAN_00003825,85043,102616,60,Bad,UBA,Lagos,5.717285423016763,10.03332643077762,Temporary,HND/BSc,5.0,223071.0,44614.2,113572.0,6766.0,56731.0,72.0
CUST_003826,LOAN_00003826,55809,66289,30,Good,Access Bank,Ibadan,8.975576163862915,12.392828524322304,Contract,Secondary,6.0,192130.0,32021.666666666668,125868.0,8614.0,38948.333333333336,80.0
CUST_003827,LOAN_00003827,147061,183960,180,Bad,Zenith Bank,Kaduna,6.279208267362257,11.953806045921455,Contract,Secondary,1.0,97534.0,97534.0,97534.0,97534.0,130597.0,30.0
CUST_003828,LOAN_00003828,57331,75146,90,Good,Fidelity Bank,Enugu,12.600592418032203,3.6072166454616568,Permanent,HND/BSc,3.0,110435.0,36811.666666666664,70906.0,14213.0,44523.0,70.0
CUST_003829,LOAN_00003829,151346,192532,180,Bad,UBA,Abuja,4.257680744520876,13.710137029129818,Self-Employed,HND/BSc,3.0,131159.0,43719.666666666664,61613.0,25676.0,54943.333333333336,140.0
CUST_003830,LOAN_00003830,20244,25342,180,Good,Zenith Bank,Kano,5.797554521001129,5.724382011387224,Permanent,HND/BSc,9.0,408475.0,45386.11111111111,107364.0,15265.0,58364.555555555555,50.0
CUST_003831,LOAN_00003831,94436,123924,60,Good,Zenith Bank,Abuja,6.180795457487029,9.640709282757165,Permanent,Masters,3.0,232462.0,77487.33333333333,116492.0,44332.0,103285.33333333333,100.0
CUST_003832,LOAN_00003832,24410,30610,30,Good,Access Bank,Lagos,7.726610431910348,10.731457878333346,Permanent,Secondary,4.0,173560.0,43390.0,95425.0,19256.0,58447.75,150.0
CUST_003833,LOAN_00003833,117973,158577,30,Bad,Union Bank,Port Harcourt,6.094572176830482,5.023538530621145,Self-Employed,Secondary,10.0,427406.0,42740.6,105845.0,6806.0,54618.8,105.0
CUST_003834,LOAN_00003834,27310,35759,60,Good,Stanbic IBTC,Port Harcourt,8.422141812419067,14.714775080411693,Contract,Secondary,5.0,210722.0,42144.4,77657.0,20533.0,53189.4,132.0
CUST_003835,LOAN_00003835,37578,43349,90,Good,First Bank,Kaduna,11.85218970932685,8.857871473047709,Contract,HND/BSc,5.0,212143.0,42428.6,86297.0,17609.0,53050.4,72.0
CUST_003836,LOAN_00003836,68705,79177,365,Bad,Access Bank,Lagos,10.408570792682536,3.691712347168721,Permanent,Secondary,6.0,453471.0,75578.5,168135.0,26140.0,93530.5,75.0
CUST_003837,LOAN_00003837,254459,309154,60,Good,UBA,Benin City,9.219657824816,14.247144537334083,Self-Employed,Masters,2.0,296710.0,148355.0,220551.0,76159.0,198016.0,45.0
CUST_003838,LOAN_00003838,31628,40791,90,Bad,Stanbic IBTC,Enugu,4.801028601844116,10.035214118319216,Self-Employed,Secondary,3.0,142839.0,47613.0,61142.0,27935.0,60560.333333333336,90.0
CUST_003839,LOAN_00003839,71692,93197,180,Good,UBA,Kano,10.245928975503482,11.390318375776516,Permanent,PhD,2.0,97795.0,48897.5,80587.0,17208.0,61002.0,60.0
CUST_003840,LOAN_00003840,110719,129336,60,Bad,Stanbic IBTC,Port Harcourt,5.497728558798459,9.302109479210689,Self-Employed,HND/BSc,0.0,0.0,0.0,0.0,0.0,0.0,0.0
CUST_003841,LOAN_00003841,103272,122536,30,Good,Union Bank,Port Harcourt,11.077306473655282,13.016855457323611,Permanent,HND/BSc,3.0,506629.0,168876.33333333334,236985.0,69549.0,222051.33333333334,60.0
CUST_003842,LOAN_00003842,347529,440192,60,Good,Fidelity Bank,Abuja,6.250510826591379,3.3976015463185307,Self-Employed,Masters,4.0,168617.0,42154.25,69022.0,14349.0,54292.0,97.5
CUST_003843,LOAN_00003843,133673,177103,30,Good,UBA,Abuja,7.753438554888108,6.220540383325773,Permanent,Masters,2.0,175867.0,87933.5,110624.0,65243.0,109440.5,90.0
CUST_003844,LOAN_00003844,21773,28511,180,Good,Access Bank,Calabar,7.154231820861352,8.635780276832307,Contract,HND/BSc,2.0,101733.0,50866.5,90641.0,11092.0,64780.0,75.0
CUST_003845,LOAN_00003845,55243,66382,60,Good,Stanbic IBTC,Ibadan,11.72932523207371,3.919243395764521,Temporary,PhD,1.0,91698.0,91698.0,91698.0,91698.0,119005.0,90.0
CUST_003846,LOAN_00003846,61515,71606,180,Bad,Stanbic IBTC,Benin City,5.138900128420673,11.4708800319199,Temporary,HND/BSc,1.0,57766.0,57766.0,57766.0,57766.0,69917.0,180.0
CUST_003847,LOAN_00003847,86370,110726,90,Good,Zenith Bank,Abuja,9.090803941463095,7.723960968667689,Permanent,Masters,3.0,78946.0,26315.333333333332,40271.0,8453.0,33924.666666666664,50.0
CUST_003848,LOAN_00003848,124419,151713,30,Good,Zenith Bank,Abuja,5.27855448498756,6.272015883217728,Contract,HND/BSc,3.0,58478.0,19492.666666666668,34685.0,7426.0,25083.666666666668,70.0
CUST_003849,LOAN_00003849,147686,171136,60,Good,GTBank,Enugu,10.34316252518968,3.0405461617009477,Permanent,Masters,9.0,540268.0,60029.77777777778,156314.0,6354.0,72870.88888888889,76.66666666666667
CUST_003850,LOAN_00003850,52811,66469,90,Good,UBA,Calabar,12.14570315015033,11.637963740999444,Self-Employed,Secondary,3.0,110126.0,36708.666666666664,63520.0,16485.0,46673.666666666664,50.0
CUST_003851,LOAN_00003851,34347,41196,180,Good,Zenith Bank,Abuja,7.911468884805281,13.00571170647434,Contract,Secondary,1.0,29690.0,29690.0,29690.0,29690.0,38298.0,90.0
CUST_003852,LOAN_00003852,228517,302684,30,Bad,GTBank,Kano,8.392830342384784,7.740486428177981,Permanent,HND/BSc,9.0,329699.0,36633.22222222222,111804.0,10810.0,47607.0,110.0
CUST_003853,LOAN_00003853,63044,80433,90,Bad,Fidelity Bank,Enugu,12.34680552834486,9.770615724400386,Permanent,Secondary,2.0,183729.0,91864.5,113809.0,69920.0,113029.0,135.0
CUST_003854,LOAN_00003854,135289,178452,60,Bad,Fidelity Bank,Ibadan,8.688922497844214,5.732239511155181,Temporary,Secondary,0.0,0.0,0.0,0.0,0.0,0.0,0.0
CUST_003855,LOAN_00003855,47610,55168,90,Good,Zenith Bank,Lagos,8.38838594244605,10.466371755361596,Contract,HND/BSc,2.0,50096.0,25048.0,39117.0,10979.0,31468.5,60.0
CUST_003856,LOAN_00003856,13453,17459,60,Good,UBA,Enugu,9.204961924338736,3.1456494997824063,Permanent,HND/BSc,1.0,11202.0,11202.0,11202.0,11202.0,12959.0,30.0
CUST_003857,LOAN_00003857,67460,83995,90,Good,Stanbic IBTC,Lagos,10.203067627266568,8.8637267651851,Permanent,Masters,4.0,442854.0,110713.5,314369.0,28447.0,137965.5,75.0
CUST_003858,LOAN_00003858,32675,38090,60,Good,First Bank,Port Harcourt,4.961950375783283,10.730465782088308,Permanent,HND/BSc,5.0,262969.0,52593.8,74636.0,20324.0,66547.4,84.0
CUST_003859,LOAN_00003859,11026,14008,60,Good,Union Bank,Calabar,11.389994749673644,14.018301278756809,Contract,Masters,1.0,15381.0,15381.0,15381.0,15381.0,17755.0,90.0
CUST_003860,LOAN_00003860,54893,66867,90,Good,UBA,Ibadan,7.919545247079333,7.576029805467411,Temporary,HND/BSc,3.0,88309.0,29436.333333333332,49168.0,8975.0,37131.333333333336,90.0
CUST_003861,LOAN_00003861,34073,45204,60,Good,Union Bank,Calabar,4.65113658907737,12.182282435772358,Self-Employed,Secondary,4.0,80230.0,20057.5,26377.0,12267.0,25601.25,90.0
CUST_003862,LOAN_00003862,48285,57669,60,Good,Access Bank,Ibadan,11.07564402278392,10.17224435932201,Contract,Secondary,0.0,0.0,0.0,0.0,0.0,0.0,0.0
CUST_003863,LOAN_00003863,163156,195275,30,Bad,Fidelity Bank,Calabar,7.392549745176449,14.124145355100968,Self-Employed,HND/BSc,1.0,158690.0,158690.0,158690.0,158690.0,214281.0,60.0
CUST_003864,LOAN_00003864,42848,49584,90,Good,Zenith Bank,Enugu,4.903307455855486,7.780532107913167,Contract,HND/BSc,6.0,241162.0,40193.666666666664,69514.0,13492.0,49808.166666666664,85.0
CUST_003865,LOAN_00003865,111835,133106,30,Good,Zenith Bank,Calabar,9.704011355889255,6.829144078475856,Permanent,Secondary,1.0,9249.0,9249.0,9249.0,9249.0,10919.0,30.0
CUST_003866,LOAN_00003866,10000,12971,30,Good,Union Bank,Jos,11.921182180902775,13.645703984329725,Temporary,HND/BSc,3.0,116073.0,38691.0,51493.0,26351.0,53521.333333333336,90.0
CUST_003867,LOAN_00003867,135834,158976,180,Good,Stanbic IBTC,Ibadan,11.989781584725876,3.5909328168994694,Permanent,HND/BSc,5.0,159587.0,31917.4,79482.0,16634.0,39988.8,54.0
CUST_003868,LOAN_00003868,41661,55909,90,Good,Union Bank,Lagos,12.618971273280758,4.636624715204121,Permanent,HND/BSc,2.0,28718.0,14359.0,17727.0,10991.0,18513.0,120.0
CUST_003869,LOAN_00003869,55926,69410,60,Good,Access Bank,Ibadan,11.809349137900192,3.988853215008533,Temporary,Masters,9.0,343694.0,38188.22222222222,100323.0,8752.0,49077.333333333336,56.666666666666664
CUST_003870,LOAN_00003870,72472,93669,60,Good,Stanbic IBTC,Port Harcourt,4.019268274109277,13.117319478916832,Permanent,Masters,0.0,0.0,0.0,0.0,0.0,0.0,0.0
CUST_003871,LOAN_00003871,286975,341143,30,Bad,Access Bank,Kano,7.422170497720512,3.1272890804438327,Self-Employed,Masters,1.0,61178.0,61178.0,61178.0,61178.0,70985.0,30.0
CUST_003872,LOAN_00003872,202648,251514,30,Bad,First Bank,Jos,11.366883219149528,13.339885865964575,Temporary,,8.0,605772.0,75721.5,264938.0,5716.0,90916.875,97.5
CUST_003873,LOAN_00003873,69662,82327,365,Bad,Fidelity Bank,Kaduna,7.296277053986268,8.415213544455202,Contract,Secondary,1.0,56001.0,56001.0,56001.0,56001.0,75787.0,30.0
CUST_003874,LOAN_00003874,15351,19007,180,Good,Zenith Bank,Ibadan,9.413936557417356,3.048303346247649,Permanent,HND/BSc,3.0,41165.0,13721.666666666666,16677.0,11143.0,18113.333333333332,110.0
CUST_003875,LOAN_00003875,13803,17301,60,Good,Zenith Bank,Abuja,9.456852526370788,7.819742126544503,Permanent,Masters,3.0,148482.0,49494.0,98889.0,19478.0,65508.333333333336,120.0
CUST_003876,LOAN_00003876,44958,56132,180,Good,First Bank,Enugu,7.285227736349407,5.2416100925404265,Permanent,HND/BSc,2.0,54207.0,27103.5,40110.0,14097.0,36237.0,75.0
CUST_003877,LOAN_00003877,115280,140268,30,Good,GTBank,Enugu,12.140265345531589,10.492805849665956,Contract,Masters,6.0,240548.0,40091.333333333336,103236.0,14086.0,50936.333333333336,65.0
CUST_003878,LOAN_00003878,113945,148924,90,Bad,Fidelity Bank,Calabar,8.52905510847506,11.15230547905976,Self-Employed,HND/BSc,1.0,51659.0,51659.0,51659.0,51659.0,67439.0,30.0
CUST_003879,LOAN_00003879,87122,104721,90,Good,Stanbic IBTC,Calabar,8.183057853437507,8.850330844859998,Contract,HND/BSc,1.0,33108.0,33108.0,33108.0,33108.0,42750.0,30.0
CUST_003880,LOAN_00003880,38636,47312,90,Good,First Bank,Enugu,12.977623710957063,3.48623430527604,Contract,Secondary,6.0,328978.0,54829.666666666664,183723.0,10572.0,67423.33333333333,105.0
CUST_003881,LOAN_00003881,129652,155995,90,Bad,Stanbic IBTC,Benin City,8.441503276653549,10.873545652406422,Contract,,3.0,103922.0,34640.666666666664,66035.0,16582.0,46715.333333333336,60.0
CUST_003882,LOAN_00003882,64164,86078,30,Good,Union Bank,Jos,5.60558426735723,13.104465403266254,Contract,Masters,1.0,23709.0,23709.0,23709.0,23709.0,28951.0,180.0
CUST_003883,LOAN_00003883,43424,50144,30,Good,UBA,Jos,8.617624805770943,11.643891327916815,Self-Employed,Masters,2.0,49828.0,24914.0,35968.0,13860.0,30304.0,60.0
CUST_003884,LOAN_00003884,62636,78355,365,Bad,Zenith Bank,Lagos,11.326150619679373,12.959495027463824,Permanent,HND/BSc,1.0,83252.0,83252.0,83252.0,83252.0,116222.0,60.0
CUST_003885,LOAN_00003885,35948,43787,60,Good,Stanbic IBTC,Ibadan,10.991742942084532,5.40611428261065,Self-Employed,Secondary,9.0,894341.0,99371.22222222222,336065.0,10549.0,124897.44444444444,100.0
CUST_003886,LOAN_00003886,14191,16529,60,Good,Access Bank,Kaduna,11.09723588597624,13.66665527587779,Contract,Secondary,3.0,130904.0,43634.666666666664,55332.0,25161.0,56489.0,60.0
CUST_003887,LOAN_00003887,103613,135920,30,Good,Stanbic IBTC,Enugu,10.372214055981209,6.866321407775553,Permanent,Masters,3.0,183125.0,61041.666666666664,78907.0,51559.0,83558.0,80.0
CUST_003888,LOAN_00003888,69911,86417,30,Good,UBA,Ibadan,6.2879604616001945,3.1608577710238923,Permanent,HND/BSc,0.0,0.0,0.0,0.0,0.0,0.0,0.0
CUST_003889,LOAN_00003889,106606,129433,30,Good,Fidelity Bank,Jos,11.758756772562084,13.120699755948849,Permanent,Secondary,1.0,38458.0,38458.0,38458.0,38458.0,48709.0,180.0
CUST_003890,LOAN_00003890,51899,60775,30,Good,Zenith Bank,Port Harcourt,12.040991188386386,14.30185522757672,Contract,HND/BSc,8.0,375120.0,46890.0,122483.0,5000.0,58717.875,67.5
CUST_003891,LOAN_00003891,110221,135845,60,Good,Union Bank,Enugu,5.747374269566942,10.866698369008184,Permanent,HND/BSc,1.0,141671.0,141671.0,141671.0,141671.0,180186.0,90.0
CUST_003892,LOAN_00003892,71177,82232,60,Bad,First Bank,Ibadan,5.174100728962545,5.777239565561096,Temporary,HND/BSc,4.0,265754.0,66438.5,154548.0,7451.0,86473.75,127.5
CUST_003893,LOAN_00003893,55774,71095,60,Good,Union Bank,Jos,12.780444717302007,6.020933571390365,Contract,HND/BSc,2.0,269329.0,134664.5,257536.0,11793.0,170775.0,45.0
CUST_003894,LOAN_00003894,110748,136095,60,Bad,UBA,Kano,11.81491567285331,8.599114481227435,Temporary,HND/BSc,1.0,46030.0,46030.0,46030.0,46030.0,64118.0,180.0
CUST_003895,LOAN_00003895,106228,129795,90,Good,Zenith Bank,Jos,12.03912532488952,13.773972955217031,Permanent,Masters,2.0,28364.0,14182.0,18283.0,10081.0,18885.5,120.0
CUST_003896,LOAN_00003896,80871,107178,60,Bad,Stanbic IBTC,Calabar,11.977387461619555,4.7951718737707,Permanent,Secondary,1.0,56690.0,56690.0,56690.0,56690.0,66173.0,60.0
CUST_003897,LOAN_00003897,15979,20700,30,Good,Fidelity Bank,Abuja,8.875181416303555,12.911684035001844,Permanent,HND/BSc,3.0,281841.0,93947.0,119626.0,75488.0,114653.66666666667,90.0
CUST_003898,LOAN_00003898,91070,113618,90,Good,GTBank,Benin City,9.817615629992195,6.495633704461804,Permanent,HND/BSc,2.0,142766.0,71383.0,114043.0,28723.0,85800.0,180.0
CUST_003899,LOAN_00003899,15577,17977,90,Good,Fidelity Bank,Benin City,8.908265669202775,12.703034033149176,Self-Employed,,1.0,13658.0,13658.0,13658.0,13658.0,16077.0,90.0
CUST_003900,LOAN_00003900,98370,132649,365,Bad,GTBank,Calabar,4.460857142712961,14.043254371218463,Permanent,HND/BSc,2.0,139979.0,69989.5,129641.0,10338.0,82765.5,105.0
CUST_003901,LOAN_00003901,76807,98705,90,Good,Access Bank,Calabar,10.709527768174954,8.129926463931842,Contract,HND/BSc,5.0,171320.0,34264.0,65291.0,19759.0,44903.6,126.0
CUST_003902,LOAN_00003902,42729,50335,90,Good,Fidelity Bank,Enugu,8.547988300022922,7.38060784926637,Permanent,HND/BSc,2.0,90718.0,45359.0,78691.0,12027.0,58398.0,75.0
CUST_003903,LOAN_00003903,89876,110356,180,Bad,Zenith Bank,Kano,9.829381673112067,12.626655827655622,Contract,HND/BSc,5.0,156851.0,31370.2,70661.0,10241.0,40111.6,66.0
CUST_003904,LOAN_00003904,215456,283792,30,Bad,GTBank,Kano,8.523758244779817,9.353794588552727,Self-Employed,,5.0,297522.0,59504.4,176956.0,19045.0,79598.8,108.0
CUST_003905,LOAN_00003905,159086,187688,180,Good,First Bank,Enugu,8.426301900902104,11.213388581558366,Contract,Masters,1.0,25418.0,25418.0,25418.0,25418.0,33026.0,90.0
CUST_003906,LOAN_00003906,251273,311518,180,Bad,Zenith Bank,Ibadan,5.546101985299901,10.473950843534157,Self-Employed,HND/BSc,2.0,91976.0,45988.0,62286.0,29690.0,58821.5,120.0
CUST_003907,LOAN_00003907,76924,92931,365,Bad,First Bank,Enugu,6.50842343627034,4.834666147737556,Permanent,HND/BSc,6.0,221472.0,36912.0,109752.0,5000.0,45756.666666666664,75.0
CUST_003908,LOAN_00003908,167213,210208,60,Bad,Fidelity Bank,Kaduna,5.429674227495602,13.13748432347474,Temporary,Secondary,7.0,446171.0,63738.71428571428,148261.0,27996.0,82101.14285714286,90.0
CUST_003909,LOAN_00003909,63888,84103,90,Good,First Bank,Kaduna,5.7609966606280825,5.349301336957634,Self-Employed,HND/BSc,1.0,19463.0,19463.0,19463.0,19463.0,25476.0,60.0
CUST_003910,LOAN_00003910,22950,29230,30,Good,GTBank,Benin City,12.756796423782744,14.18738572884937,Contract,Masters,4.0,133306.0,33326.5,69403.0,15987.0,39088.5,142.5
CUST_003911,LOAN_00003911,39706,47580,30,Good,Zenith Bank,Jos,5.3780210119497855,6.006855497065774,Contract,HND/BSc,0.0,0.0,0.0,0.0,0.0,0.0,0.0
CUST_003912,LOAN_00003912,400677,528309,30,Bad,Stanbic IBTC,Enugu,6.423433818746869,11.806571679284904,Temporary,Secondary,2.0,125524.0,62762.0,89179.0,36345.0,74479.0,120.0
CUST_003913,LOAN_00003913,44318,51951,30,Good,UBA,Enugu,9.315306919647265,6.415864721923104,Contract,PhD,2.0,155854.0,77927.0,133168.0,22686.0,93336.0,105.0
CUST_003914,LOAN_00003914,32166,41922,90,Good,GTBank,Ibadan,9.491607186129777,6.813424903042367,Self-Employed,HND/BSc,1.0,21497.0,21497.0,21497.0,21497.0,28687.0,90.0
CUST_003915,LOAN_00003915,34769,44155,60,Good,GTBank,Lagos,5.385767167694461,6.720022233387663,Contract,HND/BSc,1.0,54579.0,54579.0,54579.0,54579.0,63118.0,90.0
CUST_003916,LOAN_00003916,22736,27238,60,Good,Stanbic IBTC,Benin City,11.14345683206691,11.974707048313,Permanent,Secondary,1.0,52929.0,52929.0,52929.0,52929.0,70454.0,60.0
CUST_003917,LOAN_00003917,45396,54821,30,Good,Zenith Bank,Benin City,11.066825811215423,9.681781415632717,Self-Employed,HND/BSc,1.0,50058.0,50058.0,50058.0,50058.0,57735.0,90.0
CUST_003918,LOAN_00003918,30603,41186,30,Good,Zenith Bank,Benin City,6.13585933783502,13.595429470169966,Contract,Masters,5.0,291798.0,58359.6,109044.0,33652.0,73660.6,78.0
CUST_003919,LOAN_00003919,43471,54470,30,Good,Union Bank,Jos,6.597996724079144,6.688472630448539,Contract,HND/BSc,8.0,750467.0,93808.375,188648.0,20099.0,120264.375,75.0
CUST_003920,LOAN_00003920,87821,102063,90,Good,Fidelity Bank,Calabar,12.441890789135472,11.303910264680932,Contract,HND/BSc,2.0,166132.0,83066.0,147092.0,19040.0,103400.0,45.0
CUST_003921,LOAN_00003921,46183,55033,90,Good,First Bank,Port Harcourt,11.431043013815302,12.035383195957328,Permanent,Secondary,3.0,383808.0,127936.0,269913.0,18324.0,163816.0,90.0
CUST_003922,LOAN_00003922,79317,103304,60,Good,Fidelity Bank,Lagos,10.280173297562715,4.817785356359498,Self-Employed,HND/BSc,1.0,155141.0,155141.0,155141.0,155141.0,192498.0,180.0
CUST_003923,LOAN_00003923,12868,15288,60,Good,Stanbic IBTC,Jos,4.740098993595405,7.807072287837734,Temporary,PhD,2.0,80708.0,40354.0,52638.0,28070.0,50259.5,120.0
CUST_003924,LOAN_00003924,43026,57901,365,Good,Fidelity Bank,Kaduna,7.764376728123182,8.793809932204933,Self-Employed,HND/BSc,5.0,226837.0,45367.4,86598.0,17072.0,56147.2,102.0
CUST_003925,LOAN_00003925,76903,98802,60,Good,Stanbic IBTC,Ibadan,9.033716848691444,7.268248678732492,Permanent,PhD,3.0,140811.0,46937.0,122619.0,5000.0,55751.666666666664,120.0
CUST_003926,LOAN_00003926,26255,33907,90,Good,Zenith Bank,Calabar,5.686701591853993,6.865351151629657,Contract,PhD,5.0,193041.0,38608.2,74415.0,5863.0,48380.4,114.0
CUST_003927,LOAN_00003927,16129,20770,180,Good,First Bank,Kaduna,8.034039238974021,11.237038727971704,Self-Employed,PhD,1.0,6834.0,6834.0,6834.0,6834.0,9010.0,90.0
CUST_003928,LOAN_00003928,17340,20772,60,Good,Fidelity Bank,Calabar,9.409232897398208,5.590396771913863,Contract,Masters,2.0,109812.0,54906.0,58736.0,51076.0,71206.5,120.0
CUST_003929,LOAN_00003929,120504,147074,30,Good,GTBank,Kano,6.946390121038593,11.512688943013544,Contract,Secondary,7.0,535939.0,76562.71428571429,145088.0,27263.0,98417.14285714286,98.57142857142857
CUST_003930,LOAN_00003930,132944,173256,60,Bad,Access Bank,Benin City,11.028503370554384,14.220530356688766,Temporary,PhD,3.0,106386.0,35462.0,50472.0,18820.0,43264.0,130.0
CUST_003931,LOAN_00003931,15593,20366,30,Good,Union Bank,Calabar,11.564046234749249,9.782370254133014,Contract,Secondary,0.0,0.0,0.0,0.0,0.0,0.0,0.0
CUST_003932,LOAN_00003932,33383,39607,90,Good,UBA,Abuja,6.912485224906637,10.337210840873688,Contract,Secondary,7.0,930315.0,132902.14285714287,314823.0,38957.0,164079.0,77.14285714285714
CUST_003933,LOAN_00003933,193321,253877,30,Bad,GTBank,Benin City,11.547914390432116,3.827192425489069,Permanent,Secondary,7.0,270744.0,38677.71428571428,75142.0,13983.0,51889.71428571428,72.85714285714286
CUST_003934,LOAN_00003934,113072,135163,90,Good,Zenith Bank,Benin City,4.932189094927136,13.37372284341394,Permanent,HND/BSc,6.0,161114.0,26852.333333333332,69966.0,9474.0,33713.166666666664,85.0
CUST_003935,LOAN_00003935,23548,28146,90,Good,UBA,Ibadan,11.539561887603906,6.425373446398386,Permanent,HND/BSc,5.0,328846.0,65769.2,126638.0,30880.0,89576.0,120.0
CUST_003936,LOAN_00003936,117660,149862,60,Bad,Access Bank,Lagos,5.374753885008549,10.380613986342778,Temporary,HND/BSc,4.0,99883.0,24970.75,37514.0,5056.0,32749.25,112.5
CUST_003937,LOAN_00003937,164827,206574,180,Bad,Access Bank,Kaduna,4.746344372587535,14.749346036937627,Contract,Secondary,1.0,30553.0,30553.0,30553.0,30553.0,38715.0,180.0
CUST_003938,LOAN_00003938,28487,37829,60,Good,First Bank,Calabar,9.7759786399691,10.146031206873694,Contract,HND/BSc,2.0,200106.0,100053.0,151808.0,48298.0,120443.0,45.0
CUST_003939,LOAN_00003939,87537,107536,60,Bad,UBA,Calabar,8.247436291797648,11.696513849572533,Self-Employed,HND/BSc,2.0,87091.0,43545.5,61568.0,25523.0,53641.0,120.0
CUST_003940,LOAN_00003940,17558,21208,90,Good,First Bank,Kano,12.171015403715495,8.343835418685023,Contract,Masters,2.0,43673.0,21836.5,36056.0,7617.0,27812.0,105.0
CUST_003941,LOAN_00003941,139824,181794,90,Good,GTBank,Benin City,7.268702764817643,3.724390122180688,Contract,Secondary,1.0,16029.0,16029.0,16029.0,16029.0,20403.0,30.0
CUST_003942,LOAN_00003942,86292,111424,60,Good,Stanbic IBTC,Enugu,6.584370370938658,12.571192193877462,Permanent,Secondary,2.0,161082.0,80541.0,115769.0,45313.0,105616.0,135.0
CUST_003943,LOAN_00003943,127516,147624,30,Bad,Stanbic IBTC,Port Harcourt,8.506614155297786,3.419986095167828,Self-Employed,Secondary,5.0,230661.0,46132.2,79677.0,12661.0,60060.8,48.0
CUST_003944,LOAN_00003944,136547,168114,60,Bad,Stanbic IBTC,Enugu,8.103515671917952,11.40789394665425,Permanent,HND/BSc,1.0,76084.0,76084.0,76084.0,76084.0,94251.0,60.0
CUST_003945,LOAN_00003945,26299,32898,180,Good,UBA,Calabar,7.099852415954694,3.2750588777956438,Permanent,HND/BSc,1.0,35073.0,35073.0,35073.0,35073.0,41030.0,180.0
CUST_003946,LOAN_00003946,25070,33028,60,Good,Stanbic IBTC,Enugu,10.243671688284955,13.347662838920048,Permanent,HND/BSc,1.0,54612.0,54612.0,54612.0,54612.0,70315.0,90.0
CUST_003947,LOAN_00003947,54736,66670,90,Good,GTBank,Ibadan,10.836056505225176,4.891632429995767,Permanent,HND/BSc,1.0,158951.0,158951.0,158951.0,158951.0,195520.0,90.0
CUST_003948,LOAN_00003948,118302,158089,30,Good,First Bank,Abuja,11.67685572127123,9.171257945310614,Permanent,HND/BSc,1.0,30794.0,30794.0,30794.0,30794.0,36662.0,60.0
CUST_003949,LOAN_00003949,150984,194207,30,Bad,UBA,Calabar,12.755709442393083,10.165808453797768,Self-Employed,HND/BSc,1.0,36220.0,36220.0,36220.0,36220.0,47134.0,60.0
CUST_003950,LOAN_00003950,95217,117250,30,Good,First Bank,Calabar,6.39990572919254,8.490544888480946,Permanent,,1.0,16706.0,16706.0,16706.0,16706.0,21811.0,60.0
CUST_003951,LOAN_00003951,29769,36581,60,Bad,UBA,Abuja,10.444841342409651,7.089161872186647,Self-Employed,Secondary,5.0,258224.0,51644.8,83640.0,11647.0,65832.2,144.0
CUST_003952,LOAN_00003952,91900,110589,365,Good,First Bank,Kaduna,7.548324119461707,8.61377155417166,Permanent,Masters,0.0,0.0,0.0,0.0,0.0,0.0,0.0
CUST_003953,LOAN_00003953,252890,321983,30,Good,Access Bank,Abuja,10.093737747559974,6.736989046573905,Permanent,Masters,0.0,0.0,0.0,0.0,0.0,0.0,0.0
CUST_003954,LOAN_00003954,34760,40566,60,Good,First Bank,Enugu,8.283835213142982,8.257468164970359,Contract,Secondary,8.0,307834.0,38479.25,98369.0,17370.0,50960.25,112.5
CUST_003955,LOAN_00003955,133547,155059,90,Bad,Stanbic IBTC,Ibadan,12.943957924911384,7.306955891976368,Temporary,,3.0,155891.0,51963.666666666664,91826.0,21473.0,67149.0,50.0
CUST_003956,LOAN_00003956,58510,67384,60,Good,Access Bank,Kano,10.56011922211675,9.794457882085744,Self-Employed,Masters,4.0,244503.0,61125.75,88140.0,35372.0,73994.75,75.0
CUST_003957,LOAN_00003957,50809,64114,180,Good,First Bank,Kaduna,12.57242170390892,5.855089946939802,Temporary,HND/BSc,5.0,126025.0,25205.0,34086.0,5000.0,31149.4,96.0
CUST_003958,LOAN_00003958,73861,93613,90,Bad,UBA,Jos,11.514725945330673,14.86387865896815,Self-Employed,HND/BSc,4.0,274328.0,68582.0,150023.0,21716.0,89732.25,45.0
CUST_003959,LOAN_00003959,120661,150422,60,Bad,UBA,Kano,12.12610910047034,9.010439440585987,Self-Employed,HND/BSc,7.0,516616.0,73802.28571428571,149073.0,25052.0,93875.28571428571,85.71428571428571
CUST_003960,LOAN_00003960,36251,43811,60,Good,Union Bank,Lagos,11.329772774932074,5.329944928974116,Contract,Secondary,2.0,45145.0,22572.5,32488.0,12657.0,29433.0,120.0
CUST_003961,LOAN_00003961,31878,37781,60,Good,UBA,Lagos,8.132432173383203,8.72480099480727,Contract,Secondary,2.0,146721.0,73360.5,83482.0,63239.0,86370.5,120.0
CUST_003962,LOAN_00003962,85668,113330,180,Good,Zenith Bank,Lagos,6.26609608012196,13.396981554297891,Permanent,Masters,2.0,107018.0,53509.0,68667.0,38351.0,74335.0,45.0
CUST_003963,LOAN_00003963,44518,58767,90,Good,GTBank,Lagos,7.3328815790547,3.261681517492747,Contract,Masters,1.0,59052.0,59052.0,59052.0,59052.0,69530.0,60.0
CUST_003964,LOAN_00003964,63593,80990,60,Good,UBA,Ibadan,4.182126093759554,11.154649429287463,Permanent,Secondary,2.0,215925.0,107962.5,200522.0,15403.0,143607.5,60.0
CUST_003965,LOAN_00003965,87573,109555,180,Good,Access Bank,Kano,8.715938507182004,9.575613561527136,Contract,Masters,0.0,0.0,0.0,0.0,0.0,0.0,0.0
CUST_003966,LOAN_00003966,72329,92992,365,Bad,Union Bank,Benin City,8.545520202433678,5.034695932441626,Contract,Masters,0.0,0.0,0.0,0.0,0.0,0.0,0.0
CUST_003967,LOAN_00003967,28402,37900,180,Bad,UBA,Port Harcourt,8.727254183474393,12.809717271659048,Permanent,Secondary,7.0,412693.0,58956.142857142855,189941.0,21533.0,76340.85714285714,68.57142857142857
CUST_003968,LOAN_00003968,36365,46604,30,Good,Zenith Bank,Kaduna,12.766281024748574,7.426615468488068,Permanent,HND/BSc,3.0,209337.0,69779.0,137773.0,10463.0,93408.66666666667,100.0
CUST_003969,LOAN_00003969,109795,141745,60,Good,Stanbic IBTC,Jos,12.203086031093552,6.525624345786089,Permanent,HND/BSc,0.0,0.0,0.0,0.0,0.0,0.0,0.0
CUST_003970,LOAN_00003970,72994,85206,90,Good,Access Bank,Enugu,5.455415004970972,12.937502302282812,Temporary,Masters,0.0,0.0,0.0,0.0,0.0,0.0,0.0
CUST_003971,LOAN_00003971,57271,71983,60,Good,Zenith Bank,Calabar,7.319942694003003,10.662300554299977,Permanent,Masters,9.0,855440.0,95048.88888888889,264745.0,14817.0,113021.0,103.33333333333333
CUST_003972,LOAN_00003972,55721,71758,90,Good,Stanbic IBTC,Lagos,7.815605615169357,13.779109004097894,Permanent,Secondary,2.0,66790.0,33395.0,43777.0,23013.0,40805.5,45.0
CUST_003973,LOAN_00003973,197686,245188,30,Bad,Fidelity Bank,Jos,7.244796260664829,10.558604444054392,Self-Employed,HND/BSc,7.0,246917.0,35273.857142857145,69478.0,8430.0,45519.857142857145,90.0
CUST_003974,LOAN_00003974,52581,67023,30,Good,Fidelity Bank,Calabar,11.186463672435217,11.889811895185384,Contract,Masters,4.0,203334.0,50833.5,98291.0,13471.0,63521.5,75.0
CUST_003975,LOAN_00003975,40967,53183,60,Good,Access Bank,Port Harcourt,8.716339028808282,13.037350755115355,Permanent,Masters,1.0,43160.0,43160.0,43160.0,43160.0,50852.0,30.0
CUST_003976,LOAN_00003976,10000,13383,30,Good,First Bank,Jos,9.148898352744624,3.656875630919243,Permanent,Secondary,8.0,368857.0,46107.125,130978.0,8357.0,58012.25,105.0
CUST_003977,LOAN_00003977,56816,70064,90,Good,GTBank,Kano,11.67712203089133,12.312587506432564,Permanent,HND/BSc,1.0,15337.0,15337.0,15337.0,15337.0,18605.0,90.0
CUST_003978,LOAN_00003978,128111,161608,60,Good,Union Bank,Jos,11.253353380738227,10.36447778219492,Permanent,Masters,8.0,248785.0,31098.125,85292.0,5000.0,39505.25,97.5
CUST_003979,LOAN_00003979,14708,18620,60,Good,GTBank,Lagos,5.189903705382697,3.834093558182319,Permanent,HND/BSc,7.0,359153.0,51307.57142857143,126977.0,5000.0,64545.857142857145,60.0
CUST_003980,LOAN_00003980,63287,82611,90,Good,Zenith Bank,Port Harcourt,10.425231256752708,9.102935062424582,Contract,HND/BSc,1.0,9061.0,9061.0,9061.0,9061.0,12657.0,60.0
CUST_003981,LOAN_00003981,73494,90274,180,Bad,Stanbic IBTC,Enugu,7.91892516011832,3.989496935807447,Self-Employed,Masters,1.0,57494.0,57494.0,57494.0,57494.0,75944.0,60.0
CUST_003982,LOAN_00003982,20078,26060,60,Bad,GTBank,Benin City,6.6518401275625045,11.831366420678668,Contract,Secondary,1.0,136159.0,136159.0,136159.0,136159.0,165698.0,30.0
CUST_003983,LOAN_00003983,33854,39221,60,Good,Stanbic IBTC,Abuja,4.4501693881196775,9.558020566774596,Contract,Masters,1.0,61630.0,61630.0,61630.0,61630.0,74708.0,60.0
CUST_003984,LOAN_00003984,123742,143352,60,Bad,Stanbic IBTC,Lagos,8.38524604310906,14.442882448947568,Permanent,HND/BSc,0.0,0.0,0.0,0.0,0.0,0.0,0.0
CUST_003985,LOAN_00003985,161510,209996,90,Bad,Zenith Bank,Calabar,7.198930126520782,5.197624458861238,Permanent,Secondary,4.0,179618.0,44904.5,106854.0,8141.0,57336.5,60.0
CUST_003986,LOAN_00003986,136081,165868,365,Bad,Zenith Bank,Port Harcourt,6.263617357087608,10.27240143024454,Self-Employed,Secondary,0.0,0.0,0.0,0.0,0.0,0.0,0.0
CUST_003987,LOAN_00003987,39862,48491,30,Good,Zenith Bank,Kano,10.25204556637262,5.538985614845896,Permanent,Secondary,5.0,255026.0,51005.2,119544.0,11243.0,64204.6,102.0
CUST_003988,LOAN_00003988,39782,49338,90,Good,GTBank,Ibadan,10.925368485840284,10.36877981672878,Self-Employed,Secondary,1.0,61288.0,61288.0,61288.0,61288.0,81271.0,60.0
CUST_003989,LOAN_00003989,14664,19375,365,Good,Fidelity Bank,Port Harcourt,6.203105671264823,11.671796428330278,Contract,HND/BSc,4.0,192877.0,48219.25,94287.0,20755.0,65233.0,75.0
CUST_003990,LOAN_00003990,20967,25195,60,Bad,Zenith Bank,Calabar,4.445026930114126,11.667651951954465,Self-Employed,Secondary,2.0,36570.0,18285.0,23590.0,12980.0,23081.5,30.0
CUST_003991,LOAN_00003991,106732,133093,60,Good,Union Bank,Abuja,11.638774305087114,12.78088788819132,Permanent,PhD,5.0,271339.0,54267.8,96456.0,20842.0,70118.4,96.0
CUST_003992,LOAN_00003992,37963,48982,30,Good,GTBank,Abuja,4.08963767083873,13.2426027354998,Permanent,HND/BSc,3.0,80154.0,26718.0,43755.0,13626.0,32668.0,130.0
CUST_003993,LOAN_00003993,73326,98062,60,Good,Zenith Bank,Kaduna,12.434012445293249,3.927260715206125,Self-Employed,HND/BSc,1.0,9305.0,9305.0,9305.0,9305.0,11781.0,60.0
CUST_003994,LOAN_00003994,92185,115947,60,Good,UBA,Benin City,9.648578865844351,7.119205884868849,Self-Employed,HND/BSc,2.0,90229.0,45114.5,67845.0,22384.0,54685.0,60.0
CUST_003995,LOAN_00003995,95937,125277,30,Good,Stanbic IBTC,Calabar,6.896619716811882,11.24547024431767,Permanent,HND/BSc,1.0,89408.0,89408.0,89408.0,89408.0,119275.0,30.0
CUST_003996,LOAN_00003996,64632,82247,30,Bad,Union Bank,Abuja,6.218301186190626,8.983035448694546,Temporary,HND/BSc,1.0,31902.0,31902.0,31902.0,31902.0,39981.0,180.0
CUST_003997,LOAN_00003997,61265,79349,90,Bad,Zenith Bank,Kaduna,4.0810509783802775,5.2881113610574975,Permanent,Secondary,2.0,148156.0,74078.0,105947.0,42209.0,100089.0,105.0
CUST_003998,LOAN_00003998,36995,49816,30,Good,Access Bank,Kaduna,6.119242753097894,9.632514842000376,Permanent,Masters,2.0,57285.0,28642.5,30801.0,26484.0,36669.0,75.0
CUST_003999,LOAN_00003999,125168,156754,60,Good,Stanbic IBTC,Kaduna,5.23955471365427,7.889227833193726,Contract,HND/BSc,1.0,11418.0,11418.0,11418.0,11418.0,14283.0,30.0
CUST_004000,LOAN_00004000,79430,102578,30,Bad,Stanbic IBTC,Port Harcourt,9.50949598650831,7.680459331851662,Self-Employed,Secondary,10.0,419384.0,41938.4,167106.0,5000.0,51202.1,99.0
CUST_004001,LOAN_00004001,33386,40413,60,Good,Zenith Bank,Kaduna,5.498910297344212,12.717044609227964,Temporary,HND/BSc,1.0,60309.0,60309.0,60309.0,60309.0,82240.0,90.0
CUST_004002,LOAN_00004002,41298,48322,30,Good,Fidelity Bank,Lagos,8.757668537829574,7.891180005986175,Contract,HND/BSc,1.0,137543.0,137543.0,137543.0,137543.0,186508.0,60.0
CUST_004003,LOAN_00004003,127356,148190,90,Bad,First Bank,Calabar,9.311047801100235,3.31745406576509,Permanent,Secondary,0.0,0.0,0.0,0.0,0.0,0.0,0.0
CUST_004004,LOAN_00004004,227260,278550,90,Good,Fidelity Bank,Lagos,6.68237528512223,3.6967600666930953,Contract,Masters,3.0,270367.0,90122.33333333333,215872.0,12327.0,113766.33333333333,100.0
CUST_004005,LOAN_00004005,36783,44253,365,Good,Zenith Bank,Ibadan,4.315584541168469,13.274928500299444,Permanent,HND/BSc,2.0,99486.0,49743.0,90672.0,8814.0,68794.0,135.0
CUST_004006,LOAN_00004006,92237,119269,90,Good,Stanbic IBTC,Abuja,4.335284925527765,14.527209720150257,Contract,HND/BSc,0.0,0.0,0.0,0.0,0.0,0.0,0.0
CUST_004007,LOAN_00004007,63835,85975,30,Good,Union Bank,Benin City,4.237125989745259,11.26091203746849,Contract,HND/BSc,6.0,387160.0,64526.666666666664,175188.0,7218.0,88616.83333333333,70.0
CUST_004008,LOAN_00004008,35218,41509,60,Good,Access Bank,Kaduna,10.652122004228916,7.372419529200963,Permanent,,2.0,28749.0,14374.5,15531.0,13218.0,18534.5,120.0
CUST_004009,LOAN_00004009,46994,55988,30,Good,Union Bank,Kano,6.862087343328684,14.26320378953673,Contract,Secondary,1.0,44278.0,44278.0,44278.0,44278.0,57764.0,30.0
CUST_004010,LOAN_00004010,19324,22896,30,Good,Union Bank,Kano,11.166701673708973,10.95363703650883,Contract,HND/BSc,7.0,149316.0,21330.85714285714,50780.0,5775.0,27502.714285714286,111.42857142857143
CUST_004011,LOAN_00004011,31938,37812,180,Good,Stanbic IBTC,Abuja,7.885595414585643,13.132002590392052,Self-Employed,HND/BSc,4.0,192582.0,48145.5,89674.0,7802.0,60691.75,127.5
CUST_004012,LOAN_00004012,65274,77659,60,Good,Fidelity Bank,Ibadan,8.076982907469674,12.190227648444113,Contract,Masters,2.0,68876.0,34438.0,39121.0,29755.0,43948.0,180.0
CUST_004013,LOAN_00004013,129821,162631,30,Good,Access Bank,Kano,8.615943422586163,7.549671789271109,Permanent,Secondary,2.0,40552.0,20276.0,21875.0,18677.0,25031.0,75.0
CUST_004014,LOAN_00004014,34183,40584,180,Good,GTBank,Lagos,10.417283107375937,8.744426410209426,Permanent,Secondary,3.0,80065.0,26688.333333333332,46498.0,14470.0,31592.666666666668,110.0
CUST_004015,LOAN_00004015,39990,47871,180,Good,UBA,Jos,6.461525792467364,5.233585852417194,Permanent,Masters,3.0,129252.0,43084.0,69137.0,25427.0,55892.333333333336,70.0
CUST_004016,LOAN_00004016,39263,52251,60,Good,Stanbic IBTC,Port Harcourt,5.094286145801743,6.504169205288809,Permanent,HND/BSc,3.0,361892.0,120630.66666666667,194930.0,79184.0,151558.66666666666,50.0
CUST_004017,LOAN_00004017,37578,47365,60,Good,Zenith Bank,Enugu,9.004516016723153,12.33750793543826,Self-Employed,HND/BSc,2.0,25553.0,12776.5,20553.0,5000.0,15811.5,180.0
CUST_004018,LOAN_00004018,64155,75910,30,Bad,GTBank,Kano,6.942798609184654,13.727740702597298,Temporary,HND/BSc,9.0,497529.0,55281.0,113762.0,7522.0,70125.0,73.33333333333333
CUST_004019,LOAN_00004019,21188,28286,90,Bad,UBA,Benin City,7.982421823012336,11.693525079016942,Self-Employed,Masters,2.0,39380.0,19690.0,29338.0,10042.0,24303.5,120.0
CUST_004020,LOAN_00004020,53964,72410,365,Good,Zenith Bank,Kaduna,9.822520375035747,8.58208435987966,Contract,Secondary,6.0,486582.0,81097.0,288890.0,10312.0,100101.66666666667,100.0
CUST_004021,LOAN_00004021,68218,85868,90,Bad,Union Bank,Benin City,8.447131670271435,4.03811122727697,Contract,Secondary,3.0,97774.0,32591.333333333332,64754.0,12620.0,40145.333333333336,120.0
CUST_004022,LOAN_00004022,151158,181874,90,Bad,First Bank,Calabar,9.582509353907586,3.6833753843813786,Permanent,,1.0,134993.0,134993.0,134993.0,134993.0,167714.0,180.0
CUST_004023,LOAN_00004023,59461,77604,60,Good,Zenith Bank,Port Harcourt,8.89780001902265,7.491906775354246,Temporary,HND/BSc,0.0,0.0,0.0,0.0,0.0,0.0,0.0
CUST_004024,LOAN_00004024,54084,69923,90,Good,Access Bank,Lagos,10.658167347424891,8.565860625211958,Temporary,HND/BSc,1.0,43781.0,43781.0,43781.0,43781.0,56944.0,90.0
CUST_004025,LOAN_00004025,67887,88076,30,Good,Access Bank,Ibadan,10.35342955940458,10.309447466559565,Contract,Masters,2.0,178647.0,89323.5,173647.0,5000.0,119326.0,105.0
CUST_004026,LOAN_00004026,93145,120506,60,Good,First Bank,Port Harcourt,8.807709026277573,3.0778742566439665,Permanent,HND/BSc,1.0,20514.0,20514.0,20514.0,20514.0,23885.0,180.0
CUST_004027,LOAN_00004027,30403,37658,60,Good,GTBank,Enugu,10.110127187737362,14.876674685595676,Self-Employed,Secondary,0.0,0.0,0.0,0.0,0.0,0.0,0.0
CUST_004028,LOAN_00004028,58619,77351,90,Good,UBA,Jos,11.862036420453514,7.367266600848515,Permanent,Secondary,5.0,352490.0,70498.0,93243.0,39666.0,84274.6,90.0
CUST_004029,LOAN_00004029,116413,148425,180,Bad,Zenith Bank,Kano,7.890441590093517,13.177135965613456,Self-Employed,HND/BSc,4.0,137225.0,34306.25,49043.0,18999.0,42550.75,105.0
CUST_004030,LOAN_00004030,34044,41525,60,Good,Access Bank,Ibadan,7.714867654739143,9.419600467984854,Self-Employed,Masters,4.0,67103.0,16775.75,29441.0,5000.0,21119.0,120.0
CUST_004031,LOAN_00004031,23548,27699,60,Good,GTBank,Ibadan,10.878210587671422,4.565273454400158,Permanent,Secondary,1.0,17452.0,17452.0,17452.0,17452.0,21922.0,90.0
CUST_004032,LOAN_00004032,270657,311714,60,Bad,First Bank,Kano,9.242984533377946,12.570786630414265,Temporary,Secondary,7.0,588263.0,84037.57142857143,286047.0,7624.0,104689.85714285714,72.85714285714286
CUST_004033,LOAN_00004033,21521,27704,180,Bad,Fidelity Bank,Kano,4.639061022003297,11.517924899038512,Temporary,Masters,8.0,307302.0,38412.75,93459.0,11136.0,47675.625,78.75
CUST_004034,LOAN_00004034,59229,77720,90,Bad,Stanbic IBTC,Kano,12.029008141219732,9.329233019150736,Temporary,Secondary,2.0,305814.0,152907.0,210270.0,95544.0,193174.0,135.0
CUST_004035,LOAN_00004035,112353,137147,30,Good,Fidelity Bank,Kano,4.277047920138761,9.17463709600536,Contract,HND/BSc,4.0,146645.0,36661.25,82925.0,17187.0,45160.25,67.5
CUST_004036,LOAN_00004036,55766,69387,180,Good,Fidelity Bank,Kano,10.735567205887689,4.049755269011136,Permanent,Secondary,4.0,260320.0,65080.0,140570.0,10722.0,79546.0,127.5
CUST_004037,LOAN_00004037,40001,53923,180,Good,Access Bank,Ibadan,10.829147284338816,10.870187382886488,Contract,HND/BSc,1.0,33920.0,33920.0,33920.0,33920.0,45591.0,30.0
CUST_004038,LOAN_00004038,44634,59558,90,Good,Union Bank,Abuja,12.577999767537374,13.934941869051595,Contract,HND/BSc,5.0,322790.0,64558.0,165767.0,5000.0,85096.2,96.0
CUST_004039,LOAN_00004039,27327,32600,60,Good,Union Bank,Abuja,4.487209675620887,4.1189390306563,Permanent,Secondary,1.0,30168.0,30168.0,30168.0,30168.0,38312.0,60.0
CUST_004040,LOAN_00004040,52097,69041,90,Good,First Bank,Benin City,9.371711747060418,6.162137407786859,Contract,HND/BSc,4.0,125725.0,31431.25,62635.0,8489.0,40912.25,60.0
CUST_004041,LOAN_00004041,84110,105822,30,Bad,Zenith Bank,Abuja,7.850565135643476,13.827695681305183,Self-Employed,HND/BSc,3.0,93040.0,31013.333333333332,51008.0,13844.0,40546.333333333336,50.0
CUST_004042,LOAN_00004042,11532,14153,365,Good,Union Bank,Enugu,6.975696593735878,6.41212691783752,Permanent,HND/BSc,2.0,103388.0,51694.0,63392.0,39996.0,67242.5,75.0
CUST_004043,LOAN_00004043,86950,104762,60,Good,Fidelity Bank,Abuja,4.812867042691657,10.847324066159116,Permanent,HND/BSc,1.0,32798.0,32798.0,32798.0,32798.0,43837.0,180.0
CUST_004044,LOAN_00004044,42422,56471,60,Good,Union Bank,Ibadan,9.063887077041784,9.41781797931773,Permanent,HND/BSc,1.0,23821.0,23821.0,23821.0,23821.0,33171.0,90.0
CUST_004045,LOAN_00004045,33259,41737,365,Bad,Fidelity Bank,Kano,8.311366531071522,10.155931260046344,Self-Employed,HND/BSc,3.0,394268.0,131422.66666666666,278376.0,11216.0,166324.0,110.0
CUST_004046,LOAN_00004046,36817,48025,90,Good,UBA,Kaduna,4.940990123359218,7.989466818927037,Contract,HND/BSc,9.0,332114.0,36901.555555555555,114053.0,5065.0,46360.666666666664,60.0
CUST_004047,LOAN_00004047,39295,46993,90,Good,Access Bank,Kaduna,9.51240556387375,6.599897646644534,Permanent,HND/BSc,2.0,233167.0,116583.5,124356.0,108811.0,136442.5,135.0
CUST_004048,LOAN_00004048,93102,124736,365,Bad,Access Bank,Enugu,10.641578082276446,3.582401408756028,Temporary,HND/BSc,2.0,199723.0,99861.5,192649.0,7074.0,123962.5,60.0
CUST_004049,LOAN_00004049,37365,44834,90,Good,Zenith Bank,Calabar,10.905504709482834,11.93137127152997,Permanent,HND/BSc,3.0,185628.0,61876.0,80880.0,25951.0,74543.0,100.0
CUST_004050,LOAN_00004050,236833,278818,60,Bad,Union Bank,Ibadan,12.148358694361846,11.95312154633072,Contract,Secondary,0.0,0.0,0.0,0.0,0.0,0.0,0.0
CUST_004051,LOAN_00004051,91499,110149,180,Bad,Union Bank,Lagos,7.685236676998995,11.04870888094468,Self-Employed,Secondary,2.0,144481.0,72240.5,117927.0,26554.0,86660.5,180.0
CUST_004052,LOAN_00004052,116534,146568,60,Bad,Stanbic IBTC,Port Harcourt,12.577654917599231,10.723605457435449,Self-Employed,Secondary,6.0,408391.0,68065.16666666667,156316.0,9539.0,85144.0,95.0
CUST_004053,LOAN_00004053,107430,134015,60,Good,GTBank,Benin City,11.788864645744177,5.924605586010315,Permanent,PhD,2.0,264700.0,132350.0,229359.0,35341.0,179894.0,60.0
CUST_004054,LOAN_00004054,168173,195483,90,Bad,UBA,Lagos,6.668514139215452,3.2681392051954945,Temporary,Masters,1.0,352802.0,352802.0,352802.0,352802.0,476952.0,90.0
CUST_004055,LOAN_00004055,12885,15595,60,Bad,Access Bank,Ibadan,5.433547336145127,12.704584762625275,Temporary,HND/BSc,1.0,122333.0,122333.0,122333.0,122333.0,141396.0,60.0
CUST_004056,LOAN_00004056,17421,20725,90,Good,UBA,Abuja,7.918504565152121,8.893662428349923,Contract,Secondary,1.0,40280.0,40280.0,40280.0,40280.0,55281.0,30.0
CUST_004057,LOAN_00004057,52816,66265,60,Good,Access Bank,Kano,7.6170883716037,6.68205756843142,Contract,Secondary,7.0,263943.0,37706.142857142855,98514.0,7697.0,48598.0,55.714285714285715
CUST_004058,LOAN_00004058,124492,151314,60,Good,UBA,Lagos,9.18147374798084,4.22318288136684,Permanent,Masters,2.0,19626.0,9813.0,13068.0,6558.0,12291.0,45.0
CUST_004059,LOAN_00004059,71882,87259,180,Good,First Bank,Port Harcourt,9.250476090949732,3.752659090816661,Contract,Masters,1.0,10397.0,10397.0,10397.0,10397.0,12823.0,30.0
CUST_004060,LOAN_00004060,42317,53071,30,Good,Fidelity Bank,Calabar,10.749882859419778,7.186400661542128,Contract,Secondary,1.0,19855.0,19855.0,19855.0,19855.0,26220.0,60.0
CUST_004061,LOAN_00004061,73504,90650,60,Bad,Access Bank,Kaduna,8.589009533850492,12.656844777203286,Self-Employed,Masters,1.0,169920.0,169920.0,169920.0,169920.0,229017.0,180.0
CUST_004062,LOAN_00004062,74174,92142,30,Good,UBA,Calabar,4.94340376846689,14.024684992005966,Contract,HND/BSc,0.0,0.0,0.0,0.0,0.0,0.0,0.0
CUST_004063,LOAN_00004063,34402,45259,60,Good,Union Bank,Port Harcourt,11.724622019977955,13.761016375356776,Self-Employed,HND/BSc,1.0,189303.0,189303.0,189303.0,189303.0,263330.0,30.0
CUST_004064,LOAN_00004064,132767,172922,60,Good,GTBank,Kano,6.787881248666684,14.040010016995858,Permanent,Masters,2.0,29411.0,14705.5,18906.0,10505.0,18577.0,120.0
CUST_004065,LOAN_00004065,38998,47055,180,Good,First Bank,Abuja,12.741677142759327,13.892704117552112,Permanent,HND/BSc,2.0,30733.0,15366.5,20177.0,10556.0,18589.0,45.0
CUST_004066,LOAN_00004066,46435,61286,180,Good,First Bank,Port Harcourt,5.060740978117932,9.326697019204753,Permanent,Masters,1.0,64008.0,64008.0,64008.0,64008.0,78584.0,60.0
CUST_004067,LOAN_00004067,144903,186030,60,Bad,GTBank,Benin City,12.62426055009253,5.6329876626828455,Permanent,Secondary,0.0,0.0,0.0,0.0,0.0,0.0,0.0
CUST_004068,LOAN_00004068,422296,490546,90,Good,UBA,Port Harcourt,4.819106261942653,12.576558994041845,Contract,HND/BSc,0.0,0.0,0.0,0.0,0.0,0.0,0.0
CUST_004069,LOAN_00004069,145922,195923,90,Bad,Union Bank,Ibadan,6.079325241523535,5.564555698230948,Self-Employed,HND/BSc,5.0,340833.0,68166.6,273869.0,7692.0,81262.6,78.0
CUST_004070,LOAN_00004070,35211,45694,60,Good,Zenith Bank,Abuja,4.419219478778874,6.2064873210788285,Contract,HND/BSc,2.0,57004.0,28502.0,52004.0,5000.0,35561.0,180.0
CUST_004071,LOAN_00004071,102944,134414,180,Bad,GTBank,Kano,10.346018319750954,5.7990518618705815,Contract,HND/BSc,0.0,0.0,0.0,0.0,0.0,0.0,0.0
CUST_004072,LOAN_00004072,102101,132751,60,Bad,UBA,Kaduna,11.652688629146128,9.17978884434967,Self-Employed,Secondary,2.0,220480.0,110240.0,153426.0,67054.0,141896.5,105.0
CUST_004073,LOAN_00004073,43780,51552,180,Good,GTBank,Kaduna,7.906639736343823,6.861930098028958,Permanent,HND/BSc,3.0,292644.0,97548.0,126872.0,57153.0,116989.0,100.0
CUST_004074,LOAN_00004074,52744,64460,60,Good,GTBank,Port Harcourt,12.356698675381868,4.849872595504097,Permanent,HND/BSc,2.0,71349.0,35674.5,46892.0,24457.0,49543.0,60.0
CUST_004075,LOAN_00004075,69194,85730,90,Good,Access Bank,Ibadan,9.312691645800395,8.43808094272659,Permanent,Masters,1.0,16413.0,16413.0,16413.0,16413.0,22136.0,30.0
CUST_004076,LOAN_00004076,43480,54010,60,Good,UBA,Lagos,9.670064219018707,13.486886865422004,Self-Employed,HND/BSc,0.0,0.0,0.0,0.0,0.0,0.0,0.0
CUST_004077,LOAN_00004077,33619,39335,365,Good,Zenith Bank,Calabar,11.608772815306928,9.846634259399666,Permanent,HND/BSc,1.0,9101.0,9101.0,9101.0,9101.0,11010.0,90.0
CUST_004078,LOAN_00004078,12727,16955,90,Good,Fidelity Bank,Calabar,6.67120184546655,13.540027270651043,Permanent,Secondary,1.0,29370.0,29370.0,29370.0,29370.0,39028.0,180.0
CUST_004079,LOAN_00004079,255915,303330,90,Good,Access Bank,Calabar,7.188391491948632,5.350466220949649,Contract,HND/BSc,2.0,153702.0,76851.0,120133.0,33569.0,92161.0,105.0
CUST_004080,LOAN_00004080,35366,45051,30,Good,GTBank,Lagos,12.1535672727518,5.0036864840706485,Temporary,Secondary,1.0,35871.0,35871.0,35871.0,35871.0,47856.0,30.0
CUST_004081,LOAN_00004081,26198,33063,90,Good,Fidelity Bank,Ibadan,12.108671464348872,9.906925508381043,Contract,Secondary,7.0,329040.0,47005.71428571428,179870.0,8456.0,63386.142857142855,90.0
CUST_004082,LOAN_00004082,96239,117374,90,Bad,Stanbic IBTC,Calabar,12.788344985807838,8.559946818555277,Self-Employed,Secondary,2.0,77107.0,38553.5,70812.0,6295.0,46635.5,135.0
CUST_004083,LOAN_00004083,133141,163483,60,Bad,Fidelity Bank,Benin City,12.11654484797504,10.922071699763482,Self-Employed,Secondary,1.0,28260.0,28260.0,28260.0,28260.0,35446.0,30.0
CUST_004084,LOAN_00004084,50030,67174,90,Good,GTBank,Lagos,5.146348324300249,12.53552149232138,Contract,HND/BSc,3.0,167074.0,55691.333333333336,87695.0,17962.0,69982.33333333333,50.0
CUST_004085,LOAN_00004085,44486,54386,90,Good,GTBank,Lagos,11.413518575232883,12.015687547826118,Self-Employed,,7.0,431875.0,61696.42857142857,196611.0,7985.0,77663.85714285714,90.0
CUST_004086,LOAN_00004086,87317,112004,30,Bad,Union Bank,Kano,7.688546302986347,14.307134083902731,Self-Employed,Secondary,2.0,84383.0,42191.5,61273.0,23110.0,58023.5,75.0
CUST_004087,LOAN_00004087,91239,115122,30,Good,UBA,Kano,12.91721220351344,7.779076909884139,Permanent,Masters,0.0,0.0,0.0,0.0,0.0,0.0,0.0
CUST_004088,LOAN_00004088,76611,92414,30,Good,UBA,Abuja,8.25052867895921,5.476640906978169,Permanent,Secondary,2.0,53527.0,26763.5,40767.0,12760.0,34871.5,105.0
CUST_004089,LOAN_00004089,196148,242435,90,Good,Access Bank,Benin City,8.984524742519985,9.61095167937463,Permanent,HND/BSc,0.0,0.0,0.0,0.0,0.0,0.0,0.0
CUST_004090,LOAN_00004090,73825,97535,90,Good,Zenith Bank,Benin City,8.767974237311186,4.328917442294227,Contract,HND/BSc,3.0,147443.0,49147.666666666664,120704.0,9896.0,66900.66666666667,80.0
CUST_004091,LOAN_00004091,36062,46274,60,Good,Access Bank,Abuja,6.8956332687245006,6.466213479979578,Self-Employed,PhD,3.0,57765.0,19255.0,27841.0,7873.0,26167.666666666668,100.0
CUST_004092,LOAN_00004092,46852,55405,60,Good,First Bank,Benin City,4.675198800036264,5.494656663157734,Permanent,Secondary,1.0,53351.0,53351.0,53351.0,53351.0,69837.0,60.0
CUST_004093,LOAN_00004093,76818,101846,60,Good,GTBank,Enugu,12.060861073617266,7.758764601564971,Permanent,HND/BSc,5.0,410307.0,82061.4,230739.0,27131.0,105167.6,78.0
CUST_004094,LOAN_00004094,18782,21797,30,Good,Fidelity Bank,Jos,11.22408231273658,4.3345989000265845,Self-Employed,Secondary,1.0,48070.0,48070.0,48070.0,48070.0,57380.0,90.0
CUST_004095,LOAN_00004095,129987,167888,60,Good,Stanbic IBTC,Calabar,5.255741025037024,3.382100934577174,Contract,HND/BSc,2.0,64642.0,32321.0,34554.0,30088.0,42046.5,180.0
CUST_004096,LOAN_00004096,34513,40431,30,Good,GTBank,Kano,10.990914442150656,10.88152805556038,Contract,PhD,2.0,37397.0,18698.5,30917.0,6480.0,24983.5,120.0
CUST_004097,LOAN_00004097,95839,119936,30,Good,GTBank,Abuja,9.63261999445549,10.322987739477655,Self-Employed,Masters,3.0,160246.0,53415.333333333336,105429.0,19039.0,64583.333333333336,110.0
CUST_004098,LOAN_00004098,210183,281393,30,Good,Access Bank,Abuja,7.6822940912586,11.500307232463934,Contract,Masters,1.0,11918.0,11918.0,11918.0,11918.0,14502.0,30.0
CUST_004099,LOAN_00004099,38643,47265,90,Good,Stanbic IBTC,Benin City,6.286190341860065,10.924637283256128,Self-Employed,HND/BSc,2.0,64962.0,32481.0,51478.0,13484.0,38908.0,75.0
CUST_004100,LOAN_00004100,165837,209696,180,Good,Stanbic IBTC,Lagos,11.737559051520092,4.371536173708602,Permanent,Masters,6.0,336198.0,56033.0,221885.0,14658.0,71225.66666666667,40.0
CUST_004101,LOAN_00004101,88471,105779,60,Good,Stanbic IBTC,Kaduna,10.301694333646475,6.492946576507755,Permanent,HND/BSc,5.0,280662.0,56132.4,84992.0,9771.0,69344.6,138.0
CUST_004102,LOAN_00004102,49238,65245,60,Good,Access Bank,Port Harcourt,8.929659185222231,4.554319318804229,Contract,Secondary,5.0,71496.0,14299.2,21428.0,7796.0,19001.2,84.0
CUST_004103,LOAN_00004103,422041,501866,30,Bad,GTBank,Port Harcourt,9.486116805086176,13.11566882458276,Contract,Masters,2.0,43878.0,21939.0,22205.0,21673.0,26995.5,60.0
CUST_004104,LOAN_00004104,72653,89078,60,Bad,Access Bank,Abuja,4.819595638739629,11.96284386426628,Temporary,Secondary,10.0,337924.0,33792.4,112400.0,5000.0,43304.2,132.0
CUST_004105,LOAN_00004105,67616,90590,60,Bad,UBA,Calabar,8.265277848200729,5.418324035018909,Temporary,Secondary,6.0,256857.0,42809.5,82072.0,8080.0,54988.0,60.0
CUST_004106,LOAN_00004106,68188,87758,30,Bad,UBA,Enugu,5.743302635071318,7.095710885878721,Self-Employed,Secondary,5.0,507510.0,101502.0,234094.0,28785.0,128225.8,108.0
CUST_004107,LOAN_00004107,113856,144116,60,Good,Access Bank,Calabar,5.875453111079429,14.59937990717057,Permanent,HND/BSc,5.0,210894.0,42178.8,94602.0,21236.0,50544.0,84.0
CUST_004108,LOAN_00004108,64402,85374,365,Bad,Stanbic IBTC,Abuja,9.9517356605818,10.129912294555815,Temporary,HND/BSc,1.0,62584.0,62584.0,62584.0,62584.0,83629.0,180.0
CUST_004109,LOAN_00004109,35604,43384,180,Bad,Union Bank,Calabar,12.201305366508592,12.613867167613886,Self-Employed,Secondary,7.0,442790.0,63255.71428571428,154781.0,12691.0,78198.85714285714,124.28571428571429
CUST_004110,LOAN_00004110,60305,71675,90,Good,GTBank,Kano,7.633809494305119,6.17509241722475,Permanent,Masters,8.0,533022.0,66627.75,208597.0,19445.0,84034.75,75.0
CUST_004111,LOAN_00004111,98557,130775,90,Bad,Access Bank,Calabar,5.869743457109713,5.520635042151662,Self-Employed,Masters,2.0,44549.0,22274.5,22661.0,21888.0,28700.5,135.0
CUST_004112,LOAN_00004112,65343,86994,365,Good,Access Bank,Benin City,9.838722435129888,12.40700314615858,Permanent,PhD,4.0,280060.0,70015.0,168018.0,16329.0,94429.75,112.5
CUST_004113,LOAN_00004113,97707,116380,60,Good,Access Bank,Benin City,11.84068341715286,11.230469462777284,Permanent,HND/BSc,7.0,235559.0,33651.28571428572,67632.0,5000.0,42378.0,132.85714285714286
CUST_004114,LOAN_00004114,97078,127479,60,Bad,Union Bank,Enugu,10.734869210102415,11.171735150541164,Self-Employed,Masters,1.0,6283.0,6283.0,6283.0,6283.0,7798.0,30.0
CUST_004115,LOAN_00004115,22788,27814,60,Good,Union Bank,Kano,11.818815074829285,9.631614981950326,Contract,Masters,1.0,49670.0,49670.0,49670.0,49670.0,65032.0,90.0
CUST_004116,LOAN_00004116,106112,131157,60,Bad,First Bank,Kaduna,8.828992039097194,9.762940113318583,Permanent,Secondary,2.0,35679.0,17839.5,26310.0,9369.0,21696.0,120.0
CUST_004117,LOAN_00004117,216024,276878,30,Good,UBA,Lagos,10.766886199322718,11.828370063675044,Contract,HND/BSc,6.0,191760.0,31960.0,76116.0,8852.0,40152.166666666664,115.0
CUST_004118,LOAN_00004118,48226,56493,90,Good,Fidelity Bank,Kano,5.260581034230428,6.240029773454344,Temporary,HND/BSc,0.0,0.0,0.0,0.0,0.0,0.0,0.0
CUST_004119,LOAN_00004119,298965,379500,60,Good,Stanbic IBTC,Ibadan,7.134471538268723,7.233221590283469,Contract,Secondary,1.0,30532.0,30532.0,30532.0,30532.0,40571.0,30.0
CUST_004120,LOAN_00004120,27635,36392,90,Good,Zenith Bank,Jos,7.505942480333702,13.45964124624066,Permanent,Secondary,3.0,147019.0,49006.333333333336,119460.0,8553.0,60113.666666666664,150.0
CUST_004121,LOAN_00004121,46453,62436,60,Good,Union Bank,Abuja,8.601661716214311,6.706382412145893,Permanent,HND/BSc,4.0,150890.0,37722.5,65123.0,7222.0,45868.5,127.5
CUST_004122,LOAN_00004122,118594,144790,365,Bad,Fidelity Bank,Ibadan,12.361687242311412,9.555714856551589,Permanent,Secondary,2.0,14863.0,7431.5,8198.0,6665.0,9972.0,45.0
CUST_004123,LOAN_00004123,25160,30477,365,Bad,Union Bank,Enugu,11.868669041999569,11.431673568080209,Temporary,Secondary,6.0,299069.0,49844.833333333336,122348.0,12169.0,65017.166666666664,115.0
CUST_004124,LOAN_00004124,33838,43915,365,Good,Stanbic IBTC,Ibadan,5.210729430602661,14.999097921998118,Contract,HND/BSc,3.0,69432.0,23144.0,34324.0,5000.0,28980.333333333332,50.0
CUST_004125,LOAN_00004125,41633,54407,60,Good,Zenith Bank,Benin City,5.555106866942169,8.223495977943983,Contract,Masters,5.0,448402.0,89680.4,281523.0,8596.0,112025.0,102.0
CUST_004126,LOAN_00004126,132493,157544,30,Good,First Bank,Calabar,7.218764946300202,8.137114519499326,Contract,Masters,4.0,252487.0,63121.75,94773.0,32470.0,81249.25,150.0
CUST_004127,LOAN_00004127,379361,460549,90,Bad,Access Bank,Lagos,6.616694793016065,13.111060553204007,Self-Employed,HND/BSc,0.0,0.0,0.0,0.0,0.0,0.0,0.0
CUST_004128,LOAN_00004128,75266,97379,60,Good,First Bank,Port Harcourt,9.53293857840636,12.66603733511836,Contract,HND/BSc,5.0,241622.0,48324.4,142364.0,6702.0,60347.8,132.0
CUST_004129,LOAN_00004129,109616,126894,30,Bad,Union Bank,Abuja,12.124984429880904,11.772910580814582,Self-Employed,HND/BSc,1.0,21379.0,21379.0,21379.0,21379.0,25013.0,30.0
CUST_004130,LOAN_00004130,48316,64826,60,Good,First Bank,Port Harcourt,12.66062387505328,8.558755648908347,Permanent,Secondary,5.0,267239.0,53447.8,107801.0,12994.0,67008.6,96.0
CUST_004131,LOAN_00004131,65246,85440,90,Good,Fidelity Bank,Calabar,9.88242657281704,6.88726944192859,Permanent,Secondary,4.0,86807.0,21701.75,42982.0,5000.0,27168.75,97.5
CUST_004132,LOAN_00004132,32790,44041,60,Good,GTBank,Benin City,11.54343281260978,10.304765791018184,Temporary,Masters,3.0,226827.0,75609.0,191897.0,13707.0,91827.66666666667,40.0
CUST_004133,LOAN_00004133,64649,76842,90,Bad,Union Bank,Benin City,8.726819802077173,13.51467951757969,Temporary,HND/BSc,5.0,312618.0,62523.6,137596.0,19309.0,77623.6,96.0
CUST_004134,LOAN_00004134,89109,118150,60,Bad,Union Bank,Calabar,5.8749425217403575,13.60532949850304,Temporary,Masters,1.0,13802.0,13802.0,13802.0,13802.0,16357.0,30.0
CUST_004135,LOAN_00004135,74851,94389,60,Good,Fidelity Bank,Abuja,8.722195708841296,4.301980140845261,Temporary,Masters,3.0,63030.0,21010.0,44845.0,6522.0,26099.333333333332,100.0
CUST_004136,LOAN_00004136,12217,15813,60,Good,UBA,Port Harcourt,8.995743412938861,8.140203405757807,Self-Employed,Secondary,5.0,242516.0,48503.2,115976.0,11328.0,63348.2,102.0
CUST_004137,LOAN_00004137,42985,51476,180,Good,Zenith Bank,Kano,10.68211807792201,8.576663474384993,Self-Employed,HND/BSc,1.0,30805.0,30805.0,30805.0,30805.0,41068.0,90.0
CUST_004138,LOAN_00004138,56939,68070,90,Good,Access Bank,Benin City,5.978946907366142,14.731384410285038,Self-Employed,HND/BSc,3.0,146446.0,48815.333333333336,88040.0,21956.0,66289.33333333333,140.0
CUST_004139,LOAN_00004139,95213,119161,365,Bad,Fidelity Bank,Port Harcourt,7.314793438780585,11.135976182911014,Contract,HND/BSc,5.0,271751.0,54350.2,98886.0,17841.0,68762.8,90.0
CUST_004140,LOAN_00004140,29318,34644,30,Good,Zenith Bank,Kaduna,7.276247222931097,7.886957007144847,Permanent,HND/BSc,9.0,614059.0,68228.77777777778,166776.0,16600.0,85107.22222222222,83.33333333333333
CUST_004141,LOAN_00004141,14610,19651,30,Good,Stanbic IBTC,Port Harcourt,12.634956361670485,3.312694631827116,Permanent,,2.0,110533.0,55266.5,70263.0,40270.0,67565.5,30.0
CUST_004142,LOAN_00004142,58710,69390,90,Good,Zenith Bank,Kaduna,7.99550464294047,9.78462192119035,Temporary,Masters,4.0,422638.0,105659.5,260158.0,16467.0,139360.0,90.0
CUST_004143,LOAN_00004143,46539,59621,180,Good,Stanbic IBTC,Kaduna,10.795845705683318,4.152911707660273,Permanent,PhD,3.0,265384.0,88461.33333333333,144672.0,29098.0,114664.66666666667,70.0
CUST_004144,LOAN_00004144,178571,208757,60,Bad,Fidelity Bank,Benin City,10.75730243236995,13.013399488173157,Self-Employed,Secondary,1.0,31586.0,31586.0,31586.0,31586.0,42857.0,180.0
CUST_004145,LOAN_00004145,12891,16999,60,Good,Union Bank,Abuja,6.389897663229172,12.030223926844345,Permanent,Secondary,3.0,133069.0,44356.333333333336,92493.0,16670.0,52160.333333333336,110.0
CUST_004146,LOAN_00004146,162852,209069,180,Bad,Union Bank,Enugu,9.14682720434559,8.526109918898145,Permanent,Secondary,6.0,293105.0,48850.833333333336,94567.0,15536.0,61957.5,65.0
CUST_004147,LOAN_00004147,14976,19811,60,Good,UBA,Benin City,12.048726039867834,8.150529354500396,Permanent,Secondary,2.0,73225.0,36612.5,43776.0,29449.0,44834.5,105.0
CUST_004148,LOAN_00004148,115152,140239,365,Good,Fidelity Bank,Abuja,8.276779475112544,13.768067586825223,Permanent,HND/BSc,3.0,99112.0,33037.333333333336,61832.0,15098.0,43487.0,110.0
CUST_004149,LOAN_00004149,16285,19572,90,Good,Stanbic IBTC,Abuja,12.506057566082914,6.461500205017541,Permanent,HND/BSc,2.0,97364.0,48682.0,72345.0,25019.0,57661.0,60.0
CUST_004150,LOAN_00004150,20024,24772,90,Good,Zenith Bank,Ibadan,5.930124063917454,5.98823954528125,Permanent,HND/BSc,0.0,0.0,0.0,0.0,0.0,0.0,0.0
CUST_004151,LOAN_00004151,46949,61068,365,Good,Zenith Bank,Calabar,4.667431951966277,14.270369193909143,Self-Employed,PhD,3.0,57968.0,19322.666666666668,26902.0,10152.0,26705.0,110.0
CUST_004152,LOAN_00004152,180805,238854,30,Good,Stanbic IBTC,Calabar,12.023084858302743,12.71095004104179,Permanent,PhD,2.0,82595.0,41297.5,42540.0,40055.0,51224.0,60.0
CUST_004153,LOAN_00004153,51657,65384,90,Good,First Bank,Calabar,11.62913078165995,12.847507116806336,Permanent,Secondary,9.0,426085.0,47342.77777777778,118586.0,17239.0,59578.11111111111,113.33333333333333
CUST_004154,LOAN_00004154,26765,32368,60,Good,UBA,Jos,12.933308883404605,5.342325771311106,Permanent,Masters,8.0,277546.0,34693.25,89926.0,6508.0,44203.75,75.0
CUST_004155,LOAN_00004155,59554,78668,365,Good,GTBank,Benin City,10.114541393011834,4.719551897171213,Self-Employed,HND/BSc,2.0,152115.0,76057.5,87531.0,64584.0,93820.5,45.0
CUST_004156,LOAN_00004156,115254,133401,365,Bad,Union Bank,Abuja,12.430191340004344,3.312354597805619,Contract,HND/BSc,4.0,85930.0,21482.5,42788.0,10731.0,28523.25,52.5
CUST_004157,LOAN_00004157,70201,81854,60,Good,Access Bank,Ibadan,11.442541225756996,5.84449810702416,Contract,Masters,4.0,95657.0,23914.25,27569.0,20356.0,31601.75,105.0
CUST_004158,LOAN_00004158,29419,37710,60,Good,Zenith Bank,Kaduna,11.599836998080782,12.290285900571895,Permanent,Secondary,0.0,0.0,0.0,0.0,0.0,0.0,0.0
CUST_004159,LOAN_00004159,34982,43741,90,Good,Access Bank,Enugu,9.122274134088414,5.880461025169797,Permanent,Masters,1.0,37739.0,37739.0,37739.0,37739.0,51544.0,90.0
CUST_004160,LOAN_00004160,69020,85424,180,Good,GTBank,Enugu,7.441281381250397,11.749239403138514,Self-Employed,HND/BSc,7.0,264770.0,37824.28571428572,79350.0,13276.0,48567.142857142855,38.57142857142857
CUST_004161,LOAN_00004161,24087,29477,90,Good,Fidelity Bank,Kaduna,12.411022652889535,6.022899184409058,Self-Employed,Masters,3.0,389410.0,129803.33333333333,339887.0,14960.0,166710.66666666666,100.0
CUST_004162,LOAN_00004162,13711,15935,180,Bad,Access Bank,Port Harcourt,7.88905458054305,7.74350997540806,Permanent,,2.0,179232.0,89616.0,120635.0,58597.0,111742.5,60.0
CUST_004163,LOAN_00004163,13168,17404,30,Good,GTBank,Port Harcourt,8.849374305247022,14.7979474789369,Contract,HND/BSc,1.0,21619.0,21619.0,21619.0,21619.0,27048.0,60.0
CUST_004164,LOAN_00004164,95069,122111,60,Bad,Union Bank,Calabar,8.01502876412669,5.937740775409627,Permanent,Secondary,2.0,41433.0,20716.5,23556.0,17877.0,26585.5,90.0
CUST_004165,LOAN_00004165,29706,35220,30,Good,Stanbic IBTC,Benin City,9.083364825641771,7.516447527579212,Permanent,Secondary,4.0,248996.0,62249.0,139739.0,31085.0,80618.5,97.5
CUST_004166,LOAN_00004166,166659,195140,60,Good,First Bank,Jos,8.234545710930945,6.613046165582563,Self-Employed,HND/BSc,3.0,69749.0,23249.666666666668,29576.0,19007.0,29394.333333333332,50.0
CUST_004167,LOAN_00004167,89619,106236,30,Bad,Union Bank,Ibadan,4.431708027215283,4.315499835960027,Contract,Secondary,6.0,484774.0,80795.66666666667,153692.0,9510.0,107625.66666666667,145.0
CUST_004168,LOAN_00004168,62678,82400,60,Good,Zenith Bank,Enugu,11.938433674069287,8.8787297055699,Permanent,Masters,2.0,142463.0,71231.5,116341.0,26122.0,92305.0,105.0
CUST_004169,LOAN_00004169,229381,300902,60,Bad,GTBank,Calabar,7.999544370241928,7.544287959996027,Permanent,Secondary,8.0,400287.0,50035.875,124468.0,7742.0,65053.75,112.5
CUST_004170,LOAN_00004170,65152,80360,90,Bad,Access Bank,Lagos,9.30049283656614,11.338645029687362,Temporary,,5.0,449594.0,89918.8,312497.0,15551.0,106723.0,90.0
CUST_004171,LOAN_00004171,292462,371097,90,Bad,Zenith Bank,Calabar,5.252690224821883,12.811134563418555,Self-Employed,Masters,1.0,5369.0,5369.0,5369.0,5369.0,6416.0,180.0
CUST_004172,LOAN_00004172,64298,85371,90,Bad,First Bank,Lagos,4.030490631843752,9.530996573947665,Self-Employed,Secondary,2.0,247790.0,123895.0,143719.0,104071.0,158146.0,120.0
CUST_004173,LOAN_00004173,71487,86671,60,Good,Stanbic IBTC,Kano,6.2076108427927865,3.3863570650480423,Contract,HND/BSc,5.0,334480.0,66896.0,171175.0,7750.0,86190.4,126.0
CUST_004174,LOAN_00004174,60620,79426,60,Good,Fidelity Bank,Abuja,10.341274289200152,10.42706827481666,Contract,HND/BSc,4.0,224822.0,56205.5,79524.0,32921.0,72155.75,60.0
CUST_004175,LOAN_00004175,83247,108066,60,Good,Zenith Bank,Kaduna,4.892750771015908,3.6646887602512703,Permanent,HND/BSc,1.0,21084.0,21084.0,21084.0,21084.0,29057.0,30.0
CUST_004176,LOAN_00004176,55550,66681,90,Good,Fidelity Bank,Abuja,12.17998696347821,10.3962758831883,Permanent,HND/BSc,1.0,63027.0,63027.0,63027.0,63027.0,85288.0,180.0
CUST_004177,LOAN_00004177,28439,37215,60,Good,GTBank,Calabar,5.935203124205661,11.22035939123026,Contract,Secondary,0.0,0.0,0.0,0.0,0.0,0.0,0.0
CUST_004178,LOAN_00004178,122906,142997,30,Good,First Bank,Abuja,5.841342528625982,5.373211531410221,Contract,HND/BSc,2.0,81255.0,40627.5,57833.0,23422.0,52489.5,135.0
CUST_004179,LOAN_00004179,13437,16634,30,Good,Access Bank,Ibadan,5.63357165459346,12.832153784661251,Permanent,HND/BSc,3.0,391725.0,130575.0,371440.0,8177.0,176909.33333333334,110.0
CUST_004180,LOAN_00004180,34074,39609,90,Good,First Bank,Kano,4.125835416742283,13.933021578888583,Self-Employed,Masters,0.0,0.0,0.0,0.0,0.0,0.0,0.0
CUST_004181,LOAN_00004181,47990,59619,60,Good,First Bank,Jos,10.94624921630411,12.757043569365836,Permanent,Masters,1.0,60637.0,60637.0,60637.0,60637.0,79668.0,180.0
CUST_004182,LOAN_00004182,47468,63533,60,Good,UBA,Kano,11.875310781207329,6.661310282544986,Permanent,Secondary,7.0,274599.0,39228.42857142857,89460.0,6621.0,50474.857142857145,85.71428571428571
CUST_004183,LOAN_00004183,33014,41204,90,Good,First Bank,Enugu,9.52746432354579,10.039716149347614,Permanent,Secondary,1.0,77351.0,77351.0,77351.0,77351.0,94276.0,30.0
CUST_004184,LOAN_00004184,239348,304705,90,Good,First Bank,Ibadan,5.69379983511876,13.977781790294731,Contract,Masters,2.0,208565.0,104282.5,198114.0,10451.0,123434.0,60.0
CUST_004185,LOAN_00004185,51017,63676,60,Good,Union Bank,Abuja,6.567501972467918,6.847976714674199,Permanent,,0.0,0.0,0.0,0.0,0.0,0.0,0.0
CUST_004186,LOAN_00004186,42979,54413,30,Good,Zenith Bank,Jos,8.283340276284669,12.8403338671851,Permanent,HND/BSc,1.0,22908.0,22908.0,22908.0,22908.0,29976.0,90.0
CUST_004187,LOAN_00004187,87441,113326,180,Bad,Access Bank,Abuja,12.589113564609708,3.1137015751403583,Contract,Secondary,2.0,52915.0,26457.5,33213.0,19702.0,31968.0,60.0
CUST_004188,LOAN_00004188,120559,153258,30,Good,Union Bank,Benin City,6.226162346359685,3.0437604334161152,Contract,Secondary,2.0,27572.0,13786.0,20253.0,7319.0,17854.5,135.0
CUST_004189,LOAN_00004189,99489,120291,180,Bad,Union Bank,Benin City,10.584813135278992,12.11653992406761,Contract,Secondary,9.0,612247.0,68027.44444444444,183324.0,13991.0,86758.66666666667,103.33333333333333
CUST_004190,LOAN_00004190,66129,80398,180,Bad,Zenith Bank,Port Harcourt,7.955034009636282,12.137370985525454,Permanent,HND/BSc,1.0,35220.0,35220.0,35220.0,35220.0,43639.0,60.0
CUST_004191,LOAN_00004191,189108,248056,90,Good,Zenith Bank,Kano,6.680626135240196,12.467726254227523,Contract,HND/BSc,1.0,11721.0,11721.0,11721.0,11721.0,13497.0,90.0
CUST_004192,LOAN_00004192,163629,205056,30,Good,GTBank,Jos,8.103243433199024,14.160322054657948,Contract,HND/BSc,2.0,23828.0,11914.0,13402.0,10426.0,15331.5,90.0
CUST_004193,LOAN_00004193,181415,240712,30,Good,Zenith Bank,Benin City,4.640860457871093,4.41487574184341,Permanent,Secondary,5.0,203997.0,40799.4,65195.0,7970.0,52927.2,78.0
CUST_004194,LOAN_00004194,28473,35366,60,Good,UBA,Port Harcourt,11.188186338373262,5.78381981980426,Self-Employed,Secondary,1.0,91710.0,91710.0,91710.0,91710.0,121290.0,60.0
CUST_004195,LOAN_00004195,123651,155768,60,Good,UBA,Ibadan,6.189717351846705,13.84469904448569,Contract,HND/BSc,1.0,5996.0,5996.0,5996.0,5996.0,7257.0,180.0
CUST_004196,LOAN_00004196,103815,128250,365,Good,Union Bank,Jos,10.528709108736734,5.126834373268242,Permanent,Masters,5.0,367864.0,73572.8,251431.0,13259.0,87228.2,96.0
CUST_004197,LOAN_00004197,56332,73581,90,Good,Fidelity Bank,Port Harcourt,4.615135343033753,11.186751210919008,Temporary,HND/BSc,1.0,47527.0,47527.0,47527.0,47527.0,63891.0,30.0
CUST_004198,LOAN_00004198,91184,109312,30,Bad,GTBank,Kaduna,12.595887005491177,9.365556000489784,Self-Employed,,3.0,190636.0,63545.333333333336,96040.0,42989.0,80241.0,100.0
CUST_004199,LOAN_00004199,13957,17841,60,Good,Fidelity Bank,Jos,5.737134868651287,3.998324122218087,Temporary,HND/BSc,3.0,143993.0,47997.666666666664,88849.0,22089.0,63150.333333333336,90.0
CUST_004200,LOAN_00004200,12382,14783,90,Good,Fidelity Bank,Calabar,11.944678685863725,6.423163943298395,Self-Employed,Secondary,4.0,307331.0,76832.75,242405.0,14295.0,91673.75,135.0
CUST_004201,LOAN_00004201,114986,152500,30,Good,Union Bank,Port Harcourt,11.28525888653891,9.244466597291614,Permanent,Secondary,1.0,5518.0,5518.0,5518.0,5518.0,6986.0,60.0
CUST_004202,LOAN_00004202,25730,30505,60,Good,Stanbic IBTC,Abuja,12.710739316732743,13.228201400206007,Permanent,HND/BSc,0.0,0.0,0.0,0.0,0.0,0.0,0.0
CUST_004203,LOAN_00004203,107350,140653,90,Good,Union Bank,Calabar,8.301015948511747,11.490461875376084,Self-Employed,HND/BSc,5.0,260528.0,52105.6,103002.0,23352.0,66695.4,96.0
CUST_004204,LOAN_00004204,22399,26385,60,Good,Access Bank,Kaduna,10.546575644613563,10.462597937459195,Temporary,HND/BSc,0.0,0.0,0.0,0.0,0.0,0.0,0.0
CUST_004205,LOAN_00004205,29355,36576,90,Good,Access Bank,Benin City,7.336395913340056,8.952394679296978,Contract,Masters,3.0,195561.0,65187.0,113219.0,33079.0,84830.66666666667,60.0
CUST_004206,LOAN_00004206,108710,126790,365,Bad,Zenith Bank,Lagos,5.659314142177244,6.584207805769612,Self-Employed,Masters,2.0,70146.0,35073.0,49606.0,20540.0,46896.5,90.0
CUST_004207,LOAN_00004207,65451,77825,30,Bad,Zenith Bank,Port Harcourt,7.98768339640104,4.430938935831135,Permanent,Secondary,2.0,107884.0,53942.0,85634.0,22250.0,71906.5,135.0
CUST_004208,LOAN_00004208,97135,120973,180,Good,Stanbic IBTC,Ibadan,5.491741138496094,7.908912414793146,Contract,Masters,2.0,29641.0,14820.5,18338.0,11303.0,19355.0,60.0
CUST_004209,LOAN_00004209,171145,230763,365,Bad,Zenith Bank,Port Harcourt,12.838401605077456,3.342221926935511,Temporary,HND/BSc,2.0,112753.0,56376.5,88066.0,24687.0,74627.0,135.0
CUST_004210,LOAN_00004210,160291,184424,365,Bad,Access Bank,Lagos,4.866218420266447,5.532670671202207,Self-Employed,HND/BSc,2.0,31086.0,15543.0,25253.0,5833.0,20336.0,60.0
CUST_004211,LOAN_00004211,19333,23510,30,Good,Fidelity Bank,Kaduna,9.302905511073584,8.189800510471919,Temporary,HND/BSc,1.0,30285.0,30285.0,30285.0,30285.0,38519.0,180.0
CUST_004212,LOAN_00004212,202351,248215,30,Bad,Union Bank,Kaduna,9.638174697286503,8.02326222806298,Self-Employed,HND/BSc,2.0,207487.0,103743.5,133845.0,73642.0,139050.0,30.0
CUST_004213,LOAN_00004213,33023,41917,60,Good,First Bank,Calabar,8.842715885866488,3.531545171963909,Contract,Secondary,6.0,142853.0,23808.833333333332,79339.0,7716.0,31908.833333333332,40.0
CUST_004214,LOAN_00004214,46157,57936,180,Good,UBA,Jos,9.9596729714065,10.068721842303496,Contract,HND/BSc,4.0,465918.0,116479.5,204073.0,32454.0,143918.75,105.0
CUST_004215,LOAN_00004215,48073,64753,60,Good,First Bank,Ibadan,5.045626975107019,9.596211070238834,Temporary,HND/BSc,3.0,194828.0,64942.666666666664,120967.0,36227.0,82000.0,140.0
CUST_004216,LOAN_00004216,76336,93135,180,Good,First Bank,Calabar,8.99516671784762,3.937251648250954,Contract,HND/BSc,0.0,0.0,0.0,0.0,0.0,0.0,0.0
CUST_004217,LOAN_00004217,57672,67247,90,Good,Access Bank,Ibadan,6.584913140146254,14.317956629525272,Permanent,Secondary,2.0,176298.0,88149.0,166094.0,10204.0,107698.0,120.0
CUST_004218,LOAN_00004218,69309,91291,180,Bad,First Bank,Ibadan,12.46158456970951,4.192593347410321,Contract,Secondary,2.0,38563.0,19281.5,27242.0,11321.0,23128.0,60.0
CUST_004219,LOAN_00004219,114248,150277,60,Good,Union Bank,Lagos,10.85864488095753,13.258009814848034,Contract,Secondary,7.0,921187.0,131598.14285714287,233733.0,28546.0,165175.0,72.85714285714286
CUST_004220,LOAN_00004220,44551,55238,60,Good,Stanbic IBTC,Calabar,12.752630339437683,3.0037167829800717,Permanent,HND/BSc,0.0,0.0,0.0,0.0,0.0,0.0,0.0
CUST_004221,LOAN_00004221,83159,102515,90,Good,GTBank,Ibadan,4.3380046276617055,13.587373140544598,Self-Employed,Masters,3.0,209246.0,69748.66666666667,131618.0,7079.0,95312.66666666667,50.0
CUST_004222,LOAN_00004222,40186,51728,30,Good,Zenith Bank,Enugu,6.566198576626379,3.2366367864517507,Permanent,Secondary,10.0,301579.0,30157.9,47337.0,14289.0,38960.1,66.0
CUST_004223,LOAN_00004223,36457,47256,30,Good,GTBank,Lagos,5.758803279745141,12.093744382705392,Contract,HND/BSc,2.0,28876.0,14438.0,22727.0,6149.0,17747.5,120.0
CUST_004224,LOAN_00004224,30699,37363,180,Good,Fidelity Bank,Kaduna,4.100391285806475,7.340289735603035,Self-Employed,HND/BSc,4.0,100987.0,25246.75,27983.0,23456.0,32524.25,112.5
CUST_004225,LOAN_00004225,28251,37048,60,Good,Union Bank,Lagos,6.180931572216893,11.858601601635838,Contract,Masters,5.0,283726.0,56745.2,124368.0,23098.0,71895.0,102.0
CUST_004226,LOAN_00004226,185503,215358,90,Bad,Union Bank,Abuja,10.10898385168386,7.820942465099742,Self-Employed,Secondary,5.0,294152.0,58830.4,137732.0,12975.0,69467.0,72.0
CUST_004227,LOAN_00004227,135116,181294,60,Good,UBA,Abuja,6.079800299211117,3.850895067982101,Permanent,Secondary,3.0,88382.0,29460.666666666668,34649.0,24338.0,38219.666666666664,80.0
CUST_004228,LOAN_00004228,84631,106630,30,Bad,Union Bank,Ibadan,8.581031009343564,12.21008034474437,Temporary,Secondary,3.0,82094.0,27364.666666666668,34830.0,19627.0,34203.0,110.0
CUST_004229,LOAN_00004229,133337,162556,60,Bad,Zenith Bank,Calabar,11.990363034684988,3.85503222385638,Permanent,,4.0,422724.0,105681.0,178325.0,26973.0,138051.25,135.0
CUST_004230,LOAN_00004230,36601,44560,30,Good,Union Bank,Kaduna,10.243821283141678,14.065445231534616,Permanent,HND/BSc,2.0,99477.0,49738.5,67500.0,31977.0,65319.5,60.0
CUST_004231,LOAN_00004231,54637,71319,30,Good,First Bank,Lagos,7.551661629154288,3.611688429499937,Self-Employed,Secondary,3.0,72392.0,24130.666666666668,35780.0,18194.0,30117.666666666668,100.0
CUST_004232,LOAN_00004232,38762,46310,60,Good,UBA,Calabar,7.352220450208975,8.751903333258186,Self-Employed,Secondary,3.0,169247.0,56415.666666666664,112524.0,5391.0,70455.66666666667,130.0
CUST_004233,LOAN_00004233,24325,29961,60,Good,Zenith Bank,Lagos,8.101622326076363,11.676413170209548,Permanent,Secondary,5.0,220777.0,44155.4,90499.0,16092.0,54144.8,48.0
CUST_004234,LOAN_00004234,36874,49332,60,Bad,Stanbic IBTC,Lagos,5.593372969539157,7.718957577504453,Temporary,Secondary,2.0,83863.0,41931.5,69254.0,14609.0,49494.0,135.0
CUST_004235,LOAN_00004235,44669,59990,180,Good,Stanbic IBTC,Enugu,9.706006906743893,5.606801695109216,Contract,Masters,0.0,0.0,0.0,0.0,0.0,0.0,0.0
CUST_004236,LOAN_00004236,134417,165468,90,Bad,Stanbic IBTC,Abuja,7.277375371941449,12.109091536752324,Temporary,HND/BSc,1.0,14660.0,14660.0,14660.0,14660.0,18319.0,90.0
CUST_004237,LOAN_00004237,72631,86004,90,Good,Stanbic IBTC,Lagos,11.671288143358392,12.411536457464717,Contract,HND/BSc,6.0,323439.0,53906.5,174009.0,12207.0,69973.33333333333,85.0
CUST_004238,LOAN_00004238,13086,15694,60,Good,First Bank,Enugu,10.808973940520346,14.072339807452408,Contract,HND/BSc,4.0,323599.0,80899.75,158771.0,18475.0,99707.0,90.0
CUST_004239,LOAN_00004239,35731,42018,30,Good,Union Bank,Abuja,9.49461847682944,7.513981325172932,Contract,HND/BSc,2.0,227482.0,113741.0,124852.0,102630.0,153366.0,30.0
CUST_004240,LOAN_00004240,73492,86574,90,Bad,GTBank,Enugu,7.277820003845645,9.075020813967924,Permanent,Secondary,4.0,50028.0,12507.0,21888.0,5000.0,16088.25,82.5
CUST_004241,LOAN_00004241,31419,41960,90,Good,Zenith Bank,Calabar,5.88938648506136,7.357541314152865,Contract,HND/BSc,1.0,87484.0,87484.0,87484.0,87484.0,106763.0,30.0
CUST_004242,LOAN_00004242,67014,86494,60,Good,First Bank,Jos,10.985366776950606,6.084981862216418,Contract,HND/BSc,1.0,33151.0,33151.0,33151.0,33151.0,46257.0,30.0
CUST_004243,LOAN_00004243,28270,34180,90,Good,Stanbic IBTC,Abuja,8.377681890919778,12.012395538451305,Permanent,Secondary,3.0,422158.0,140719.33333333334,335863.0,10202.0,179725.0,100.0
CUST_004244,LOAN_00004244,143627,171483,60,Good,Fidelity Bank,Benin City,6.0227503435962175,7.075822140203465,Permanent,HND/BSc,2.0,50058.0,25029.0,31134.0,18924.0,30672.0,60.0
CUST_004245,LOAN_00004245,60200,69475,90,Good,Union Bank,Jos,5.756571535360056,8.137793303908225,Permanent,Masters,0.0,0.0,0.0,0.0,0.0,0.0,0.0
CUST_004246,LOAN_00004246,29686,37610,365,Bad,GTBank,Calabar,5.488608140512231,7.844083891488334,Self-Employed,Secondary,2.0,59163.0,29581.5,50945.0,8218.0,37308.0,105.0
CUST_004247,LOAN_00004247,310793,395799,365,Good,Fidelity Bank,Lagos,10.994450765850356,11.55193470776095,Contract,Masters,2.0,60597.0,30298.5,42080.0,18517.0,40875.0,60.0
CUST_004248,LOAN_00004248,65831,86631,30,Bad,UBA,Kaduna,6.060884667702805,14.013547513328158,Self-Employed,Secondary,2.0,48455.0,24227.5,26675.0,21780.0,33554.5,60.0
CUST_004249,LOAN_00004249,73335,89051,30,Bad,Fidelity Bank,Calabar,8.739780371726777,11.001072735688528,Temporary,HND/BSc,6.0,441839.0,73639.83333333333,182966.0,20609.0,91557.66666666667,125.0
CUST_004250,LOAN_00004250,181209,209601,60,Good,UBA,Enugu,8.063917248757509,8.658991153130792,Contract,HND/BSc,2.0,103665.0,51832.5,72050.0,31615.0,61949.0,75.0
CUST_004251,LOAN_00004251,131210,159099,60,Bad,UBA,Enugu,9.216498093054554,12.3504613768666,Temporary,HND/BSc,3.0,374982.0,124994.0,138188.0,112449.0,154689.0,30.0
CUST_004252,LOAN_00004252,98869,120375,180,Bad,Stanbic IBTC,Enugu,11.894394103340748,10.69165588946565,Permanent,Secondary,1.0,7946.0,7946.0,7946.0,7946.0,9888.0,180.0
CUST_004253,LOAN_00004253,116570,153252,60,Good,UBA,Enugu,11.809726510735576,3.727324285413762,Permanent,Masters,8.0,391121.0,48890.125,93387.0,7500.0,63436.375,97.5
CUST_004254,LOAN_00004254,48983,65425,60,Good,Access Bank,Calabar,8.059684646423737,4.1479630370261,Contract,,1.0,24956.0,24956.0,24956.0,24956.0,31433.0,90.0
CUST_004255,LOAN_00004255,16917,21673,90,Good,Zenith Bank,Kaduna,4.138296256612509,3.4550033288836,Contract,Secondary,2.0,74861.0,37430.5,51171.0,23690.0,47700.0,120.0
CUST_004256,LOAN_00004256,79425,95375,30,Good,Zenith Bank,Port Harcourt,7.837994251428729,8.481795914475839,Self-Employed,Masters,4.0,112208.0,28052.0,41327.0,17531.0,37354.75,90.0
CUST_004257,LOAN_00004257,35412,41978,30,Good,Stanbic IBTC,Enugu,9.455741836817264,12.91024121206758,Contract,HND/BSc,4.0,120429.0,30107.25,85600.0,7167.0,38262.5,97.5
CUST_004258,LOAN_00004258,17960,24080,180,Good,Access Bank,Port Harcourt,9.019882831882557,6.756998032216225,Permanent,PhD,5.0,122066.0,24413.2,60602.0,8907.0,31726.4,156.0
CUST_004259,LOAN_00004259,19416,24546,90,Good,Fidelity Bank,Kaduna,9.86202495220185,7.60992219710978,Self-Employed,Secondary,10.0,413223.0,41322.3,122844.0,5717.0,53120.9,66.0
CUST_004260,LOAN_00004260,15855,19616,60,Good,First Bank,Kaduna,5.386681592257752,13.913725300414688,Contract,Masters,8.0,237224.0,29653.0,63169.0,5992.0,37086.875,75.0
CUST_004261,LOAN_00004261,48405,57633,90,Good,Fidelity Bank,Jos,9.818815889026594,13.042841343799855,Permanent,Secondary,8.0,431730.0,53966.25,124945.0,5124.0,69480.25,75.0
CUST_004262,LOAN_00004262,40767,51144,365,Good,Union Bank,Abuja,5.6438645686939495,10.98057734859072,Contract,Masters,2.0,96033.0,48016.5,77676.0,18357.0,59255.0,45.0
CUST_004263,LOAN_00004263,166859,201296,90,Good,First Bank,Benin City,10.75471582627074,6.201645385107016,Temporary,HND/BSc,3.0,242196.0,80732.0,188311.0,15505.0,101641.33333333333,150.0
CUST_004264,LOAN_00004264,13342,15607,30,Bad,UBA,Ibadan,7.05178851936412,4.404497792261322,Self-Employed,HND/BSc,4.0,275702.0,68925.5,130908.0,18949.0,86402.0,45.0
CUST_004265,LOAN_00004265,47726,63215,30,Good,GTBank,Benin City,10.38905890043308,3.1927058721613646,Contract,Secondary,5.0,138030.0,27606.0,46298.0,6957.0,35080.4,60.0
CUST_004266,LOAN_00004266,52919,62247,30,Good,First Bank,Calabar,4.430790390154964,4.2841280712530505,Permanent,Masters,9.0,215659.0,23962.11111111111,50578.0,8386.0,29715.0,96.66666666666667
CUST_004267,LOAN_00004267,86752,100388,365,Good,GTBank,Ibadan,7.67074023031822,6.511157323487313,Permanent,HND/BSc,3.0,192170.0,64056.666666666664,126232.0,26042.0,84957.66666666667,60.0
CUST_004268,LOAN_00004268,87583,105875,180,Good,Zenith Bank,Kaduna,10.345310700369994,9.621480762953947,Contract,HND/BSc,5.0,193498.0,38699.6,65842.0,13005.0,49090.4,48.0
CUST_004269,LOAN_00004269,62042,79890,60,Bad,GTBank,Benin City,6.041834646983447,3.768000993028642,Self-Employed,HND/BSc,3.0,128456.0,42818.666666666664,63025.0,11653.0,50821.0,50.0
CUST_004270,LOAN_00004270,56221,71668,60,Good,Zenith Bank,Kano,11.157583403175003,4.634733339821388,Permanent,Masters,8.0,324661.0,40582.625,92334.0,13863.0,53031.375,93.75
CUST_004271,LOAN_00004271,17833,20539,365,Good,Access Bank,Abuja,9.677017597944388,5.1729684276952925,Permanent,HND/BSc,7.0,202756.0,28965.14285714286,88524.0,5729.0,38149.28571428572,68.57142857142857
CUST_004272,LOAN_00004272,163440,192309,365,Bad,Access Bank,Benin City,9.288055949348184,10.583785115799676,Temporary,Secondary,2.0,67301.0,33650.5,40203.0,27098.0,44780.0,120.0
CUST_004273,LOAN_00004273,28514,36813,30,Good,Stanbic IBTC,Abuja,7.181939687839034,10.389477587761494,Self-Employed,PhD,4.0,207106.0,51776.5,78605.0,11168.0,64293.5,90.0
CUST_004274,LOAN_00004274,120586,157709,30,Good,Stanbic IBTC,Port Harcourt,8.342063233430057,9.609188716465836,Contract,HND/BSc,2.0,46081.0,23040.5,24870.0,21211.0,29339.5,30.0
CUST_004275,LOAN_00004275,22876,27574,60,Good,UBA,Calabar,9.376143708800678,6.006017096351275,Permanent,HND/BSc,3.0,173153.0,57717.666666666664,85875.0,13865.0,71818.66666666667,140.0
CUST_004276,LOAN_00004276,68258,91983,30,Bad,First Bank,Abuja,8.252159025234015,7.453436294624784,Permanent,Secondary,2.0,121798.0,60899.0,63054.0,58744.0,74948.5,180.0
CUST_004277,LOAN_00004277,66040,88042,90,Good,UBA,Port Harcourt,10.28481991546504,4.160276596052917,Permanent,Masters,3.0,140360.0,46786.666666666664,93776.0,19126.0,56538.666666666664,60.0
CUST_004278,LOAN_00004278,137669,161296,90,Bad,Zenith Bank,Enugu,7.9032723979626365,5.717527245096658,Contract,Secondary,6.0,265086.0,44181.0,139083.0,17531.0,58370.333333333336,80.0
CUST_004279,LOAN_00004279,32354,42440,30,Good,UBA,Port Harcourt,5.820458635678273,13.772462717670964,Permanent,HND/BSc,2.0,79135.0,39567.5,55590.0,23545.0,52347.0,60.0
CUST_004280,LOAN_00004280,152545,189406,180,Bad,GTBank,Calabar,5.925404045209425,14.75630095722994,Self-Employed,Masters,5.0,374485.0,74897.0,129246.0,21471.0,98284.2,72.0
CUST_004281,LOAN_00004281,138827,170801,30,Bad,Zenith Bank,Jos,4.05223391958647,10.771915027683535,Temporary,Secondary,4.0,121193.0,30298.25,63557.0,11212.0,38107.0,82.5
CUST_004282,LOAN_00004282,212744,269093,60,Good,Stanbic IBTC,Enugu,6.708619440028052,14.001879504281042,Permanent,Masters,5.0,458392.0,91678.4,263082.0,20326.0,111741.4,84.0
CUST_004283,LOAN_00004283,377579,499850,365,Bad,Access Bank,Kaduna,10.740258764306676,10.712902804817102,Contract,HND/BSc,1.0,19329.0,19329.0,19329.0,19329.0,25076.0,90.0
CUST_004284,LOAN_00004284,22209,26302,60,Good,Stanbic IBTC,Lagos,11.147464379538484,3.3983578332656386,Self-Employed,HND/BSc,0.0,0.0,0.0,0.0,0.0,0.0,0.0
CUST_004285,LOAN_00004285,11098,13043,60,Good,First Bank,Port Harcourt,5.82220787886175,14.961151019836908,Temporary,HND/BSc,0.0,0.0,0.0,0.0,0.0,0.0,0.0
CUST_004286,LOAN_00004286,30223,36841,30,Good,Zenith Bank,Port Harcourt,12.63139597184267,4.187427620238418,Self-Employed,HND/BSc,3.0,251791.0,83930.33333333333,168956.0,5386.0,107377.66666666667,90.0
CUST_004287,LOAN_00004287,60286,80092,90,Good,Zenith Bank,Abuja,8.521625141321142,11.191701617340728,Permanent,Secondary,1.0,190620.0,190620.0,190620.0,190620.0,232689.0,90.0
CUST_004288,LOAN_00004288,234568,306222,30,Good,GTBank,Kaduna,12.252808741166524,6.03403443689748,Permanent,Secondary,2.0,66186.0,33093.0,37126.0,29060.0,42043.0,60.0
CUST_004289,LOAN_00004289,39517,46941,180,Good,First Bank,Benin City,10.36088753675468,7.703773354883522,Self-Employed,PhD,2.0,107511.0,53755.5,82013.0,25498.0,71222.5,60.0
CUST_004290,LOAN_00004290,171824,201811,365,Bad,Access Bank,Kano,10.501900807201718,10.75121021761126,Self-Employed,Secondary,0.0,0.0,0.0,0.0,0.0,0.0,0.0
CUST_004291,LOAN_00004291,88854,119115,30,Good,Fidelity Bank,Ibadan,4.76539259175464,8.237848191692485,Permanent,Masters,5.0,331886.0,66377.2,95905.0,22738.0,86330.2,108.0
CUST_004292,LOAN_00004292,29164,34687,180,Good,Zenith Bank,Port Harcourt,5.979920142072376,6.0065527071735385,Contract,Secondary,3.0,117907.0,39302.333333333336,56595.0,30378.0,49259.333333333336,100.0
CUST_004293,LOAN_00004293,129178,170115,30,Bad,Zenith Bank,Benin City,4.079333499650254,7.013354242539897,Self-Employed,HND/BSc,5.0,284041.0,56808.2,88871.0,32034.0,72980.4,102.0
CUST_004294,LOAN_00004294,76735,93408,90,Good,GTBank,Kano,10.445148764290638,7.098577403078116,Permanent,Masters,4.0,284464.0,71116.0,201722.0,5000.0,84513.75,157.5
CUST_004295,LOAN_00004295,39069,46137,365,Bad,UBA,Ibadan,7.09994459585659,14.511886854098565,Self-Employed,Secondary,0.0,0.0,0.0,0.0,0.0,0.0,0.0
CUST_004296,LOAN_00004296,92305,115585,60,Good,Union Bank,Lagos,11.07987264468712,12.583356191081412,Permanent,Masters,6.0,423678.0,70613.0,125331.0,20428.0,90899.66666666667,80.0
CUST_004297,LOAN_00004297,133320,162227,90,Bad,Access Bank,Abuja,7.0504259794332365,8.502585257752802,Self-Employed,HND/BSc,5.0,135865.0,27173.0,50421.0,19422.0,35674.8,90.0
CUST_004298,LOAN_00004298,160378,185278,60,Good,Stanbic IBTC,Benin City,11.37400377068975,5.397851044096369,Contract,HND/BSc,1.0,130459.0,130459.0,130459.0,130459.0,181035.0,60.0
CUST_004299,LOAN_00004299,20911,27877,180,Good,First Bank,Abuja,5.176284283734817,12.732193323151872,Permanent,HND/BSc,1.0,21480.0,21480.0,21480.0,21480.0,25790.0,180.0
CUST_004300,LOAN_00004300,50966,68120,90,Good,Zenith Bank,Ibadan,5.560358410817574,4.8861896593004825,Self-Employed,HND/BSc,1.0,349324.0,349324.0,349324.0,349324.0,453963.0,30.0
CUST_004301,LOAN_00004301,25177,31262,60,Good,Zenith Bank,Jos,7.067888856255428,5.525546605704041,Self-Employed,HND/BSc,3.0,55493.0,18497.666666666668,22747.0,14296.0,23002.666666666668,100.0
CUST_004302,LOAN_00004302,27882,34461,90,Good,Stanbic IBTC,Port Harcourt,7.67638649994046,7.392160702081814,Temporary,Masters,5.0,327894.0,65578.8,175920.0,13972.0,83077.0,66.0
CUST_004303,LOAN_00004303,55928,73375,30,Good,Access Bank,Enugu,7.138325297586805,13.56417835022388,Permanent,HND/BSc,0.0,0.0,0.0,0.0,0.0,0.0,0.0
CUST_004304,LOAN_00004304,40863,49134,90,Bad,Union Bank,Kano,10.87282329270898,4.581440023609323,Self-Employed,Secondary,3.0,146261.0,48753.666666666664,93851.0,8154.0,58585.0,60.0
CUST_004305,LOAN_00004305,88758,116747,180,Good,UBA,Kaduna,4.872562533640433,4.466810314254313,Contract,Masters,3.0,168023.0,56007.666666666664,74453.0,30438.0,69509.33333333333,40.0
CUST_004306,LOAN_00004306,25788,34767,90,Good,Zenith Bank,Calabar,7.160953176746393,8.927699859663193,Contract,Masters,3.0,452203.0,150734.33333333334,374501.0,22603.0,192278.0,100.0
CUST_004307,LOAN_00004307,11865,13924,180,Bad,Union Bank,Port Harcourt,11.535159995639134,6.316926493124097,Self-Employed,HND/BSc,3.0,164984.0,54994.666666666664,80455.0,8637.0,69349.0,130.0
CUST_004308,LOAN_00004308,65838,75753,90,Good,Access Bank,Enugu,4.601173695359548,9.824735299777918,Permanent,HND/BSc,3.0,68912.0,22970.666666666668,42385.0,5000.0,29159.333333333332,70.0
CUST_004309,LOAN_00004309,96485,127772,30,Good,Stanbic IBTC,Calabar,12.481091569042215,8.419640216198681,Permanent,HND/BSc,3.0,103896.0,34632.0,85520.0,5381.0,46819.666666666664,140.0
CUST_004310,LOAN_00004310,135110,169398,60,Bad,GTBank,Benin City,12.876851580448117,8.219509276214602,Contract,HND/BSc,1.0,49965.0,49965.0,49965.0,49965.0,63924.0,180.0
CUST_004311,LOAN_00004311,42165,50404,60,Good,UBA,Calabar,4.797113564425721,4.34367564584392,Permanent,HND/BSc,1.0,71342.0,71342.0,71342.0,71342.0,88621.0,60.0
CUST_004312,LOAN_00004312,21232,28020,30,Bad,First Bank,Lagos,6.621452700301633,4.692596282998082,Temporary,,8.0,413417.0,51677.125,96086.0,10221.0,64978.75,56.25
CUST_004313,LOAN_00004313,51776,60322,180,Good,Zenith Bank,Port Harcourt,7.351605994318206,12.8529429293622,Contract,Secondary,2.0,39280.0,19640.0,21251.0,18029.0,25013.5,60.0
CUST_004314,LOAN_00004314,156432,199100,180,Bad,Access Bank,Abuja,10.987522317874536,13.630592850860932,Contract,HND/BSc,5.0,229263.0,45852.6,60056.0,32359.0,58942.0,102.0
CUST_004315,LOAN_00004315,138477,162651,60,Bad,GTBank,Jos,9.363341309050604,5.816202394623003,Self-Employed,Masters,3.0,151284.0,50428.0,89647.0,29952.0,66987.0,70.0
CUST_004316,LOAN_00004316,57968,77938,365,Good,First Bank,Kaduna,9.799291304433106,4.361526018297228,Contract,HND/BSc,1.0,91654.0,91654.0,91654.0,91654.0,106908.0,30.0
CUST_004317,LOAN_00004317,131743,161678,60,Good,Fidelity Bank,Abuja,10.817588405366552,3.6410000632141273,Contract,Masters,6.0,324489.0,54081.5,170020.0,5000.0,71833.0,125.0
CUST_004318,LOAN_00004318,43517,53278,180,Good,Access Bank,Enugu,5.061810994933231,10.299571364902762,Permanent,HND/BSc,0.0,0.0,0.0,0.0,0.0,0.0,0.0
CUST_004319,LOAN_00004319,31819,41286,30,Good,Access Bank,Port Harcourt,11.498885112192362,11.584238550002468,Permanent,Secondary,1.0,44325.0,44325.0,44325.0,44325.0,60586.0,30.0
CUST_004320,LOAN_00004320,26219,33394,90,Good,First Bank,Jos,10.350578237621296,7.473719870438466,Permanent,Masters,3.0,95448.0,31816.0,41134.0,19107.0,41636.0,120.0
CUST_004321,LOAN_00004321,20743,26850,60,Good,GTBank,Calabar,9.196075526767332,11.156110409887674,Self-Employed,HND/BSc,0.0,0.0,0.0,0.0,0.0,0.0,0.0
CUST_004322,LOAN_00004322,147845,185811,30,Good,Fidelity Bank,Port Harcourt,12.00761801304751,11.555505786714312,Contract,Masters,0.0,0.0,0.0,0.0,0.0,0.0,0.0
CUST_004323,LOAN_00004323,25945,32399,30,Good,Union Bank,Calabar,10.302757184954263,14.224107376762865,Permanent,Secondary,10.0,537328.0,53732.8,158834.0,10510.0,67265.5,72.0
CUST_004324,LOAN_00004324,146532,193523,180,Good,Union Bank,Benin City,5.8152996636792285,3.778483654021287,Contract,Masters,2.0,30903.0,15451.5,25903.0,5000.0,18794.0,105.0
CUST_004325,LOAN_00004325,56694,71103,30,Good,Stanbic IBTC,Lagos,7.867708429681,5.307500678772957,Permanent,HND/BSc,3.0,338048.0,112682.66666666667,133420.0,99497.0,146090.0,100.0
CUST_004326,LOAN_00004326,165227,217801,60,Bad,GTBank,Ibadan,8.446385802421599,3.8223118511638576,Temporary,Secondary,4.0,194640.0,48660.0,75228.0,5046.0,63602.75,45.0
CUST_004327,LOAN_00004327,89612,113297,90,Good,UBA,Port Harcourt,4.49695864075365,13.415927200033329,Permanent,HND/BSc,8.0,292455.0,36556.875,74931.0,16540.0,46860.125,116.25
CUST_004328,LOAN_00004328,174919,210002,60,Bad,Zenith Bank,Enugu,12.5917376202405,12.511045920402822,Self-Employed,HND/BSc,6.0,575488.0,95914.66666666667,194775.0,22598.0,123343.33333333333,95.0
CUST_004329,LOAN_00004329,26485,33226,90,Good,First Bank,Calabar,5.157195347171906,9.895704847462069,Contract,Secondary,1.0,32902.0,32902.0,32902.0,32902.0,41867.0,180.0
CUST_004330,LOAN_00004330,154449,185887,180,Good,Stanbic IBTC,Abuja,10.27715140504054,4.0039609206141975,Contract,HND/BSc,1.0,297528.0,297528.0,297528.0,297528.0,380341.0,60.0
CUST_004331,LOAN_00004331,69897,86333,60,Good,Fidelity Bank,Benin City,8.556079324817922,6.279748303844635,Permanent,HND/BSc,1.0,39010.0,39010.0,39010.0,39010.0,51406.0,90.0
CUST_004332,LOAN_00004332,53525,62570,30,Bad,First Bank,Enugu,4.230690248959803,6.572638176702203,Temporary,Secondary,3.0,98420.0,32806.666666666664,36982.0,30240.0,39744.0,60.0
CUST_004333,LOAN_00004333,39913,52414,90,Good,First Bank,Kaduna,12.322727282779256,9.728918352185003,Permanent,Masters,4.0,157854.0,39463.5,95296.0,10299.0,48207.0,90.0
CUST_004334,LOAN_00004334,54443,70013,30,Good,GTBank,Ibadan,11.6665312793704,6.096526728440585,Contract,HND/BSc,0.0,0.0,0.0,0.0,0.0,0.0,0.0
CUST_004335,LOAN_00004335,38476,48670,30,Bad,Zenith Bank,Benin City,8.71832135113452,3.875518366955458,Temporary,Secondary,1.0,20256.0,20256.0,20256.0,20256.0,26163.0,60.0
CUST_004336,LOAN_00004336,40382,53000,60,Good,UBA,Lagos,6.060481025255007,11.769147622239592,Self-Employed,HND/BSc,3.0,97979.0,32659.666666666668,41103.0,21093.0,39780.333333333336,70.0
CUST_004337,LOAN_00004337,115526,140596,90,Good,Union Bank,Ibadan,5.094606016120848,6.588962539864935,Contract,HND/BSc,9.0,462973.0,51441.444444444445,159242.0,6310.0,66162.11111111111,80.0
CUST_004338,LOAN_00004338,21309,26302,60,Good,Access Bank,Calabar,7.27053231488914,8.428490124279607,Temporary,PhD,5.0,143371.0,28674.2,61749.0,7673.0,36349.2,90.0
CUST_004339,LOAN_00004339,117514,149816,60,Bad,Access Bank,Enugu,6.298854529414815,4.531999619787664,Self-Employed,Secondary,4.0,314756.0,78689.0,199905.0,27895.0,103870.75,82.5
CUST_004340,LOAN_00004340,64770,81603,90,Good,First Bank,Kaduna,8.560220809056688,12.630579640734956,Permanent,HND/BSc,0.0,0.0,0.0,0.0,0.0,0.0,0.0
CUST_004341,LOAN_00004341,137477,162532,60,Bad,Union Bank,Kano,12.69768366511086,9.78638252308869,Contract,Secondary,5.0,157274.0,31454.8,91394.0,7397.0,38173.6,42.0
CUST_004342,LOAN_00004342,14906,18950,30,Good,Union Bank,Lagos,9.174581439066772,13.819027514518352,Permanent,Masters,5.0,317773.0,63554.6,241998.0,9310.0,76829.4,102.0
CUST_004343,LOAN_00004343,66734,84429,180,Good,Zenith Bank,Jos,12.009379503010882,8.945658756784,Permanent,HND/BSc,3.0,455097.0,151699.0,341914.0,27347.0,206255.66666666666,100.0
CUST_004344,LOAN_00004344,20298,25505,180,Bad,Fidelity Bank,Calabar,9.857909537461996,14.297108061814557,Self-Employed,Masters,9.0,449804.0,49978.22222222222,161180.0,19112.0,64142.0,116.66666666666667
CUST_004345,LOAN_00004345,61350,82076,60,Good,Fidelity Bank,Kano,8.277218739284805,13.702418452575913,Contract,HND/BSc,3.0,123895.0,41298.333333333336,58781.0,20429.0,51032.666666666664,40.0
CUST_004346,LOAN_00004346,48506,61187,60,Good,Stanbic IBTC,Port Harcourt,11.69146806460034,9.917518277510808,Permanent,Masters,4.0,82928.0,20732.0,37561.0,11879.0,26622.5,45.0
CUST_004347,LOAN_00004347,59014,74471,60,Good,GTBank,Kaduna,8.242312991556979,14.20672125779836,Self-Employed,HND/BSc,1.0,52167.0,52167.0,52167.0,52167.0,61692.0,60.0
CUST_004348,LOAN_00004348,23541,27993,180,Good,Zenith Bank,Abuja,11.817653534593248,6.877064967534627,Permanent,PhD,3.0,141861.0,47287.0,52610.0,39506.0,60649.666666666664,80.0
CUST_004349,LOAN_00004349,27458,35326,365,Bad,Zenith Bank,Jos,6.624190926181887,7.387705952450537,Temporary,Secondary,6.0,224815.0,37469.166666666664,75294.0,8937.0,46730.0,100.0
CUST_004350,LOAN_00004350,282265,328729,180,Bad,GTBank,Enugu,5.159317663866894,3.545735415672443,Temporary,HND/BSc,7.0,189784.0,27112.0,75130.0,9992.0,35701.142857142855,51.42857142857143
CUST_004351,LOAN_00004351,90939,110731,30,Bad,Union Bank,Kaduna,11.697830179266443,10.070410881166236,Temporary,Masters,4.0,283332.0,70833.0,185471.0,22223.0,94934.0,120.0
CUST_004352,LOAN_00004352,146399,168394,180,Bad,Fidelity Bank,Ibadan,9.286736474134,11.6630876391472,Self-Employed,HND/BSc,1.0,153824.0,153824.0,153824.0,153824.0,194647.0,30.0
CUST_004353,LOAN_00004353,102830,135147,365,Bad,Fidelity Bank,Benin City,12.00183158424064,12.282230282905235,Permanent,Secondary,1.0,171437.0,171437.0,171437.0,171437.0,234803.0,30.0
CUST_004354,LOAN_00004354,57622,68520,90,Good,Union Bank,Ibadan,12.440444862931448,4.79779543255324,Contract,,2.0,31270.0,15635.0,17645.0,13625.0,20048.5,45.0
CUST_004355,LOAN_00004355,176228,226703,30,Good,Fidelity Bank,Ibadan,4.482655513343042,8.329908867750003,Permanent,Secondary,6.0,367980.0,61330.0,123958.0,16471.0,82825.5,70.0
CUST_004356,LOAN_00004356,285051,374855,60,Good,First Bank,Port Harcourt,8.508723716729815,5.122358545126987,Permanent,Secondary,2.0,40719.0,20359.5,27941.0,12778.0,26896.5,60.0
CUST_004357,LOAN_00004357,64943,85475,60,Good,Zenith Bank,Lagos,7.374680941670763,10.945528186250986,Contract,HND/BSc,7.0,221477.0,31639.571428571428,70793.0,5000.0,40267.42857142857,107.14285714285714
CUST_004358,LOAN_00004358,256571,340947,60,Good,Access Bank,Abuja,9.632725573631054,4.895356469061218,Permanent,HND/BSc,2.0,77094.0,38547.0,38561.0,38533.0,50318.0,60.0
CUST_004359,LOAN_00004359,170903,202128,60,Bad,GTBank,Jos,11.142320774820911,13.8499642074729,Temporary,Masters,2.0,51393.0,25696.5,35673.0,15720.0,33165.5,120.0
CUST_004360,LOAN_00004360,61926,82227,90,Bad,Fidelity Bank,Lagos,6.525311943769321,5.76761574793696,Temporary,HND/BSc,3.0,140078.0,46692.666666666664,104073.0,7980.0,57377.0,30.0
CUST_004361,LOAN_00004361,80067,96616,30,Good,Stanbic IBTC,Kaduna,9.011185459358543,6.496827195458938,Permanent,HND/BSc,6.0,245194.0,40865.666666666664,87916.0,14687.0,50937.166666666664,150.0
CUST_004362,LOAN_00004362,653429,799110,180,Good,Fidelity Bank,Ibadan,10.378557219144096,13.210875865811996,Contract,HND/BSc,3.0,153895.0,51298.333333333336,92226.0,13269.0,64301.0,120.0
CUST_004363,LOAN_00004363,52486,64963,180,Good,Fidelity Bank,Port Harcourt,5.209879745521606,8.501611321748685,Contract,HND/BSc,3.0,166268.0,55422.666666666664,80464.0,28904.0,75916.0,60.0
CUST_004364,LOAN_00004364,41475,51406,365,Bad,UBA,Kaduna,11.3266021535614,3.2879513496008763,Self-Employed,PhD,6.0,186841.0,31140.166666666668,63733.0,16974.0,41341.333333333336,105.0
CUST_004365,LOAN_00004365,22530,26906,60,Bad,First Bank,Benin City,9.454986398676755,8.93503501443175,Self-Employed,Masters,3.0,154534.0,51511.333333333336,84064.0,16827.0,69507.33333333333,120.0
CUST_004366,LOAN_00004366,99979,130926,180,Good,GTBank,Abuja,12.545836934022866,4.0145200245614765,Permanent,HND/BSc,8.0,300847.0,37605.875,85109.0,9269.0,47157.875,63.75
CUST_004367,LOAN_00004367,12185,14167,60,Good,UBA,Jos,7.05576027217624,14.824136624247728,Contract,Secondary,3.0,94860.0,31620.0,50282.0,10089.0,39349.333333333336,50.0
CUST_004368,LOAN_00004368,30979,37599,60,Good,UBA,Benin City,4.973313481034788,10.057338845467228,Contract,PhD,2.0,29570.0,14785.0,16262.0,13308.0,18932.5,75.0
CUST_004369,LOAN_00004369,136364,177706,30,Bad,Stanbic IBTC,Port Harcourt,8.558510809332327,6.078391411331742,Temporary,Secondary,4.0,126915.0,31728.75,47558.0,18617.0,42376.75,127.5
CUST_004370,LOAN_00004370,12641,15798,90,Good,Zenith Bank,Abuja,4.77229694538495,9.764612154571411,Permanent,Secondary,3.0,429656.0,143218.66666666666,249163.0,31974.0,182694.33333333334,80.0
CUST_004371,LOAN_00004371,50479,64162,90,Good,Stanbic IBTC,Kaduna,12.725738709916062,3.922405240581058,Permanent,Secondary,4.0,159073.0,39768.25,86421.0,5000.0,51922.75,112.5
CUST_004372,LOAN_00004372,70932,87101,90,Bad,Zenith Bank,Ibadan,4.348164624314724,12.598695651225803,Self-Employed,Secondary,2.0,68333.0,34166.5,44516.0,23817.0,41487.5,75.0
CUST_004373,LOAN_00004373,22247,27435,60,Good,Zenith Bank,Ibadan,10.781535109965771,14.103936646369965,Self-Employed,Masters,3.0,352259.0,117419.66666666667,161712.0,47984.0,149319.33333333334,140.0
CUST_004374,LOAN_00004374,69939,82736,90,Bad,GTBank,Calabar,8.725921583280197,13.493332658473914,Self-Employed,HND/BSc,4.0,295263.0,73815.75,232518.0,5000.0,93412.75,90.0
CUST_004375,LOAN_00004375,72756,96994,60,Bad,Fidelity Bank,Ibadan,7.317585872484598,7.101091227582753,Contract,,9.0,322103.0,35789.22222222222,94212.0,7697.0,44663.77777777778,100.0
CUST_004376,LOAN_00004376,98862,121074,90,Bad,GTBank,Kano,4.592579480577892,6.9092174357204215,Self-Employed,Secondary,1.0,76690.0,76690.0,76690.0,76690.0,97773.0,90.0
CUST_004377,LOAN_00004377,148698,192805,90,Good,First Bank,Ibadan,9.59950231756247,3.4210513345956,Contract,HND/BSc,4.0,252021.0,63005.25,96548.0,23387.0,80988.25,105.0
CUST_004378,LOAN_00004378,288437,366945,90,Bad,Zenith Bank,Kano,9.266982964518595,10.816804304411,Permanent,,10.0,312002.0,31200.2,63499.0,12265.0,39605.4,48.0
CUST_004379,LOAN_00004379,111107,138725,90,Good,UBA,Enugu,6.527949457608398,9.41885741027754,Contract,Masters,0.0,0.0,0.0,0.0,0.0,0.0,0.0
CUST_004380,LOAN_00004380,80448,105658,30,Good,Fidelity Bank,Kano,12.191995312692807,8.512156455928096,Permanent,Masters,3.0,141314.0,47104.666666666664,96908.0,11044.0,62134.0,70.0
CUST_004381,LOAN_00004381,55315,64829,60,Good,Access Bank,Abuja,6.736990066085532,13.891571440016484,Permanent,Secondary,0.0,0.0,0.0,0.0,0.0,0.0,0.0
CUST_004382,LOAN_00004382,50637,62356,90,Good,First Bank,Benin City,8.047528695328955,5.014546812994156,Temporary,Masters,5.0,162708.0,32541.6,48072.0,9643.0,42639.2,108.0
CUST_004383,LOAN_00004383,43145,56059,60,Good,GTBank,Abuja,8.893862103267901,3.115995200282188,Permanent,HND/BSc,2.0,50980.0,25490.0,29685.0,21295.0,33943.0,105.0
CUST_004384,LOAN_00004384,151814,201954,60,Bad,Stanbic IBTC,Benin City,4.902086903586575,3.879797425449185,Temporary,HND/BSc,5.0,264352.0,52870.4,113856.0,21483.0,65935.4,84.0
CUST_004385,LOAN_00004385,17025,22069,180,Good,First Bank,Calabar,12.389455472922691,5.680457253928427,Permanent,HND/BSc,8.0,653320.0,81665.0,163856.0,14105.0,106537.5,75.0
CUST_004386,LOAN_00004386,179202,236154,30,Good,First Bank,Enugu,7.37082537205937,3.3994265911614834,Permanent,HND/BSc,4.0,401329.0,100332.25,214840.0,31273.0,119802.0,45.0
CUST_004387,LOAN_00004387,226577,300430,90,Good,Fidelity Bank,Benin City,4.727012924869093,9.034124527717626,Contract,Masters,1.0,36421.0,36421.0,36421.0,36421.0,48642.0,180.0
CUST_004388,LOAN_00004388,36651,45385,90,Good,First Bank,Benin City,7.485620563077969,6.769085462802936,Self-Employed,HND/BSc,5.0,264765.0,52953.0,100852.0,17750.0,68263.2,132.0
CUST_004389,LOAN_00004389,128568,154667,60,Good,First Bank,Port Harcourt,9.401822923833226,5.165796096817592,Contract,Secondary,5.0,259686.0,51937.2,92542.0,18873.0,65490.0,108.0
CUST_004390,LOAN_00004390,91357,122483,60,Bad,Access Bank,Lagos,8.622874046391967,12.001008899383946,Self-Employed,HND/BSc,1.0,227186.0,227186.0,227186.0,227186.0,292986.0,30.0
CUST_004391,LOAN_00004391,58965,68206,90,Good,Union Bank,Lagos,10.250877766335469,5.4534159147903605,Permanent,HND/BSc,7.0,829680.0,118525.71428571429,553383.0,5000.0,161949.7142857143,60.0
CUST_004392,LOAN_00004392,105555,122770,30,Bad,Stanbic IBTC,Port Harcourt,4.499355478611196,11.251261211925518,Temporary,Secondary,1.0,10083.0,10083.0,10083.0,10083.0,14082.0,90.0
CUST_004393,LOAN_00004393,150522,185317,60,Good,Stanbic IBTC,Ibadan,6.560865492448505,7.191178870171667,Permanent,HND/BSc,4.0,165797.0,41449.25,66708.0,27466.0,52840.0,105.0
CUST_004394,LOAN_00004394,193331,232531,30,Bad,Stanbic IBTC,Port Harcourt,11.37307519156092,9.141933127950654,Self-Employed,Secondary,1.0,15439.0,15439.0,15439.0,15439.0,19637.0,90.0
CUST_004395,LOAN_00004395,63341,83511,60,Good,Zenith Bank,Benin City,4.719043190122248,14.206404478215838,Contract,HND/BSc,1.0,15809.0,15809.0,15809.0,15809.0,19476.0,180.0
CUST_004396,LOAN_00004396,31051,36735,60,Bad,UBA,Benin City,11.69937359226362,3.448219617789754,Self-Employed,,1.0,28359.0,28359.0,28359.0,28359.0,34068.0,60.0
CUST_004397,LOAN_00004397,176613,222749,60,Bad,Union Bank,Port Harcourt,4.827064828693956,9.003174089729542,Self-Employed,Secondary,3.0,68291.0,22763.666666666668,29247.0,15446.0,29312.0,90.0
CUST_004398,LOAN_00004398,31774,36776,180,Good,Stanbic IBTC,Port Harcourt,11.510087934025266,13.253075523931418,Permanent,HND/BSc,5.0,111578.0,22315.6,41989.0,5781.0,27891.8,72.0
CUST_004399,LOAN_00004399,138440,160878,90,Bad,First Bank,Ibadan,7.2470956097085395,10.055690980444185,Temporary,Masters,10.0,609163.0,60916.3,316687.0,11403.0,73436.8,69.0
CUST_004400,LOAN_00004400,119086,147777,180,Bad,First Bank,Abuja,9.509881569314942,6.32244620358188,Permanent,Secondary,3.0,198251.0,66083.66666666667,102874.0,28948.0,80515.0,40.0
CUST_004401,LOAN_00004401,64206,74363,60,Good,Stanbic IBTC,Enugu,5.375984040831984,7.7721736217404125,Permanent,PhD,2.0,202626.0,101313.0,176086.0,26540.0,127872.0,60.0
CUST_004402,LOAN_00004402,10000,12188,90,Good,Fidelity Bank,Kaduna,4.595518495526628,11.163187544742897,Self-Employed,HND/BSc,4.0,225458.0,56364.5,96538.0,14499.0,73872.0,120.0
CUST_004403,LOAN_00004403,54969,65871,60,Good,Stanbic IBTC,Benin City,5.943443836181215,13.689742731765635,Permanent,Masters,2.0,62637.0,31318.5,50024.0,12613.0,38198.5,75.0
CUST_004404,LOAN_00004404,30591,40737,180,Good,First Bank,Enugu,5.15068436117826,3.492796484959339,Permanent,Secondary,6.0,148478.0,24746.333333333332,40659.0,16132.0,31557.333333333332,80.0
CUST_004405,LOAN_00004405,70967,81688,180,Bad,Zenith Bank,Port Harcourt,6.811653079116686,3.858465862684517,Contract,Secondary,5.0,147437.0,29487.4,71863.0,11823.0,37514.0,60.0
CUST_004406,LOAN_00004406,94645,115694,180,Bad,GTBank,Ibadan,8.62944921859918,6.900618283315051,Self-Employed,HND/BSc,0.0,0.0,0.0,0.0,0.0,0.0,0.0
CUST_004407,LOAN_00004407,16162,20672,60,Good,GTBank,Kano,9.298835172085086,5.793356213249748,Permanent,HND/BSc,3.0,215102.0,71700.66666666667,143082.0,26535.0,91882.0,60.0
CUST_004408,LOAN_00004408,44718,58794,90,Good,Union Bank,Ibadan,11.108812966417686,6.179170634668872,Contract,Masters,3.0,34128.0,11376.0,16612.0,5000.0,13494.0,60.0
CUST_004409,LOAN_00004409,346835,416800,60,Bad,Union Bank,Jos,9.906159039235227,5.655239983510571,Self-Employed,Secondary,0.0,0.0,0.0,0.0,0.0,0.0,0.0
CUST_004410,LOAN_00004410,254456,296525,30,Good,Stanbic IBTC,Jos,9.478824926165975,5.349900586261892,Self-Employed,HND/BSc,4.0,269875.0,67468.75,222430.0,10814.0,81779.75,60.0
CUST_004411,LOAN_00004411,92780,110889,30,Bad,Access Bank,Enugu,7.706038247371971,4.567487602431502,Temporary,Secondary,2.0,39092.0,19546.0,31589.0,7503.0,25150.5,180.0
CUST_004412,LOAN_00004412,85176,101765,30,Bad,Stanbic IBTC,Lagos,8.26427591464125,14.207449581542855,Self-Employed,Masters,2.0,118516.0,59258.0,61815.0,56701.0,73019.5,120.0
CUST_004413,LOAN_00004413,75597,100853,60,Good,Fidelity Bank,Jos,7.73068746451163,4.730273566873837,Self-Employed,Masters,4.0,67047.0,16761.75,26351.0,9215.0,21896.0,105.0
CUST_004414,LOAN_00004414,44736,56235,90,Good,Stanbic IBTC,Jos,11.579494270552448,5.452845297186434,Contract,HND/BSc,4.0,143016.0,35754.0,81544.0,16734.0,44736.0,97.5
CUST_004415,LOAN_00004415,55140,67127,60,Good,Union Bank,Abuja,6.070004072935599,5.955188687769429,Permanent,Secondary,3.0,98944.0,32981.333333333336,72789.0,11446.0,44486.0,50.0
CUST_004416,LOAN_00004416,45906,61002,30,Good,GTBank,Kano,4.051488383877682,14.196178477565049,Self-Employed,HND/BSc,3.0,297418.0,99139.33333333333,237820.0,15312.0,121717.66666666667,110.0
CUST_004417,LOAN_00004417,79022,102618,60,Bad,First Bank,Abuja,9.861879075036152,12.068569603213016,Temporary,Secondary,7.0,623326.0,89046.57142857143,443362.0,6599.0,106966.85714285714,85.71428571428571
CUST_004418,LOAN_00004418,47461,57717,90,Good,Stanbic IBTC,Kano,5.822159652749482,12.476393163786176,Self-Employed,Secondary,0.0,0.0,0.0,0.0,0.0,0.0,0.0
CUST_004419,LOAN_00004419,73997,95064,180,Bad,First Bank,Calabar,12.011036226788285,4.257099114461976,Permanent,HND/BSc,0.0,0.0,0.0,0.0,0.0,0.0,0.0
CUST_004420,LOAN_00004420,59466,74999,365,Good,First Bank,Kaduna,11.731416967359904,13.03571850018806,Contract,,1.0,37803.0,37803.0,37803.0,37803.0,45714.0,30.0
CUST_004421,LOAN_00004421,114432,148830,30,Good,Access Bank,Benin City,4.690546347353853,7.898316981809016,Contract,Masters,1.0,73177.0,73177.0,73177.0,73177.0,85543.0,30.0
CUST_004422,LOAN_00004422,10794,13999,90,Good,First Bank,Jos,4.957495648726696,6.153876314548665,Self-Employed,HND/BSc,1.0,42243.0,42243.0,42243.0,42243.0,56153.0,60.0
CUST_004423,LOAN_00004423,96106,123284,365,Bad,GTBank,Benin City,8.456544330219996,9.909001002243729,Self-Employed,HND/BSc,4.0,94351.0,23587.75,38815.0,14737.0,30901.25,67.5
CUST_004424,LOAN_00004424,51117,65065,90,Good,Zenith Bank,Jos,9.483003964924192,12.866194869800808,Contract,,0.0,0.0,0.0,0.0,0.0,0.0,0.0
CUST_004425,LOAN_00004425,92268,110185,60,Good,Zenith Bank,Abuja,6.474175037340167,12.343825812898912,Permanent,HND/BSc,7.0,359521.0,51360.142857142855,168443.0,10932.0,64380.42857142857,72.85714285714286
CUST_004426,LOAN_00004426,133741,173419,365,Bad,UBA,Kaduna,10.451179450294337,13.679969790973583,Temporary,HND/BSc,5.0,117460.0,23492.0,45187.0,5000.0,31614.6,54.0
CUST_004427,LOAN_00004427,76691,99608,30,Good,Fidelity Bank,Abuja,9.354244188269844,14.137586232185328,Self-Employed,PhD,1.0,25771.0,25771.0,25771.0,25771.0,30059.0,60.0
CUST_004428,LOAN_00004428,137408,178700,30,Good,Stanbic IBTC,Abuja,6.923416987736992,5.857464857132994,Permanent,Secondary,2.0,34071.0,17035.5,21112.0,12959.0,20016.0,60.0
CUST_004429,LOAN_00004429,45845,59511,180,Good,Fidelity Bank,Kano,4.22834339238084,8.086294730031259,Permanent,Secondary,8.0,652168.0,81521.0,185105.0,24267.0,104862.5,75.0
CUST_004430,LOAN_00004430,56631,71064,60,Good,GTBank,Lagos,10.75135253168666,3.17554247046084,Temporary,HND/BSc,2.0,71120.0,35560.0,44691.0,26429.0,45601.0,75.0
CUST_004431,LOAN_00004431,46190,54394,90,Bad,First Bank,Ibadan,5.932782992425745,13.55185991118072,Self-Employed,Secondary,0.0,0.0,0.0,0.0,0.0,0.0,0.0
CUST_004432,LOAN_00004432,13818,17940,180,Good,Zenith Bank,Enugu,11.510263691163654,4.854865817697211,Contract,HND/BSc,3.0,138444.0,46148.0,66569.0,15878.0,63101.333333333336,100.0
CUST_004433,LOAN_00004433,29637,38345,90,Good,Fidelity Bank,Benin City,7.782612340488296,13.337697748112332,Permanent,HND/BSc,0.0,0.0,0.0,0.0,0.0,0.0,0.0
CUST_004434,LOAN_00004434,169191,205031,90,Good,GTBank,Calabar,9.19369698368589,6.9526478638391565,Permanent,HND/BSc,3.0,167287.0,55762.333333333336,99829.0,30103.0,71876.0,80.0
CUST_004435,LOAN_00004435,68074,89407,60,Bad,Zenith Bank,Jos,11.856538573681018,7.417603079773658,Permanent,,3.0,151161.0,50387.0,103521.0,7312.0,65599.0,80.0
CUST_004436,LOAN_00004436,178356,218218,90,Bad,First Bank,Abuja,11.77260700827958,3.4695870538063125,Contract,Secondary,0.0,0.0,0.0,0.0,0.0,0.0,0.0
CUST_004437,LOAN_00004437,188312,233995,30,Good,Fidelity Bank,Lagos,7.34367617719216,6.922545477183835,Contract,HND/BSc,3.0,136179.0,45393.0,81537.0,16222.0,56375.0,30.0
CUST_004438,LOAN_00004438,96779,128877,90,Good,Zenith Bank,Abuja,5.880000034433588,13.66036419361517,Contract,Secondary,0.0,0.0,0.0,0.0,0.0,0.0,0.0
CUST_004439,LOAN_00004439,10000,12681,90,Good,Stanbic IBTC,Kaduna,10.976314699557353,3.3065688134592497,Self-Employed,HND/BSc,3.0,108651.0,36217.0,63049.0,5000.0,45469.333333333336,50.0
CUST_004440,LOAN_00004440,124756,167539,90,Good,Union Bank,Kano,7.8977218324191805,7.875929676560704,Permanent,Masters,2.0,42471.0,21235.5,22062.0,20409.0,27073.5,135.0
CUST_004441,LOAN_00004441,12238,14207,30,Good,Stanbic IBTC,Calabar,5.728377942031036,3.3767955577528936,Permanent,HND/BSc,1.0,49132.0,49132.0,49132.0,49132.0,56602.0,180.0
CUST_004442,LOAN_00004442,67949,85606,180,Bad,UBA,Ibadan,12.139828080854352,7.451081101308779,Permanent,Secondary,2.0,89435.0,44717.5,75255.0,14180.0,52353.0,75.0
CUST_004443,LOAN_00004443,24774,30795,90,Good,UBA,Kaduna,5.782937748169786,5.071687689363494,Permanent,HND/BSc,2.0,36160.0,18080.0,19419.0,16741.0,24035.0,60.0
CUST_004444,LOAN_00004444,177272,236098,30,Good,Zenith Bank,Port Harcourt,4.23226451372108,6.026620719220464,Permanent,HND/BSc,7.0,261559.0,37365.57142857143,75745.0,12751.0,47039.0,64.28571428571429
CUST_004445,LOAN_00004445,31186,37093,60,Good,Union Bank,Calabar,4.18251976390678,13.531180477937028,Contract,Secondary,3.0,87619.0,29206.333333333332,49178.0,6756.0,36998.333333333336,80.0
CUST_004446,LOAN_00004446,53207,64052,60,Good,GTBank,Abuja,9.600838208088378,8.232590647462692,Self-Employed,HND/BSc,4.0,170417.0,42604.25,91549.0,16475.0,53461.25,105.0
CUST_004447,LOAN_00004447,456257,537456,90,Bad,Stanbic IBTC,Kaduna,9.955075546457774,6.285575896822946,Self-Employed,HND/BSc,1.0,39514.0,39514.0,39514.0,39514.0,53044.0,180.0
CUST_004448,LOAN_00004448,73093,95862,30,Bad,GTBank,Ibadan,6.799375345512855,10.072060535406573,Self-Employed,,7.0,378504.0,54072.0,123840.0,11826.0,68050.28571428571,115.71428571428571
CUST_004449,LOAN_00004449,145770,176000,60,Good,Union Bank,Lagos,6.880098903223571,4.705283517990988,Self-Employed,Masters,5.0,397978.0,79595.6,182951.0,17869.0,103719.6,84.0
CUST_004450,LOAN_00004450,28281,33874,365,Bad,GTBank,Lagos,7.0554452355394845,6.112699289050271,Self-Employed,Masters,4.0,223855.0,55963.75,147175.0,10602.0,70776.0,82.5
CUST_004451,LOAN_00004451,419250,530478,90,Bad,Union Bank,Benin City,10.121426920829908,9.554975611234662,Permanent,Masters,0.0,0.0,0.0,0.0,0.0,0.0,0.0
CUST_004452,LOAN_00004452,96170,119645,60,Bad,Zenith Bank,Ibadan,4.523204119241457,5.8502765021768255,Temporary,Masters,0.0,0.0,0.0,0.0,0.0,0.0,0.0
CUST_004453,LOAN_00004453,177053,208154,30,Good,GTBank,Lagos,12.362047174221932,11.14953284881048,Permanent,PhD,2.0,95872.0,47936.0,73497.0,22375.0,59554.0,105.0
CUST_004454,LOAN_00004454,10275,12055,30,Good,Stanbic IBTC,Kaduna,6.002689397597019,8.89789562711427,Permanent,Secondary,2.0,80381.0,40190.5,49098.0,31283.0,48001.0,120.0
CUST_004455,LOAN_00004455,76405,100905,90,Good,First Bank,Benin City,12.997058847178833,12.26386884305629,Permanent,HND/BSc,6.0,339137.0,56522.833333333336,160752.0,7815.0,75741.83333333333,120.0
CUST_004456,LOAN_00004456,65664,87706,60,Bad,UBA,Lagos,5.543704244084683,14.378934428669623,Temporary,Masters,3.0,144206.0,48068.666666666664,65603.0,19128.0,61347.0,70.0
CUST_004457,LOAN_00004457,242304,319342,60,Bad,First Bank,Calabar,10.943918115811396,4.389658672168893,Temporary,HND/BSc,10.0,666324.0,66632.4,169090.0,8328.0,85870.6,90.0
CUST_004458,LOAN_00004458,16772,19813,60,Good,GTBank,Kano,6.010712904366626,7.015980119814538,Self-Employed,Secondary,7.0,340637.0,48662.42857142857,96872.0,24078.0,65878.71428571429,81.42857142857143
CUST_004459,LOAN_00004459,31172,37360,30,Good,First Bank,Port Harcourt,4.727621214789286,6.834588754540879,Contract,HND/BSc,4.0,135701.0,33925.25,72668.0,5000.0,43648.0,105.0
CUST_004460,LOAN_00004460,179641,235821,90,Good,Stanbic IBTC,Ibadan,11.87439991915584,4.814195032047051,Contract,HND/BSc,0.0,0.0,0.0,0.0,0.0,0.0,0.0
CUST_004461,LOAN_00004461,66431,87445,180,Bad,Stanbic IBTC,Kaduna,11.728761332718026,12.723637648001649,Temporary,Secondary,0.0,0.0,0.0,0.0,0.0,0.0,0.0
CUST_004462,LOAN_00004462,49950,62114,90,Bad,GTBank,Jos,7.632133532046412,12.11854444846548,Self-Employed,HND/BSc,2.0,95066.0,47533.0,59171.0,35895.0,58498.0,60.0
CUST_004463,LOAN_00004463,44484,58101,60,Good,Zenith Bank,Abuja,10.32156528286384,8.813105650012789,Temporary,HND/BSc,3.0,213954.0,71318.0,158034.0,17332.0,97634.33333333333,110.0
CUST_004464,LOAN_00004464,91078,122350,30,Good,First Bank,Kaduna,9.013593394155254,9.453249333535314,Permanent,Masters,4.0,538401.0,134600.25,261986.0,76529.0,170923.0,67.5
CUST_004465,LOAN_00004465,84094,103335,60,Good,Zenith Bank,Lagos,11.67660502306374,3.714529656029955,Permanent,Masters,2.0,215089.0,107544.5,151410.0,63679.0,136170.0,60.0
CUST_004466,LOAN_00004466,41783,49803,365,Bad,Zenith Bank,Kaduna,6.835503723867889,9.666088227924549,Self-Employed,Masters,3.0,83766.0,27922.0,56962.0,5778.0,36719.666666666664,110.0
CUST_004467,LOAN_00004467,50818,63881,180,Good,Union Bank,Jos,8.713051599990866,12.496098288235636,Permanent,Masters,5.0,149107.0,29821.4,82290.0,12034.0,38455.6,60.0
CUST_004468,LOAN_00004468,28045,35445,30,Good,Access Bank,Abuja,8.368351340840954,9.885930883006283,Temporary,HND/BSc,1.0,113074.0,113074.0,113074.0,113074.0,141452.0,180.0
CUST_004469,LOAN_00004469,151836,195095,180,Bad,GTBank,Benin City,7.1851524363117285,6.1836764414450265,Contract,HND/BSc,1.0,29333.0,29333.0,29333.0,29333.0,35025.0,180.0
CUST_004470,LOAN_00004470,24851,32679,60,Bad,UBA,Lagos,12.02309558100735,11.010579268012046,Temporary,Secondary,7.0,247295.0,35327.857142857145,53098.0,7938.0,46224.857142857145,72.85714285714286
CUST_004471,LOAN_00004471,61370,70647,60,Good,Stanbic IBTC,Enugu,5.492901321962819,7.337861159582972,Permanent,PhD,1.0,12018.0,12018.0,12018.0,12018.0,15734.0,90.0
CUST_004472,LOAN_00004472,109499,140670,180,Bad,Stanbic IBTC,Lagos,5.345577755686265,9.538479411428822,Self-Employed,Secondary,4.0,352427.0,88106.75,184144.0,11841.0,116955.0,97.5
CUST_004473,LOAN_00004473,134587,163378,60,Good,GTBank,Port Harcourt,9.19218581790476,8.850784359347097,Contract,Masters,1.0,15542.0,15542.0,15542.0,15542.0,21386.0,180.0
CUST_004474,LOAN_00004474,22543,28104,60,Good,Union Bank,Enugu,9.917448069864475,7.574100011582161,Contract,HND/BSc,4.0,123536.0,30884.0,45598.0,12077.0,37463.0,90.0
CUST_004475,LOAN_00004475,68660,79359,60,Good,Fidelity Bank,Port Harcourt,5.751573288921087,11.62653576472962,Contract,PhD,1.0,20815.0,20815.0,20815.0,20815.0,28004.0,60.0
CUST_004476,LOAN_00004476,74798,100522,180,Bad,Fidelity Bank,Jos,7.516456980291617,13.60651334383058,Temporary,HND/BSc,5.0,95245.0,19049.0,36370.0,12482.0,24897.4,60.0
CUST_004477,LOAN_00004477,103006,126197,30,Bad,Fidelity Bank,Ibadan,12.519074586808694,3.0625502217230998,Self-Employed,Masters,2.0,152295.0,76147.5,88028.0,64267.0,96602.0,60.0
CUST_004478,LOAN_00004478,30198,37401,60,Good,Union Bank,Abuja,6.219556804216066,14.203398230764408,Permanent,Secondary,3.0,315821.0,105273.66666666667,166064.0,35977.0,124031.66666666667,50.0
CUST_004479,LOAN_00004479,62113,79807,180,Bad,UBA,Kano,10.015246319056548,9.1381816329987,Temporary,Secondary,1.0,5000.0,5000.0,5000.0,5000.0,6184.0,180.0
CUST_004480,LOAN_00004480,54908,64145,30,Good,Stanbic IBTC,Benin City,10.661344543278318,11.408782564359182,Permanent,HND/BSc,1.0,13147.0,13147.0,13147.0,13147.0,16144.0,60.0
CUST_004481,LOAN_00004481,35187,45104,60,Good,GTBank,Kano,8.033158295186436,13.267494794110526,Permanent,,3.0,76814.0,25604.666666666668,51513.0,5249.0,32037.333333333332,50.0
CUST_004482,LOAN_00004482,23161,28531,90,Good,Union Bank,Calabar,12.437733880836246,8.60524430777124,Permanent,HND/BSc,6.0,270885.0,45147.5,101150.0,25896.0,57390.0,65.0
CUST_004483,LOAN_00004483,20479,27378,90,Good,Stanbic IBTC,Calabar,10.629910616969116,13.019688880378684,Self-Employed,PhD,0.0,0.0,0.0,0.0,0.0,0.0,0.0
CUST_004484,LOAN_00004484,27174,33245,60,Good,Zenith Bank,Jos,8.121321218748081,5.131437833462426,Permanent,Masters,1.0,66573.0,66573.0,66573.0,66573.0,85793.0,60.0
CUST_004485,LOAN_00004485,57951,75678,180,Good,First Bank,Ibadan,9.124016815984843,4.910010413757774,Permanent,Masters,8.0,391386.0,48923.25,108832.0,8658.0,60675.125,101.25
CUST_004486,LOAN_00004486,73005,86227,180,Bad,First Bank,Calabar,10.233520990825903,10.889656426273842,Temporary,HND/BSc,1.0,47751.0,47751.0,47751.0,47751.0,57980.0,30.0
CUST_004487,LOAN_00004487,52289,60615,60,Good,Union Bank,Lagos,9.329711623862964,13.441716066620844,Self-Employed,HND/BSc,2.0,38144.0,19072.0,20065.0,18079.0,23852.5,75.0
CUST_004488,LOAN_00004488,101686,117302,60,Good,Stanbic IBTC,Kaduna,11.908278254434684,13.709114130432472,Permanent,Secondary,3.0,110448.0,36816.0,62650.0,17812.0,45261.666666666664,150.0
CUST_004489,LOAN_00004489,29327,37339,365,Bad,Access Bank,Port Harcourt,7.211997960523611,10.72488550052696,Self-Employed,,4.0,192365.0,48091.25,141301.0,6601.0,60848.0,112.5
CUST_004490,LOAN_00004490,71225,88086,30,Bad,UBA,Calabar,6.698971660502244,9.305870762511807,Temporary,,1.0,13377.0,13377.0,13377.0,13377.0,17674.0,60.0
CUST_004491,LOAN_00004491,80491,108476,60,Bad,Fidelity Bank,Jos,5.9245500054573785,6.976717052358195,Permanent,Masters,4.0,124407.0,31101.75,49810.0,22736.0,39208.5,112.5
CUST_004492,LOAN_00004492,45257,52954,30,Bad,UBA,Port Harcourt,4.340046712581357,14.760004987191977,Self-Employed,Secondary,3.0,232393.0,77464.33333333333,172744.0,24108.0,98938.0,40.0
CUST_004493,LOAN_00004493,56671,74701,180,Good,UBA,Lagos,4.387125679420498,6.836348239995006,Contract,Secondary,1.0,25578.0,25578.0,25578.0,25578.0,34884.0,30.0
CUST_004494,LOAN_00004494,113613,133626,60,Bad,Union Bank,Ibadan,11.830496737983545,11.930233286779115,Self-Employed,,5.0,425251.0,85050.2,267183.0,28007.0,106613.0,108.0
CUST_004495,LOAN_00004495,40294,48449,90,Good,Zenith Bank,Abuja,10.105538317653169,9.383781598860008,Contract,Secondary,0.0,0.0,0.0,0.0,0.0,0.0,0.0
CUST_004496,LOAN_00004496,22057,28320,90,Good,UBA,Kano,9.944791738928377,10.30214811030416,Self-Employed,Masters,5.0,136866.0,27373.2,68531.0,7159.0,36288.4,54.0
CUST_004497,LOAN_00004497,13807,16166,90,Good,First Bank,Lagos,9.531785370413974,7.721766607063515,Permanent,HND/BSc,1.0,93273.0,93273.0,93273.0,93273.0,108798.0,90.0
CUST_004498,LOAN_00004498,35462,43423,90,Good,Zenith Bank,Benin City,11.642972302246944,14.577877505666974,Self-Employed,HND/BSc,5.0,221859.0,44371.8,60711.0,20674.0,56879.2,96.0
CUST_004499,LOAN_00004499,228886,302849,90,Good,GTBank,Enugu,8.322402330990647,9.860187913191252,Permanent,Masters,3.0,96567.0,32189.0,45629.0,21157.0,41752.333333333336,70.0
CUST_004500,LOAN_00004500,68209,79136,30,Bad,UBA,Jos,11.833697457024703,14.25345156550548,Contract,Secondary,4.0,86447.0,21611.75,32731.0,12269.0,28093.0,82.5
CUST_004501,LOAN_00004501,129057,156376,90,Good,UBA,Kano,7.235005235640152,3.091096994086969,Permanent,HND/BSc,0.0,0.0,0.0,0.0,0.0,0.0,0.0
CUST_004502,LOAN_00004502,15356,17679,60,Bad,GTBank,Benin City,12.340367539051815,9.872046998293452,Self-Employed,,2.0,84644.0,42322.0,66042.0,18602.0,56270.5,60.0
CUST_004503,LOAN_00004503,172502,203842,365,Bad,UBA,Abuja,10.287912820731162,11.606242676703255,Permanent,HND/BSc,3.0,81412.0,27137.333333333332,44651.0,12067.0,35431.0,90.0
CUST_004504,LOAN_00004504,125896,165755,60,Good,GTBank,Benin City,6.314594224219846,11.940962053946617,Contract,Masters,5.0,247010.0,49402.0,86065.0,15106.0,63898.0,84.0
CUST_004505,LOAN_00004505,155516,185086,30,Good,Zenith Bank,Ibadan,9.076764295197629,13.859722581380176,Contract,Masters,5.0,246788.0,49357.6,127001.0,12758.0,61659.4,66.0
CUST_004506,LOAN_00004506,71051,84117,60,Bad,First Bank,Enugu,8.7972750533943,3.0528193080454358,Self-Employed,Secondary,7.0,423019.0,60431.28571428572,221015.0,6291.0,73304.28571428571,94.28571428571429
CUST_004507,LOAN_00004507,51682,65651,30,Good,GTBank,Port Harcourt,5.241089395573006,3.003961911113717,Contract,Secondary,4.0,138720.0,34680.0,83920.0,8141.0,42574.0,67.5
CUST_004508,LOAN_00004508,34318,42206,90,Good,Access Bank,Kano,9.321186151755526,8.667161529542584,Self-Employed,HND/BSc,5.0,203280.0,40656.0,95875.0,12885.0,51036.6,108.0
CUST_004509,LOAN_00004509,22137,27057,90,Good,Union Bank,Enugu,6.833070613452621,3.351524460064448,Permanent,HND/BSc,2.0,97838.0,48919.0,55442.0,42396.0,57961.0,120.0
CUST_004510,LOAN_00004510,36450,49200,60,Good,Union Bank,Kaduna,4.471138901286422,14.694390643948497,Permanent,HND/BSc,4.0,250142.0,62535.5,105405.0,12735.0,78763.0,82.5
CUST_004511,LOAN_00004511,89489,106693,30,Good,GTBank,Lagos,12.537905419359085,5.664782094496704,Contract,Masters,3.0,111669.0,37223.0,69099.0,20469.0,44503.666666666664,90.0
CUST_004512,LOAN_00004512,107925,133237,30,Bad,Union Bank,Kaduna,9.773413321578593,8.671976752378136,Temporary,Secondary,1.0,25029.0,25029.0,25029.0,25029.0,33424.0,90.0
CUST_004513,LOAN_00004513,120480,144704,90,Good,UBA,Lagos,11.892270386837623,3.7336515601466833,Permanent,HND/BSc,2.0,273911.0,136955.5,175266.0,98645.0,184508.5,30.0
CUST_004514,LOAN_00004514,129921,166563,30,Bad,Fidelity Bank,Ibadan,10.084504045119278,9.264580994055102,Permanent,Secondary,2.0,85936.0,42968.0,45654.0,40282.0,50599.0,60.0
CUST_004515,LOAN_00004515,159741,185904,90,Bad,Fidelity Bank,Enugu,7.212853229261016,7.5594735017689025,Permanent,Secondary,9.0,424048.0,47116.444444444445,111653.0,6484.0,57013.555555555555,83.33333333333333
CUST_004516,LOAN_00004516,114471,143502,90,Good,Union Bank,Abuja,8.614192650959303,3.535920346526685,Contract,HND/BSc,2.0,62077.0,31038.5,41814.0,20263.0,41860.0,180.0
CUST_004517,LOAN_00004517,100206,115317,90,Good,Zenith Bank,Calabar,10.081720843124591,7.021491200354697,Permanent,Masters,2.0,125050.0,62525.0,120050.0,5000.0,80841.5,60.0
CUST_004518,LOAN_00004518,74075,96755,60,Bad,Stanbic IBTC,Benin City,12.642270926812936,7.697232242674268,Self-Employed,Secondary,2.0,103462.0,51731.0,95886.0,7576.0,60091.0,105.0
CUST_004519,LOAN_00004519,78283,96508,30,Good,Zenith Bank,Calabar,6.283025132095268,14.87905789529928,Permanent,HND/BSc,3.0,68869.0,22956.333333333332,29485.0,10303.0,31025.666666666668,70.0
CUST_004520,LOAN_00004520,140484,189344,60,Good,Stanbic IBTC,Enugu,11.874793527617058,5.494630463032506,Permanent,HND/BSc,3.0,62111.0,20703.666666666668,37633.0,9310.0,26663.666666666668,100.0
CUST_004521,LOAN_00004521,148925,176229,90,Good,Fidelity Bank,Kaduna,12.316700247648424,9.537355384441195,Permanent,Secondary,3.0,165732.0,55244.0,113294.0,21244.0,73098.0,50.0
CUST_004522,LOAN_00004522,164799,219938,90,Good,Fidelity Bank,Calabar,10.033739631930608,14.847786590383544,Contract,HND/BSc,6.0,212232.0,35372.0,63755.0,6441.0,44377.5,85.0
CUST_004523,LOAN_00004523,68378,82593,365,Bad,GTBank,Jos,12.38139964661204,12.504230495281622,Self-Employed,PhD,4.0,272623.0,68155.75,134647.0,19791.0,87444.25,150.0
CUST_004524,LOAN_00004524,11485,14803,180,Good,First Bank,Calabar,7.580907287296316,14.920410010585067,Permanent,HND/BSc,1.0,24354.0,24354.0,24354.0,24354.0,30719.0,90.0
CUST_004525,LOAN_00004525,63959,78755,90,Bad,Access Bank,Lagos,12.577145584363985,14.61957977592203,Temporary,Secondary,5.0,414398.0,82879.6,213651.0,13515.0,106419.0,90.0
CUST_004526,LOAN_00004526,28687,36763,60,Good,Zenith Bank,Jos,10.325045894493773,8.874474505129852,Permanent,HND/BSc,4.0,341660.0,85415.0,287300.0,10497.0,111280.5,67.5
CUST_004527,LOAN_00004527,20544,25402,30,Good,UBA,Kano,4.378051906769307,11.35651019844679,Self-Employed,HND/BSc,1.0,18869.0,18869.0,18869.0,18869.0,26172.0,30.0
CUST_004528,LOAN_00004528,54740,69681,30,Good,Stanbic IBTC,Calabar,12.161855486371476,4.325317523293814,Contract,Secondary,1.0,22510.0,22510.0,22510.0,22510.0,28967.0,30.0
CUST_004529,LOAN_00004529,72359,86336,90,Good,Union Bank,Jos,8.360255281298734,8.293785900561623,Permanent,Secondary,3.0,241847.0,80615.66666666667,133771.0,19220.0,98537.33333333333,100.0
CUST_004530,LOAN_00004530,43616,55331,60,Good,UBA,Enugu,8.142942863000496,12.70822250720037,Self-Employed,Secondary,3.0,480386.0,160128.66666666666,402893.0,25477.0,210810.33333333334,80.0
CUST_004531,LOAN_00004531,30837,37384,60,Bad,First Bank,Benin City,9.098199453816708,9.064023851725722,Self-Employed,Secondary,9.0,324955.0,36106.11111111111,73774.0,7749.0,44165.22222222222,106.66666666666667
CUST_004532,LOAN_00004532,257334,296624,60,Bad,Stanbic IBTC,Kano,5.344460920941051,11.432388393806782,Permanent,Secondary,8.0,316538.0,39567.25,94932.0,10555.0,50652.625,101.25
CUST_004533,LOAN_00004533,65286,87347,180,Bad,Zenith Bank,Abuja,8.222494437106587,11.949015959811325,Contract,HND/BSc,7.0,311618.0,44516.857142857145,100942.0,9363.0,58057.57142857143,115.71428571428571
CUST_004534,LOAN_00004534,48663,58729,365,Good,GTBank,Abuja,11.48014495045971,6.041629694914727,Permanent,HND/BSc,4.0,137599.0,34399.75,74601.0,14305.0,43604.5,105.0
CUST_004535,LOAN_00004535,20979,26547,30,Good,UBA,Ibadan,4.139342132237638,13.508392475310783,Self-Employed,Masters,2.0,290206.0,145103.0,265673.0,24533.0,170296.5,60.0
CUST_004536,LOAN_00004536,102977,134922,365,Bad,First Bank,Calabar,6.456254442919342,8.517869170910148,Permanent,HND/BSc,4.0,115524.0,28881.0,45755.0,11345.0,36703.0,67.5
CUST_004537,LOAN_00004537,51390,64452,30,Good,Zenith Bank,Benin City,4.022091277994598,5.5222212434585245,Self-Employed,Masters,4.0,402707.0,100676.75,175535.0,44903.0,122498.5,45.0
CUST_004538,LOAN_00004538,48347,56624,60,Good,Fidelity Bank,Port Harcourt,7.741401782348635,13.384990581461324,Permanent,HND/BSc,3.0,319890.0,106630.0,178708.0,58231.0,133727.33333333334,100.0
CUST_004539,LOAN_00004539,101233,128065,60,Good,Fidelity Bank,Jos,10.554839594443612,8.013825673275043,Permanent,Secondary,2.0,60041.0,30020.5,52883.0,7158.0,39024.5,105.0
CUST_004540,LOAN_00004540,10000,12452,90,Good,Zenith Bank,Kano,11.188946462031655,12.003749260556637,Permanent,HND/BSc,1.0,43426.0,43426.0,43426.0,43426.0,52313.0,90.0
CUST_004541,LOAN_00004541,75084,95755,365,Bad,Zenith Bank,Enugu,12.50670785014306,9.576396866659117,Permanent,Masters,3.0,170291.0,56763.666666666664,79030.0,42604.0,68474.66666666667,140.0
CUST_004542,LOAN_00004542,16215,21207,90,Good,Zenith Bank,Calabar,9.47654151673708,7.582461026814006,Contract,Secondary,1.0,128226.0,128226.0,128226.0,128226.0,164124.0,180.0
CUST_004543,LOAN_00004543,68992,86199,90,Bad,Stanbic IBTC,Enugu,6.291641799876059,12.718516980462832,Permanent,Secondary,7.0,265308.0,37901.142857142855,77628.0,18204.0,48315.28571428572,72.85714285714286
CUST_004544,LOAN_00004544,73824,86726,60,Good,Zenith Bank,Port Harcourt,12.31733154223029,10.013639179735357,Self-Employed,HND/BSc,6.0,330767.0,55127.833333333336,142391.0,5000.0,72051.33333333333,40.0
CUST_004545,LOAN_00004545,15373,19718,30,Good,UBA,Ibadan,10.977841784923385,7.68674522912438,Permanent,HND/BSc,1.0,54941.0,54941.0,54941.0,54941.0,67930.0,180.0
CUST_004546,LOAN_00004546,88825,110074,180,Bad,First Bank,Port Harcourt,9.1698563470283,4.315174444021524,Self-Employed,HND/BSc,1.0,62834.0,62834.0,62834.0,62834.0,83311.0,90.0
CUST_004547,LOAN_00004547,76815,89267,180,Bad,Stanbic IBTC,Lagos,10.260761941470424,13.745343765200497,Contract,Secondary,1.0,43498.0,43498.0,43498.0,43498.0,54178.0,60.0
CUST_004548,LOAN_00004548,36755,42756,30,Bad,Zenith Bank,Kaduna,12.318847195066862,3.425635024099998,Temporary,Secondary,1.0,52726.0,52726.0,52726.0,52726.0,66380.0,180.0
CUST_004549,LOAN_00004549,119155,153780,60,Bad,Access Bank,Kano,10.411546256256294,13.358248180416677,Temporary,HND/BSc,1.0,41295.0,41295.0,41295.0,41295.0,54444.0,60.0
CUST_004550,LOAN_00004550,39232,49163,90,Good,Union Bank,Kaduna,7.3153705682626065,7.319538298597866,Self-Employed,HND/BSc,0.0,0.0,0.0,0.0,0.0,0.0,0.0
CUST_004551,LOAN_00004551,39210,46402,60,Good,Access Bank,Port Harcourt,10.417253820601871,10.672065162016873,Self-Employed,HND/BSc,3.0,154432.0,51477.333333333336,109351.0,22054.0,63178.333333333336,80.0
CUST_004552,LOAN_00004552,23079,30969,180,Good,First Bank,Ibadan,4.362503464618491,14.066396686028224,Permanent,HND/BSc,0.0,0.0,0.0,0.0,0.0,0.0,0.0
CUST_004553,LOAN_00004553,44857,57986,30,Good,Fidelity Bank,Ibadan,7.4777400564752305,4.820479386046781,Self-Employed,HND/BSc,0.0,0.0,0.0,0.0,0.0,0.0,0.0
CUST_004554,LOAN_00004554,135575,176431,60,Bad,GTBank,Abuja,7.656907286610213,9.80340570766572,Temporary,Secondary,7.0,279004.0,39857.71428571428,103001.0,9148.0,50132.28571428572,111.42857142857143
CUST_004555,LOAN_00004555,11431,14902,60,Good,GTBank,Calabar,5.501544109787512,12.173194348442305,Permanent,HND/BSc,8.0,331693.0,41461.625,107863.0,7166.0,55012.125,97.5
CUST_004556,LOAN_00004556,53495,69183,365,Good,Union Bank,Abuja,4.207769324965931,12.091005992628688,Contract,Secondary,3.0,58840.0,19613.333333333332,23823.0,14915.0,23717.333333333332,110.0
CUST_004557,LOAN_00004557,43979,52076,60,Good,Fidelity Bank,Kano,5.200431129739686,9.307582975194048,Permanent,HND/BSc,2.0,158223.0,79111.5,105319.0,52904.0,108229.0,135.0
CUST_004558,LOAN_00004558,42808,56989,180,Good,Stanbic IBTC,Kano,9.891593462173496,10.496873518877496,Contract,HND/BSc,1.0,19491.0,19491.0,19491.0,19491.0,23709.0,180.0
CUST_004559,LOAN_00004559,55892,72988,90,Good,Stanbic IBTC,Kano,11.220599347273188,12.090323929594136,Contract,Secondary,3.0,207197.0,69065.66666666667,99883.0,34404.0,83482.0,140.0
CUST_004560,LOAN_00004560,46061,61041,90,Good,Stanbic IBTC,Enugu,12.893831434542768,13.09233165308894,Contract,Secondary,0.0,0.0,0.0,0.0,0.0,0.0,0.0
CUST_004561,LOAN_00004561,24314,29403,60,Good,GTBank,Abuja,7.117271527976449,12.141757162510364,Contract,Secondary,3.0,333966.0,111322.0,137842.0,76378.0,142135.0,110.0
CUST_004562,LOAN_00004562,73612,89991,180,Bad,Access Bank,Enugu,9.394413000349916,7.248059318174912,Temporary,Secondary,1.0,133315.0,133315.0,133315.0,133315.0,160424.0,30.0
CUST_004563,LOAN_00004563,22977,27466,365,Good,GTBank,Kaduna,12.434304701336098,14.960716812692798,Contract,HND/BSc,4.0,206145.0,51536.25,69030.0,34561.0,66059.75,75.0
CUST_004564,LOAN_00004564,24984,32550,60,Bad,UBA,Calabar,5.5033760320433736,8.214032324631653,Self-Employed,,1.0,20774.0,20774.0,20774.0,20774.0,28476.0,60.0
CUST_004565,LOAN_00004565,33841,39756,30,Good,Zenith Bank,Port Harcourt,10.458810277084684,3.293576433107201,Permanent,HND/BSc,4.0,188138.0,47034.5,59803.0,31293.0,64340.25,90.0
CUST_004566,LOAN_00004566,34190,44393,60,Good,Stanbic IBTC,Jos,10.794808598342469,7.351403419025544,Contract,HND/BSc,8.0,387544.0,48443.0,85052.0,14232.0,64124.625,75.0
CUST_004567,LOAN_00004567,27093,34927,60,Good,Access Bank,Abuja,4.800779822824046,4.533395454886119,Contract,HND/BSc,7.0,459394.0,65627.71428571429,190723.0,18213.0,86053.85714285714,102.85714285714286
CUST_004568,LOAN_00004568,145017,172872,30,Good,First Bank,Jos,11.751244466647584,4.4573113887405,Permanent,HND/BSc,3.0,118316.0,39438.666666666664,64463.0,8236.0,49470.0,100.0
CUST_004569,LOAN_00004569,105378,130095,60,Good,Union Bank,Ibadan,11.317945423997594,6.378420481282732,Permanent,PhD,1.0,30223.0,30223.0,30223.0,30223.0,39868.0,60.0
CUST_004570,LOAN_00004570,60397,79830,30,Good,First Bank,Abuja,4.30062705919691,3.64050593012713,Contract,Masters,1.0,77867.0,77867.0,77867.0,77867.0,106705.0,180.0
CUST_004571,LOAN_00004571,125404,160914,60,Good,Zenith Bank,Kaduna,4.819759733920463,11.262146260914758,Contract,Masters,2.0,35967.0,17983.5,19930.0,16037.0,22847.0,105.0
CUST_004572,LOAN_00004572,42478,49174,90,Good,Access Bank,Abuja,4.442142045026671,3.887866610422861,Contract,,3.0,110173.0,36724.333333333336,46422.0,21497.0,48324.333333333336,90.0
CUST_004573,LOAN_00004573,138269,165273,60,Bad,GTBank,Enugu,7.01269178619426,5.439474665231474,Permanent,Secondary,2.0,113763.0,56881.5,89232.0,24531.0,67117.5,60.0
CUST_004574,LOAN_00004574,156213,185826,60,Good,GTBank,Calabar,8.583600916119336,4.114796573929432,Permanent,HND/BSc,8.0,206129.0,25766.125,47050.0,5714.0,32056.5,90.0
CUST_004575,LOAN_00004575,47260,58444,365,Good,UBA,Port Harcourt,8.79112955159166,3.758012770836373,Contract,Masters,5.0,351111.0,70222.2,169853.0,32844.0,87588.4,90.0
CUST_004576,LOAN_00004576,52566,62963,365,Good,UBA,Benin City,6.409000837924983,6.2130199864745,Permanent,HND/BSc,4.0,610083.0,152520.75,514212.0,11358.0,197190.25,90.0
CUST_004577,LOAN_00004577,22779,27550,60,Good,GTBank,Port Harcourt,12.204371979042469,9.86278761192444,Permanent,,1.0,75242.0,75242.0,75242.0,75242.0,93614.0,30.0
CUST_004578,LOAN_00004578,26461,35027,30,Good,First Bank,Port Harcourt,7.314365108847219,14.5762266773621,Permanent,Secondary,1.0,15878.0,15878.0,15878.0,15878.0,18902.0,30.0
CUST_004579,LOAN_00004579,175208,214739,60,Good,Union Bank,Ibadan,4.409951403688172,13.506679852195276,Permanent,HND/BSc,1.0,27255.0,27255.0,27255.0,27255.0,37968.0,90.0
CUST_004580,LOAN_00004580,62526,82231,365,Bad,Stanbic IBTC,Kaduna,6.702044003872477,13.511207105343898,Permanent,,2.0,24344.0,12172.0,15874.0,8470.0,16608.5,60.0
CUST_004581,LOAN_00004581,172996,223587,30,Good,First Bank,Jos,8.779984802897399,5.112804432451892,Permanent,HND/BSc,3.0,131332.0,43777.333333333336,100091.0,9641.0,54230.0,40.0
CUST_004582,LOAN_00004582,51456,61358,180,Good,Union Bank,Kaduna,7.673996403294089,6.178886321973842,Permanent,Masters,4.0,222518.0,55629.5,86054.0,13209.0,72437.25,60.0
CUST_004583,LOAN_00004583,21715,29056,60,Good,UBA,Benin City,6.464582671893332,3.916719801543669,Self-Employed,Secondary,0.0,0.0,0.0,0.0,0.0,0.0,0.0
CUST_004584,LOAN_00004584,77665,93787,180,Bad,Zenith Bank,Ibadan,5.181909247878856,12.34162007898222,Permanent,HND/BSc,5.0,158518.0,31703.6,60663.0,13432.0,40712.2,42.0
CUST_004585,LOAN_00004585,60731,78361,90,Good,Union Bank,Calabar,11.372480500866068,3.837795617826744,Contract,PhD,2.0,86790.0,43395.0,73529.0,13261.0,56458.5,60.0
CUST_004586,LOAN_00004586,92460,115094,60,Bad,GTBank,Port Harcourt,12.965307179117726,9.680348049850238,Temporary,HND/BSc,5.0,375846.0,75169.2,183035.0,5000.0,93474.6,42.0
CUST_004587,LOAN_00004587,96278,120147,90,Bad,UBA,Enugu,6.965879201714939,5.974506867887409,Self-Employed,Secondary,1.0,11708.0,11708.0,11708.0,11708.0,14472.0,60.0
CUST_004588,LOAN_00004588,16322,19711,180,Good,UBA,Ibadan,7.434589397589435,5.921347608344937,Permanent,Secondary,1.0,23410.0,23410.0,23410.0,23410.0,31015.0,60.0
CUST_004589,LOAN_00004589,66563,79760,30,Bad,Stanbic IBTC,Kano,9.562337722092614,14.888700662971262,Temporary,Masters,4.0,255184.0,63796.0,129121.0,20011.0,83100.25,105.0
CUST_004590,LOAN_00004590,151785,191725,60,Good,GTBank,Abuja,10.465973272619872,12.08135768374245,Permanent,Masters,2.0,99257.0,49628.5,66729.0,32528.0,60845.0,135.0
CUST_004591,LOAN_00004591,23724,31015,180,Good,Stanbic IBTC,Kaduna,7.528265813232322,13.0432722994926,Permanent,Secondary,4.0,305393.0,76348.25,166096.0,38352.0,92957.0,97.5
CUST_004592,LOAN_00004592,22320,30098,180,Bad,GTBank,Ibadan,12.144365652836337,9.86379222412815,Temporary,Secondary,2.0,60055.0,30027.5,30951.0,29104.0,38710.5,75.0
CUST_004593,LOAN_00004593,35881,42784,60,Good,Stanbic IBTC,Kano,9.040035903060264,13.45217144872499,Self-Employed,Masters,1.0,59378.0,59378.0,59378.0,59378.0,71221.0,60.0
CUST_004594,LOAN_00004594,88730,107628,90,Good,Union Bank,Jos,8.053510687653379,10.745886469996234,Contract,Masters,2.0,63022.0,31511.0,45920.0,17102.0,42645.0,45.0
CUST_004595,LOAN_00004595,52503,70501,90,Bad,First Bank,Benin City,9.820054778439149,14.354084457556144,Self-Employed,Secondary,2.0,177633.0,88816.5,129818.0,47815.0,106137.5,120.0
CUST_004596,LOAN_00004596,116686,147910,60,Bad,Zenith Bank,Benin City,12.57523463424256,6.376063032547641,Self-Employed,HND/BSc,2.0,48856.0,24428.0,42525.0,6331.0,33378.5,105.0
CUST_004597,LOAN_00004597,64224,78447,30,Good,Zenith Bank,Port Harcourt,11.15097064979535,10.14383454939474,Permanent,Masters,3.0,285339.0,95113.0,127605.0,46743.0,125156.0,180.0
CUST_004598,LOAN_00004598,59018,74664,90,Good,GTBank,Port Harcourt,4.360118174816119,11.281576175242703,Permanent,HND/BSc,1.0,5000.0,5000.0,5000.0,5000.0,6133.0,90.0
CUST_004599,LOAN_00004599,92867,110046,30,Good,Access Bank,Ibadan,6.9907891966596365,7.71524766033368,Contract,,3.0,128790.0,42930.0,60773.0,13976.0,57006.333333333336,40.0
CUST_004600,LOAN_00004600,34674,46276,180,Good,Fidelity Bank,Ibadan,8.234902164561005,13.55649578884864,Temporary,HND/BSc,8.0,496068.0,62008.5,142266.0,7230.0,79854.125,105.0
CUST_004601,LOAN_00004601,82828,103697,180,Bad,UBA,Calabar,6.830658149881947,14.757637957249852,Permanent,HND/BSc,3.0,126455.0,42151.666666666664,55376.0,17543.0,55137.333333333336,140.0
CUST_004602,LOAN_00004602,116791,148661,60,Good,UBA,Abuja,10.301688047474109,8.925233896471939,Self-Employed,HND/BSc,3.0,477547.0,159182.33333333334,338881.0,22353.0,219548.66666666666,70.0
CUST_004603,LOAN_00004603,262793,333117,365,Bad,GTBank,Lagos,11.43642234876323,7.687687857652069,Permanent,PhD,1.0,587147.0,587147.0,587147.0,587147.0,780947.0,180.0
CUST_004604,LOAN_00004604,14466,17784,180,Good,Union Bank,Jos,10.582105856667445,8.663255142677503,Contract,HND/BSc,8.0,335953.0,41994.125,78201.0,7580.0,53804.75,78.75
CUST_004605,LOAN_00004605,87930,116429,30,Good,Stanbic IBTC,Port Harcourt,12.903999581454478,13.23284094878318,Contract,Secondary,3.0,172180.0,57393.333333333336,68535.0,50109.0,69420.66666666667,150.0
CUST_004606,LOAN_00004606,34985,47161,365,Good,Access Bank,Lagos,6.452928831037262,10.745621106218012,Self-Employed,HND/BSc,1.0,29236.0,29236.0,29236.0,29236.0,36640.0,60.0
CUST_004607,LOAN_00004607,127426,147652,30,Good,First Bank,Lagos,11.874905455219793,3.537268470217141,Permanent,Masters,2.0,59186.0,29593.0,42125.0,17061.0,39624.5,75.0
CUST_004608,LOAN_00004608,73163,86299,60,Good,Stanbic IBTC,Abuja,10.899603986570376,9.506038925348578,Contract,HND/BSc,2.0,139195.0,69597.5,132653.0,6542.0,87162.0,105.0
CUST_004609,LOAN_00004609,33859,45605,365,Good,Stanbic IBTC,Enugu,7.259608818023315,3.2076014728916378,Contract,HND/BSc,7.0,225209.0,32172.714285714286,96940.0,5000.0,39873.857142857145,120.0
CUST_004610,LOAN_00004610,101361,126537,60,Good,GTBank,Enugu,10.607120892912718,12.342424452040865,Permanent,HND/BSc,2.0,70666.0,35333.0,51664.0,19002.0,47568.0,60.0
CUST_004611,LOAN_00004611,89775,108451,30,Bad,GTBank,Port Harcourt,4.936683607764222,6.939747282509565,Permanent,Secondary,3.0,146992.0,48997.333333333336,102181.0,10211.0,58997.0,50.0
CUST_004612,LOAN_00004612,181177,216969,60,Bad,Union Bank,Kano,11.104001341064972,8.664089785407953,Self-Employed,Secondary,2.0,242036.0,121018.0,135586.0,106450.0,159494.5,60.0
CUST_004613,LOAN_00004613,66854,83693,90,Bad,UBA,Abuja,8.790975423283925,12.584137270891585,Contract,Secondary,1.0,10282.0,10282.0,10282.0,10282.0,13772.0,30.0
CUST_004614,LOAN_00004614,177348,219871,90,Good,GTBank,Abuja,6.630611554383279,3.5573858074291387,Permanent,HND/BSc,5.0,420038.0,84007.6,147389.0,28356.0,104507.2,84.0
CUST_004615,LOAN_00004615,43870,58905,30,Good,GTBank,Kaduna,9.901995716057622,4.902498427099325,Contract,Masters,6.0,269291.0,44881.833333333336,103268.0,6804.0,57512.5,75.0
CUST_004616,LOAN_00004616,89410,109903,365,Bad,GTBank,Lagos,9.774579988429682,7.775524517341378,Temporary,Masters,1.0,34004.0,34004.0,34004.0,34004.0,40776.0,90.0
CUST_004617,LOAN_00004617,43484,53035,90,Good,Union Bank,Kaduna,5.885376004476397,5.759101962546727,Permanent,PhD,2.0,61544.0,30772.0,35611.0,25933.0,41621.5,75.0
CUST_004618,LOAN_00004618,26409,33429,365,Good,UBA,Lagos,4.273576733303735,7.054817109300757,Contract,HND/BSc,3.0,160689.0,53563.0,96988.0,16579.0,69938.33333333333,80.0
CUST_004619,LOAN_00004619,64618,77225,30,Good,First Bank,Enugu,7.902603282115065,14.97809685470958,Permanent,Masters,1.0,16834.0,16834.0,16834.0,16834.0,22135.0,60.0
CUST_004620,LOAN_00004620,44553,54343,90,Good,First Bank,Port Harcourt,9.12560682409979,12.904973250885728,Permanent,Secondary,4.0,342891.0,85722.75,229337.0,9556.0,107570.75,97.5
CUST_004621,LOAN_00004621,93698,124747,30,Good,Fidelity Bank,Jos,11.889447505335388,13.606821779521304,Permanent,Secondary,3.0,111594.0,37198.0,51790.0,19178.0,50343.0,150.0
CUST_004622,LOAN_00004622,50556,60232,90,Good,Fidelity Bank,Enugu,12.35395116082835,14.244655602789305,Contract,Secondary,0.0,0.0,0.0,0.0,0.0,0.0,0.0
CUST_004623,LOAN_00004623,10000,11724,180,Good,GTBank,Abuja,8.759246963410899,7.091230563770347,Self-Employed,HND/BSc,6.0,449980.0,74996.66666666667,179682.0,16015.0,96193.16666666667,80.0
CUST_004624,LOAN_00004624,166746,199276,365,Bad,Fidelity Bank,Jos,10.784231353916905,6.564923493557672,Permanent,Secondary,4.0,55391.0,13847.75,28094.0,5668.0,17422.25,82.5
CUST_004625,LOAN_00004625,212469,247845,30,Good,UBA,Ibadan,7.953729450951972,5.808749910864899,Contract,Secondary,5.0,328820.0,65764.0,96794.0,52863.0,80408.4,66.0
CUST_004626,LOAN_00004626,61130,76563,30,Good,Union Bank,Jos,10.714739409156037,12.961402935697471,Contract,HND/BSc,3.0,88909.0,29636.333333333332,47228.0,5000.0,39952.333333333336,100.0
CUST_004627,LOAN_00004627,44949,53352,90,Good,First Bank,Jos,5.843213724452502,11.15462234742222,Permanent,HND/BSc,1.0,17112.0,17112.0,17112.0,17112.0,19822.0,30.0
CUST_004628,LOAN_00004628,63503,77978,60,Good,Stanbic IBTC,Enugu,7.339582613231783,5.834063789794527,Contract,HND/BSc,0.0,0.0,0.0,0.0,0.0,0.0,0.0
CUST_004629,LOAN_00004629,31241,39107,90,Good,First Bank,Abuja,9.708051989322534,7.523925950525458,Self-Employed,HND/BSc,5.0,315866.0,63173.2,155460.0,7575.0,84151.0,66.0
CUST_004630,LOAN_00004630,90303,109318,180,Bad,First Bank,Jos,4.16342169046371,9.08054116719358,Self-Employed,Secondary,1.0,50679.0,50679.0,50679.0,50679.0,63880.0,90.0
CUST_004631,LOAN_00004631,66580,83716,60,Bad,UBA,Enugu,10.502151793050588,9.337680687285044,Self-Employed,Secondary,2.0,72913.0,36456.5,45943.0,26970.0,48101.5,60.0
CUST_004632,LOAN_00004632,164996,200561,60,Good,Fidelity Bank,Enugu,11.519819511413502,13.664732742620576,Permanent,Secondary,7.0,185058.0,26436.85714285714,55970.0,7759.0,34259.857142857145,111.42857142857143
CUST_004633,LOAN_00004633,40322,49415,365,Bad,Stanbic IBTC,Jos,7.592274949845563,7.566793595366596,Self-Employed,Secondary,0.0,0.0,0.0,0.0,0.0,0.0,0.0
CUST_004634,LOAN_00004634,57566,71757,60,Good,UBA,Lagos,8.031481754594479,13.902288366006148,Permanent,HND/BSc,1.0,5000.0,5000.0,5000.0,5000.0,5886.0,180.0
CUST_004635,LOAN_00004635,22567,27110,60,Good,GTBank,Abuja,11.66153990994878,8.296410723837475,Self-Employed,Masters,1.0,36579.0,36579.0,36579.0,36579.0,46544.0,30.0
CUST_004636,LOAN_00004636,12831,14791,30,Good,Union Bank,Benin City,10.9808917179343,11.956472097508248,Temporary,HND/BSc,0.0,0.0,0.0,0.0,0.0,0.0,0.0
CUST_004637,LOAN_00004637,57043,65812,90,Good,Zenith Bank,Jos,6.593345401300375,14.163051839820673,Permanent,HND/BSc,2.0,128858.0,64429.0,94209.0,34649.0,80798.5,105.0
CUST_004638,LOAN_00004638,60144,75407,60,Good,First Bank,Kaduna,6.915784959053851,13.890908447559196,Contract,Masters,6.0,148282.0,24713.666666666668,46715.0,10516.0,32127.5,90.0
CUST_004639,LOAN_00004639,68037,83810,60,Bad,Zenith Bank,Kaduna,10.10990409151537,3.683434407548174,Contract,Secondary,0.0,0.0,0.0,0.0,0.0,0.0,0.0
CUST_004640,LOAN_00004640,22023,28980,60,Bad,Union Bank,Ibadan,9.06878283203345,5.468451539718839,Self-Employed,Secondary,2.0,39915.0,19957.5,27882.0,12033.0,24458.0,180.0
CUST_004641,LOAN_00004641,36534,43236,90,Good,Union Bank,Abuja,5.460066139868473,8.722865106387301,Permanent,HND/BSc,7.0,696183.0,99454.71428571429,481386.0,11164.0,126785.42857142857,90.0
CUST_004642,LOAN_00004642,22108,26818,60,Good,UBA,Enugu,6.789369183062497,8.178651479437288,Temporary,HND/BSc,2.0,71812.0,35906.0,36076.0,35736.0,47215.0,60.0
CUST_004643,LOAN_00004643,112314,135735,60,Good,UBA,Calabar,12.099849491907888,10.690699978046483,Contract,HND/BSc,8.0,398104.0,49763.0,106859.0,5756.0,62448.5,142.5
CUST_004644,LOAN_00004644,105145,128540,365,Bad,UBA,Port Harcourt,10.19356993050037,14.336508609904946,Permanent,Masters,1.0,33758.0,33758.0,33758.0,33758.0,46621.0,30.0
CUST_004645,LOAN_00004645,43635,57436,30,Good,Zenith Bank,Kano,12.873768859169676,4.348856535335386,Permanent,Secondary,1.0,15071.0,15071.0,15071.0,15071.0,17563.0,60.0
CUST_004646,LOAN_00004646,32315,40682,90,Good,UBA,Calabar,10.903112769826926,8.422303981610884,Self-Employed,HND/BSc,2.0,128378.0,64189.0,83000.0,45378.0,81136.0,90.0
CUST_004647,LOAN_00004647,19621,25441,30,Good,Union Bank,Abuja,12.477769889292311,5.308932454645672,Permanent,Secondary,6.0,448581.0,74763.5,219404.0,9392.0,93386.16666666667,150.0
CUST_004648,LOAN_00004648,81229,98174,30,Good,GTBank,Abuja,5.945697164834279,13.72929118077537,Permanent,Masters,7.0,297633.0,42519.0,92922.0,8272.0,53841.142857142855,90.0
CUST_004649,LOAN_00004649,61901,82072,90,Good,UBA,Jos,10.943363873352332,14.574962229619834,Contract,Masters,2.0,69997.0,34998.5,57910.0,12087.0,45575.5,135.0
CUST_004650,LOAN_00004650,39355,46882,90,Good,Access Bank,Jos,4.181957681330177,8.744420182684202,Contract,Secondary,2.0,96394.0,48197.0,82353.0,14041.0,56151.0,120.0
CUST_004651,LOAN_00004651,93164,117356,365,Bad,Fidelity Bank,Calabar,10.036840195403803,4.248123572737689,Self-Employed,Secondary,1.0,27497.0,27497.0,27497.0,27497.0,32322.0,30.0
CUST_004652,LOAN_00004652,49126,57133,30,Good,Zenith Bank,Enugu,8.223540503082173,12.42353600067208,Permanent,Secondary,0.0,0.0,0.0,0.0,0.0,0.0,0.0
CUST_004653,LOAN_00004653,24343,32604,30,Good,Access Bank,Ibadan,7.120840647280618,11.365696205908788,Self-Employed,Secondary,1.0,176147.0,176147.0,176147.0,176147.0,221467.0,60.0
CUST_004654,LOAN_00004654,212630,245107,60,Bad,UBA,Jos,11.7616391706378,7.256049919323726,Temporary,HND/BSc,7.0,324317.0,46331.0,84327.0,7273.0,57308.28571428572,90.0
CUST_004655,LOAN_00004655,278175,346294,90,Good,Union Bank,Kano,11.688409233917776,13.648889687627562,Permanent,HND/BSc,0.0,0.0,0.0,0.0,0.0,0.0,0.0
CUST_004656,LOAN_00004656,103325,120936,365,Bad,GTBank,Kano,4.200715344087792,14.709982677392484,Self-Employed,,0.0,0.0,0.0,0.0,0.0,0.0,0.0
CUST_004657,LOAN_00004657,154835,184783,30,Bad,First Bank,Ibadan,9.48554610204488,9.694246189562346,Temporary,HND/BSc,6.0,365595.0,60932.5,106918.0,11182.0,76885.66666666667,55.0
CUST_004658,LOAN_00004658,63542,85468,30,Bad,Stanbic IBTC,Lagos,7.310490018888608,9.788734936131508,Self-Employed,Secondary,1.0,65094.0,65094.0,65094.0,65094.0,75428.0,60.0
CUST_004659,LOAN_00004659,236059,272795,90,Bad,Fidelity Bank,Lagos,7.740949013504043,6.570162061365334,Self-Employed,Secondary,3.0,110644.0,36881.333333333336,54275.0,23250.0,47758.666666666664,60.0
CUST_004660,LOAN_00004660,101730,136829,365,Bad,Stanbic IBTC,Abuja,11.488366652968985,10.01407243179977,Permanent,Secondary,5.0,194228.0,38845.6,94966.0,16735.0,47015.6,114.0
CUST_004661,LOAN_00004661,124016,155619,90,Good,UBA,Jos,6.788557943749105,8.275707846298157,Contract,Secondary,1.0,6182.0,6182.0,6182.0,6182.0,7604.0,30.0
CUST_004662,LOAN_00004662,32057,39357,90,Good,Fidelity Bank,Kaduna,12.48743929573858,6.626292323136623,Contract,Masters,4.0,236280.0,59070.0,157559.0,14699.0,78953.5,127.5
CUST_004663,LOAN_00004663,164843,202070,30,Bad,Fidelity Bank,Calabar,5.6167044373492665,3.806222358286816,Self-Employed,Secondary,2.0,61108.0,30554.0,50455.0,10653.0,40336.0,45.0
CUST_004664,LOAN_00004664,223087,298447,90,Bad,GTBank,Benin City,9.9645018103136,6.032494316509499,Temporary,,4.0,174502.0,43625.5,77372.0,8113.0,56152.25,67.5
CUST_004665,LOAN_00004665,233942,287818,180,Good,Fidelity Bank,Ibadan,10.048945603123885,5.374255796131973,Permanent,HND/BSc,1.0,17408.0,17408.0,17408.0,17408.0,21274.0,90.0
CUST_004666,LOAN_00004666,74566,97109,180,Bad,Zenith Bank,Abuja,6.269756452851263,9.504503814647387,Permanent,HND/BSc,6.0,224009.0,37334.833333333336,55621.0,14699.0,48035.666666666664,70.0
CUST_004667,LOAN_00004667,638360,814912,90,Good,Access Bank,Kaduna,6.922755480704818,10.220040261163126,Permanent,HND/BSc,2.0,259723.0,129861.5,245365.0,14358.0,166111.5,45.0
CUST_004668,LOAN_00004668,59132,70836,60,Good,Access Bank,Jos,11.513186433219465,10.302860691672198,Self-Employed,HND/BSc,2.0,87781.0,43890.5,56324.0,31457.0,56402.0,60.0
CUST_004669,LOAN_00004669,29279,37734,365,Good,Access Bank,Kaduna,10.85624729459457,7.65817201254815,Permanent,HND/BSc,0.0,0.0,0.0,0.0,0.0,0.0,0.0
CUST_004670,LOAN_00004670,146886,184993,60,Bad,Zenith Bank,Kaduna,6.961862922832836,8.054756804225953,Contract,HND/BSc,1.0,11865.0,11865.0,11865.0,11865.0,14348.0,30.0
CUST_004671,LOAN_00004671,66387,85278,365,Good,Stanbic IBTC,Ibadan,8.805608922414404,13.01086115568768,Permanent,Secondary,4.0,102965.0,25741.25,45541.0,7332.0,31653.0,52.5
CUST_004672,LOAN_00004672,26069,32760,365,Good,GTBank,Abuja,4.5551226662778594,8.714793762205948,Contract,PhD,1.0,38406.0,38406.0,38406.0,38406.0,51901.0,180.0
CUST_004673,LOAN_00004673,93933,124633,90,Good,Fidelity Bank,Enugu,5.878712941587663,14.853279985645468,Permanent,Secondary,5.0,183164.0,36632.8,62424.0,13599.0,46652.2,120.0
CUST_004674,LOAN_00004674,50655,65608,90,Good,Zenith Bank,Kano,8.372385029743592,8.275406760106378,Self-Employed,HND/BSc,3.0,168689.0,56229.666666666664,118737.0,19933.0,73296.33333333333,100.0
CUST_004675,LOAN_00004675,89072,111269,30,Good,Access Bank,Calabar,4.773763617512905,10.794971335414068,Contract,HND/BSc,1.0,39176.0,39176.0,39176.0,39176.0,48418.0,60.0
CUST_004676,LOAN_00004676,138892,187192,60,Bad,UBA,Abuja,11.589991194027435,3.6043559879207496,Temporary,Secondary,7.0,855982.0,122283.14285714286,450130.0,28830.0,147949.57142857142,111.42857142857143
CUST_004677,LOAN_00004677,499378,653198,60,Bad,First Bank,Benin City,10.46205589096883,10.84007909302573,Contract,Secondary,1.0,58039.0,58039.0,58039.0,58039.0,78702.0,180.0
CUST_004678,LOAN_00004678,35156,47034,60,Good,Fidelity Bank,Kaduna,12.492703035836453,13.217116732980074,Permanent,Secondary,1.0,26828.0,26828.0,26828.0,26828.0,34909.0,30.0
CUST_004679,LOAN_00004679,86276,107528,365,Bad,Zenith Bank,Enugu,10.241202153676245,14.309494062399557,Permanent,HND/BSc,6.0,343536.0,57256.0,118074.0,9047.0,76890.33333333333,125.0
CUST_004680,LOAN_00004680,122020,159220,90,Bad,Union Bank,Ibadan,12.46361235035967,14.967847339677244,Temporary,HND/BSc,0.0,0.0,0.0,0.0,0.0,0.0,0.0
CUST_004681,LOAN_00004681,75406,94691,90,Good,Zenith Bank,Port Harcourt,8.990613001218685,6.386143747790797,Self-Employed,Masters,8.0,299122.0,37390.25,70066.0,8948.0,48310.375,67.5
CUST_004682,LOAN_00004682,154564,195073,60,Good,GTBank,Calabar,9.401967499557724,9.904440777908604,Permanent,Masters,2.0,121332.0,60666.0,113138.0,8194.0,79419.0,60.0
CUST_004683,LOAN_00004683,79567,106627,90,Bad,GTBank,Calabar,12.792739491636349,8.408615826385768,Self-Employed,Secondary,0.0,0.0,0.0,0.0,0.0,0.0,0.0
CUST_004684,LOAN_00004684,152778,190147,365,Good,Zenith Bank,Kano,9.779162321778344,9.765809766902052,Contract,HND/BSc,4.0,166348.0,41587.0,94378.0,5378.0,50505.5,67.5
CUST_004685,LOAN_00004685,17702,21151,365,Good,Access Bank,Port Harcourt,4.27707911974672,4.88943548627816,Permanent,Masters,0.0,0.0,0.0,0.0,0.0,0.0,0.0
CUST_004686,LOAN_00004686,77609,97973,30,Good,First Bank,Jos,10.514224989674709,13.273794871151296,Permanent,HND/BSc,1.0,57747.0,57747.0,57747.0,57747.0,75398.0,90.0
CUST_004687,LOAN_00004687,68081,84664,365,Bad,Fidelity Bank,Port Harcourt,12.14921822923674,13.914827320135052,Self-Employed,HND/BSc,2.0,67048.0,33524.0,54314.0,12734.0,45882.5,180.0
CUST_004688,LOAN_00004688,18920,23836,60,Good,GTBank,Kaduna,11.16022224814894,8.39593995735507,Permanent,Masters,3.0,266461.0,88820.33333333333,205378.0,19098.0,113779.66666666667,50.0
CUST_004689,LOAN_00004689,318288,427665,60,Good,Fidelity Bank,Kaduna,9.254499453628805,6.365158338882923,Permanent,Secondary,2.0,125260.0,62630.0,66409.0,58851.0,85161.5,75.0
CUST_004690,LOAN_00004690,206612,261334,365,Good,Access Bank,Kaduna,10.041731617841648,4.690001131836148,Permanent,Masters,5.0,134663.0,26932.6,54096.0,11928.0,36168.4,78.0
CUST_004691,LOAN_00004691,52584,67031,90,Good,Fidelity Bank,Kaduna,12.911726103265046,11.205177897333654,Permanent,Secondary,5.0,261260.0,52252.0,90867.0,15096.0,65684.6,90.0
CUST_004692,LOAN_00004692,17358,21271,60,Good,UBA,Abuja,4.815958796584045,6.746782075448822,Contract,HND/BSc,3.0,127949.0,42649.666666666664,76504.0,16755.0,54982.0,150.0
CUST_004693,LOAN_00004693,108817,133095,60,Bad,GTBank,Calabar,10.005203457699157,13.914462838960665,Permanent,Secondary,1.0,64992.0,64992.0,64992.0,64992.0,89613.0,30.0
CUST_004694,LOAN_00004694,113692,132888,60,Good,Access Bank,Port Harcourt,6.550579251135344,11.05214969813844,Permanent,Masters,3.0,88135.0,29378.333333333332,39011.0,21824.0,40032.666666666664,120.0
CUST_004695,LOAN_00004695,53038,70627,90,Good,Access Bank,Calabar,9.76081356927553,10.748223902090889,Temporary,HND/BSc,6.0,191999.0,31999.833333333332,102881.0,8175.0,38927.666666666664,75.0
CUST_004696,LOAN_00004696,69130,85596,180,Good,First Bank,Benin City,9.46861218295545,9.71282539077889,Permanent,HND/BSc,4.0,100549.0,25137.25,38997.0,5850.0,29884.0,60.0
CUST_004697,LOAN_00004697,30595,37591,90,Good,First Bank,Port Harcourt,5.381111488973459,3.5493160731447078,Permanent,Masters,2.0,201169.0,100584.5,129231.0,71938.0,122951.0,30.0
CUST_004698,LOAN_00004698,96617,119372,60,Good,UBA,Abuja,5.860719811662152,14.183069228227044,Contract,Masters,6.0,500736.0,83456.0,176789.0,28454.0,107684.33333333333,85.0
CUST_004699,LOAN_00004699,71089,92627,60,Good,Access Bank,Benin City,9.594666202388922,10.53524991959352,Contract,Masters,5.0,176194.0,35238.8,45698.0,17025.0,44716.8,108.0
CUST_004700,LOAN_00004700,185427,236453,365,Bad,Stanbic IBTC,Calabar,5.154069525733967,14.928743800597324,Self-Employed,Secondary,3.0,39143.0,13047.666666666666,20615.0,7698.0,16990.0,50.0
CUST_004701,LOAN_00004701,109433,128290,60,Good,Access Bank,Benin City,6.386627876172906,9.448276857274644,Permanent,Masters,7.0,582098.0,83156.85714285714,411164.0,7241.0,102086.14285714286,94.28571428571429
CUST_004702,LOAN_00004702,55694,71717,90,Good,First Bank,Kano,11.51720992964202,11.521330702874558,Self-Employed,HND/BSc,3.0,64702.0,21567.333333333332,41165.0,9808.0,25650.333333333332,130.0
CUST_004703,LOAN_00004703,63471,75232,60,Bad,Stanbic IBTC,Benin City,6.943823554014747,3.674514694394666,Self-Employed,HND/BSc,5.0,209498.0,41899.6,78288.0,12480.0,51212.0,84.0
CUST_004704,LOAN_00004704,59042,78184,30,Good,GTBank,Port Harcourt,8.392541406426966,10.58083412188093,Self-Employed,PhD,4.0,100127.0,25031.75,29339.0,12976.0,31386.5,75.0
CUST_004705,LOAN_00004705,78457,90637,60,Good,GTBank,Kaduna,12.470263016312565,12.175795339084289,Permanent,Secondary,3.0,143849.0,47949.666666666664,97313.0,22482.0,58447.0,50.0
CUST_004706,LOAN_00004706,48565,65083,90,Good,Fidelity Bank,Kaduna,6.044341799532517,12.342171538230687,Permanent,Secondary,0.0,0.0,0.0,0.0,0.0,0.0,0.0
CUST_004707,LOAN_00004707,117605,138428,30,Good,Zenith Bank,Jos,7.506634156222093,12.241339826763426,Contract,HND/BSc,2.0,66408.0,33204.0,49518.0,16890.0,43809.0,120.0
CUST_004708,LOAN_00004708,84880,102301,365,Bad,First Bank,Calabar,9.458119979891912,5.715391527524012,Self-Employed,Masters,5.0,315680.0,63136.0,122322.0,17240.0,85049.4,60.0
CUST_004709,LOAN_00004709,62174,81992,180,Good,Zenith Bank,Kano,10.798050365535753,14.704781731262711,Contract,HND/BSc,3.0,162390.0,54130.0,113650.0,13704.0,69483.0,140.0
CUST_004710,LOAN_00004710,50710,61580,90,Good,Stanbic IBTC,Port Harcourt,12.114880480414346,14.942185447499265,Permanent,HND/BSc,6.0,326700.0,54450.0,136757.0,10808.0,69329.66666666667,85.0
CUST_004711,LOAN_00004711,43352,53337,30,Good,First Bank,Port Harcourt,12.239256888161636,3.907150501939215,Permanent,HND/BSc,2.0,82689.0,41344.5,43518.0,39171.0,51546.0,180.0
CUST_004712,LOAN_00004712,23538,28158,30,Bad,UBA,Ibadan,10.989760669353608,14.237357073741087,Self-Employed,HND/BSc,3.0,160485.0,53495.0,75259.0,42597.0,67890.66666666667,70.0
CUST_004713,LOAN_00004713,61654,71296,30,Bad,Access Bank,Lagos,6.054977529339794,6.473390331652432,Self-Employed,Masters,4.0,113731.0,28432.75,54037.0,6076.0,35281.25,120.0
CUST_004714,LOAN_00004714,89885,114716,30,Bad,UBA,Calabar,4.2232839703830924,11.271408981011575,Permanent,Secondary,3.0,166506.0,55502.0,90267.0,29893.0,68310.66666666667,180.0
CUST_004715,LOAN_00004715,21655,28511,60,Good,Stanbic IBTC,Port Harcourt,7.453965373200614,7.057331048833586,Permanent,HND/BSc,1.0,90443.0,90443.0,90443.0,90443.0,116921.0,30.0
CUST_004716,LOAN_00004716,32316,43408,60,Good,First Bank,Enugu,5.27393965889041,14.61305188047746,Contract,Masters,3.0,142673.0,47557.666666666664,57277.0,34621.0,56787.333333333336,80.0
CUST_004717,LOAN_00004717,28337,32624,60,Good,Union Bank,Port Harcourt,10.393488826944685,4.218046299642426,Contract,HND/BSc,0.0,0.0,0.0,0.0,0.0,0.0,0.0
CUST_004718,LOAN_00004718,43891,55141,60,Good,Stanbic IBTC,Ibadan,9.950175281431452,8.972961803476512,Self-Employed,HND/BSc,1.0,22081.0,22081.0,22081.0,22081.0,30634.0,60.0
CUST_004719,LOAN_00004719,49737,58977,180,Bad,Union Bank,Benin City,4.395744774593093,8.136573503304895,Self-Employed,Secondary,0.0,0.0,0.0,0.0,0.0,0.0,0.0
CUST_004720,LOAN_00004720,121779,152887,90,Good,Access Bank,Abuja,11.52934401217856,6.912281427335818,Contract,Masters,5.0,128399.0,25679.8,63732.0,5000.0,32386.8,72.0
CUST_004721,LOAN_00004721,39311,52610,90,Good,GTBank,Abuja,6.23868939662064,10.746407890561784,Permanent,HND/BSc,4.0,159662.0,39915.5,56970.0,25930.0,51914.75,67.5
CUST_004722,LOAN_00004722,31857,39374,365,Bad,GTBank,Enugu,7.89004367941938,4.57266892106001,Self-Employed,HND/BSc,5.0,256626.0,51325.2,144772.0,11169.0,65533.2,120.0
CUST_004723,LOAN_00004723,12918,16603,60,Good,Stanbic IBTC,Enugu,10.011403619101682,11.599949017604365,Temporary,HND/BSc,0.0,0.0,0.0,0.0,0.0,0.0,0.0
CUST_004724,LOAN_00004724,64149,80816,60,Bad,Zenith Bank,Jos,7.86476908167028,14.767105485657448,Temporary,HND/BSc,2.0,130247.0,65123.5,121396.0,8851.0,87099.0,45.0
CUST_004725,LOAN_00004725,118406,143866,30,Good,First Bank,Abuja,7.97159022519949,12.654704573623562,Self-Employed,Masters,7.0,186162.0,26594.571428571428,60916.0,5000.0,33459.42857142857,55.714285714285715
CUST_004726,LOAN_00004726,106662,143222,90,Good,First Bank,Benin City,4.590651958021663,13.320201034914543,Permanent,Masters,4.0,161736.0,40434.0,51183.0,22200.0,50698.0,82.5
CUST_004727,LOAN_00004727,119349,140785,90,Bad,GTBank,Abuja,7.612991943340035,7.315640918148031,Self-Employed,HND/BSc,10.0,941165.0,94116.5,362151.0,12987.0,120413.5,78.0
CUST_004728,LOAN_00004728,64108,80986,365,Bad,Fidelity Bank,Lagos,10.883631038979852,6.898639277774624,Self-Employed,HND/BSc,1.0,38242.0,38242.0,38242.0,38242.0,45490.0,90.0
CUST_004729,LOAN_00004729,66826,85747,90,Bad,UBA,Calabar,12.23658703467938,9.2045802562816,Self-Employed,Masters,2.0,85028.0,42514.0,50046.0,34982.0,51212.5,105.0
CUST_004730,LOAN_00004730,61629,77222,90,Good,Fidelity Bank,Abuja,7.721474233570346,3.5487193771472723,Permanent,Secondary,5.0,276990.0,55398.0,105515.0,28863.0,70952.0,48.0
CUST_004731,LOAN_00004731,11002,14284,60,Bad,Access Bank,Kaduna,7.81227244191171,14.34429761347839,Temporary,Secondary,6.0,162583.0,27097.166666666668,61018.0,8715.0,33842.0,80.0
CUST_004732,LOAN_00004732,44916,58646,90,Good,UBA,Jos,10.323643956912868,4.725422076194306,Contract,Masters,8.0,379661.0,47457.625,77405.0,9582.0,61987.75,120.0
CUST_004733,LOAN_00004733,193721,256335,90,Good,UBA,Ibadan,12.48494800994749,13.836156470017109,Permanent,HND/BSc,5.0,171041.0,34208.2,69127.0,13937.0,41876.6,66.0
CUST_004734,LOAN_00004734,430941,520554,60,Good,Stanbic IBTC,Enugu,6.403548462154242,4.002986664004268,Permanent,HND/BSc,7.0,304582.0,43511.71428571428,124974.0,7529.0,57132.57142857143,64.28571428571429
CUST_004735,LOAN_00004735,95128,122571,30,Bad,GTBank,Lagos,7.961297858841432,12.871499132142722,Contract,Secondary,3.0,114818.0,38272.666666666664,44830.0,30636.0,45818.0,70.0
CUST_004736,LOAN_00004736,13225,15756,90,Good,Fidelity Bank,Enugu,11.16375919197071,4.8235503105385815,Contract,Masters,0.0,0.0,0.0,0.0,0.0,0.0,0.0
CUST_004737,LOAN_00004737,53092,70322,60,Good,Fidelity Bank,Jos,9.487242124366349,3.4575793690976724,Permanent,HND/BSc,8.0,287735.0,35966.875,69151.0,5000.0,46492.875,71.25
CUST_004738,LOAN_00004738,136029,160389,90,Good,GTBank,Port Harcourt,4.9952770956755925,11.633873403112904,Self-Employed,Masters,1.0,9901.0,9901.0,9901.0,9901.0,12701.0,180.0
CUST_004739,LOAN_00004739,509550,644647,180,Bad,Fidelity Bank,Lagos,9.649594620060393,6.363183602093139,Self-Employed,,1.0,61032.0,61032.0,61032.0,61032.0,78498.0,180.0
CUST_004740,LOAN_00004740,94009,113892,180,Bad,Union Bank,Kano,5.680716561375942,11.573953833412194,Self-Employed,,1.0,38085.0,38085.0,38085.0,38085.0,46641.0,90.0
CUST_004741,LOAN_00004741,42993,54340,180,Good,GTBank,Lagos,8.591943406705639,9.661023005673837,Permanent,Masters,3.0,169596.0,56532.0,76950.0,23604.0,68410.66666666667,180.0
CUST_004742,LOAN_00004742,10452,13379,60,Good,Stanbic IBTC,Jos,8.761929408943946,4.3056886827607865,Self-Employed,Secondary,10.0,466709.0,46670.9,122699.0,15146.0,61023.3,72.0
CUST_004743,LOAN_00004743,34484,43832,90,Good,Zenith Bank,Ibadan,11.885830260024864,14.185560879613965,Permanent,Masters,2.0,40431.0,20215.5,25258.0,15173.0,24653.5,75.0
CUST_004744,LOAN_00004744,110829,139309,60,Good,UBA,Lagos,8.162448466111943,8.42777009716173,Permanent,Secondary,7.0,779844.0,111406.28571428571,445289.0,5231.0,140130.42857142858,111.42857142857143
CUST_004745,LOAN_00004745,207599,250034,365,Good,Stanbic IBTC,Jos,6.514981800123048,11.813367333584257,Permanent,Masters,2.0,94287.0,47143.5,70171.0,24116.0,59741.0,120.0
CUST_004746,LOAN_00004746,22604,27688,30,Bad,First Bank,Benin City,6.078697133944284,9.0122468641875,Self-Employed,Secondary,5.0,227676.0,45535.2,80128.0,15883.0,60449.8,78.0
CUST_004747,LOAN_00004747,202483,259508,60,Good,Access Bank,Calabar,11.868266890159024,10.252337699534458,Permanent,HND/BSc,0.0,0.0,0.0,0.0,0.0,0.0,0.0
CUST_004748,LOAN_00004748,19575,23232,365,Good,Zenith Bank,Abuja,5.539097689764056,6.63328310828031,Permanent,Secondary,1.0,41346.0,41346.0,41346.0,41346.0,57657.0,90.0
CUST_004749,LOAN_00004749,19301,24098,180,Good,First Bank,Benin City,7.832817047948294,5.404323648041403,Permanent,Masters,1.0,56297.0,56297.0,56297.0,56297.0,72859.0,30.0
CUST_004750,LOAN_00004750,135431,170844,60,Good,UBA,Jos,5.684558034342523,9.510842440896814,Contract,Secondary,2.0,36289.0,18144.5,21365.0,14924.0,23045.5,75.0
CUST_004751,LOAN_00004751,42921,49868,90,Bad,Fidelity Bank,Kaduna,10.959736361029378,8.282627675652023,Temporary,HND/BSc,0.0,0.0,0.0,0.0,0.0,0.0,0.0
CUST_004752,LOAN_00004752,69574,81954,60,Bad,GTBank,Port Harcourt,8.26935375977157,7.681358561207197,Temporary,Masters,3.0,190196.0,63398.666666666664,135782.0,13338.0,77904.0,140.0
CUST_004753,LOAN_00004753,282792,337274,30,Good,UBA,Abuja,7.1602932150113086,11.070806341135476,Permanent,HND/BSc,2.0,290390.0,145195.0,282448.0,7942.0,182348.0,180.0
CUST_004754,LOAN_00004754,117560,148892,60,Good,Stanbic IBTC,Kaduna,7.249896765638201,11.286079584133631,Permanent,Secondary,9.0,393376.0,43708.444444444445,117410.0,14146.0,57707.77777777778,113.33333333333333
CUST_004755,LOAN_00004755,147095,179872,365,Good,Access Bank,Ibadan,11.669927860506814,3.5510406730951565,Permanent,HND/BSc,3.0,71244.0,23748.0,49858.0,6829.0,30886.0,130.0
CUST_004756,LOAN_00004756,128272,171573,30,Bad,Stanbic IBTC,Enugu,8.983965588649943,7.064933930924066,Self-Employed,Secondary,4.0,428579.0,107144.75,222618.0,50186.0,135428.0,52.5
CUST_004757,LOAN_00004757,52684,70565,90,Good,Zenith Bank,Kano,10.460810660181371,7.941174602716528,Permanent,HND/BSc,1.0,15611.0,15611.0,15611.0,15611.0,18965.0,30.0
CUST_004758,LOAN_00004758,14336,17286,30,Good,Zenith Bank,Abuja,12.07334664625616,4.162705933970017,Permanent,,4.0,120746.0,30186.5,41521.0,20293.0,38075.75,75.0
CUST_004759,LOAN_00004759,80290,106845,90,Good,Access Bank,Benin City,12.115675084365778,5.830810400379461,Contract,HND/BSc,5.0,172097.0,34419.4,52312.0,17229.0,44376.0,72.0
CUST_004760,LOAN_00004760,138762,166501,180,Bad,Union Bank,Port Harcourt,6.956581489040769,3.61970156667308,Permanent,Secondary,2.0,22869.0,11434.5,16595.0,6274.0,15219.0,60.0
CUST_004761,LOAN_00004761,30459,35235,90,Good,First Bank,Kaduna,12.572061368317469,14.954905183404248,Permanent,HND/BSc,2.0,74719.0,37359.5,50425.0,24294.0,46760.5,120.0
CUST_004762,LOAN_00004762,86968,114361,60,Bad,First Bank,Jos,4.223882938131449,11.838686435638134,Permanent,,5.0,294523.0,58904.6,127680.0,16532.0,74732.0,66.0
CUST_004763,LOAN_00004763,197838,229026,30,Good,Zenith Bank,Abuja,7.391520049145491,4.049401878033044,Permanent,Secondary,1.0,52355.0,52355.0,52355.0,52355.0,67821.0,180.0
CUST_004764,LOAN_00004764,44427,54704,60,Good,Zenith Bank,Enugu,12.062189717579574,3.2429925574811054,Contract,HND/BSc,2.0,60670.0,30335.0,44378.0,16292.0,39937.0,45.0
CUST_004765,LOAN_00004765,10000,13040,60,Bad,Fidelity Bank,Jos,6.471731918352846,11.631453601827364,Temporary,HND/BSc,1.0,6977.0,6977.0,6977.0,6977.0,8076.0,60.0
CUST_004766,LOAN_00004766,24331,28403,90,Good,GTBank,Kaduna,6.457733052891865,8.270305988192003,Permanent,Masters,5.0,284400.0,56880.0,80846.0,27181.0,71327.4,102.0
CUST_004767,LOAN_00004767,25716,30217,60,Good,Fidelity Bank,Port Harcourt,6.723600565736998,12.441560508774913,Permanent,Masters,2.0,69021.0,34510.5,49543.0,19478.0,41426.0,180.0
CUST_004768,LOAN_00004768,21263,24701,90,Good,Fidelity Bank,Lagos,9.5108204636223,14.081712453820604,Temporary,HND/BSc,7.0,297659.0,42522.71428571428,117943.0,18878.0,54554.28571428572,98.57142857142857
CUST_004769,LOAN_00004769,13361,17195,90,Good,Union Bank,Enugu,7.944994980529184,10.19160466819647,Self-Employed,HND/BSc,1.0,42349.0,42349.0,42349.0,42349.0,51621.0,30.0
CUST_004770,LOAN_00004770,139185,161447,90,Good,First Bank,Jos,10.540613527180083,5.245301075007037,Permanent,HND/BSc,2.0,37319.0,18659.5,18715.0,18604.0,24234.0,60.0
CUST_004771,LOAN_00004771,128964,169292,365,Bad,Union Bank,Enugu,12.054195783081992,12.38632843255743,Self-Employed,Secondary,1.0,58613.0,58613.0,58613.0,58613.0,78614.0,180.0
CUST_004772,LOAN_00004772,16462,21245,365,Good,Union Bank,Ibadan,10.067794374485748,14.469740918092494,Permanent,Secondary,4.0,180156.0,45039.0,71600.0,15584.0,59258.25,90.0
CUST_004773,LOAN_00004773,145028,172523,60,Good,Access Bank,Jos,5.840200481778179,9.962775444719473,Self-Employed,HND/BSc,3.0,194409.0,64803.0,109114.0,27173.0,83252.33333333333,60.0
CUST_004774,LOAN_00004774,46780,54117,90,Bad,First Bank,Abuja,12.39413712124452,11.183969367368803,Temporary,Secondary,4.0,213416.0,53354.0,120318.0,5000.0,73738.75,67.5
CUST_004775,LOAN_00004775,106239,134604,365,Bad,GTBank,Lagos,6.380435860127307,7.049696340440077,Contract,Masters,0.0,0.0,0.0,0.0,0.0,0.0,0.0
CUST_004776,LOAN_00004776,50118,64823,180,Bad,Stanbic IBTC,Lagos,5.349048657953423,7.578332335923735,Contract,Secondary,1.0,13645.0,13645.0,13645.0,13645.0,16317.0,30.0
CUST_004777,LOAN_00004777,127660,167414,90,Good,Zenith Bank,Kano,4.809705509748648,11.815853974236768,Permanent,Secondary,3.0,100259.0,33419.666666666664,45075.0,25082.0,41889.333333333336,130.0
CUST_004778,LOAN_00004778,91996,107539,60,Good,Zenith Bank,Enugu,9.07045366599549,14.13325318088183,Contract,HND/BSc,1.0,5000.0,5000.0,5000.0,5000.0,6165.0,30.0
CUST_004779,LOAN_00004779,33164,40114,90,Good,GTBank,Benin City,5.023862162325866,10.547860646692229,Contract,Secondary,2.0,135203.0,67601.5,102257.0,32946.0,85526.0,90.0
CUST_004780,LOAN_00004780,13475,18156,60,Good,Union Bank,Lagos,5.248982957013677,12.47817490182417,Self-Employed,HND/BSc,2.0,230251.0,115125.5,135741.0,94510.0,147890.0,60.0
CUST_004781,LOAN_00004781,16786,22437,90,Good,Fidelity Bank,Lagos,6.700274325359469,5.059620208984477,Permanent,HND/BSc,1.0,30643.0,30643.0,30643.0,30643.0,36942.0,30.0
CUST_004782,LOAN_00004782,122465,151729,90,Good,Access Bank,Ibadan,6.534877087160174,5.543509083095683,Contract,Masters,1.0,29451.0,29451.0,29451.0,29451.0,36714.0,60.0
CUST_004783,LOAN_00004783,19087,23588,30,Good,Union Bank,Calabar,9.43815559298928,9.38441624200068,Contract,,0.0,0.0,0.0,0.0,0.0,0.0,0.0
CUST_004784,LOAN_00004784,48770,61550,60,Good,Zenith Bank,Ibadan,11.350707515254133,5.118650306914086,Permanent,Masters,1.0,13797.0,13797.0,13797.0,13797.0,18363.0,90.0
CUST_004785,LOAN_00004785,56886,66251,60,Good,UBA,Ibadan,10.852146905826032,10.619940842651085,Permanent,Secondary,2.0,113914.0,56957.0,103759.0,10155.0,78188.0,135.0
CUST_004786,LOAN_00004786,135636,164636,180,Bad,Fidelity Bank,Calabar,6.362360092448291,6.499838224736388,Permanent,PhD,2.0,71038.0,35519.0,43531.0,27507.0,43548.0,120.0
CUST_004787,LOAN_00004787,46525,58219,30,Good,Zenith Bank,Enugu,6.207794481873819,12.498391424002705,Self-Employed,HND/BSc,7.0,325702.0,46528.857142857145,99745.0,6752.0,57759.71428571428,47.142857142857146
CUST_004788,LOAN_00004788,28964,35490,30,Good,UBA,Jos,12.69212377096271,12.69732415937212,Contract,HND/BSc,2.0,113320.0,56660.0,63292.0,50028.0,70708.0,105.0
CUST_004789,LOAN_00004789,28365,33271,60,Good,Union Bank,Port Harcourt,4.074126174327641,8.565449469064237,Self-Employed,HND/BSc,3.0,209790.0,69930.0,109432.0,39414.0,85247.33333333333,50.0
CUST_004790,LOAN_00004790,114226,153760,60,Bad,GTBank,Benin City,11.917484797541942,5.169727620451623,Permanent,Secondary,1.0,44199.0,44199.0,44199.0,44199.0,60297.0,90.0
CUST_004791,LOAN_00004791,39400,51653,60,Good,GTBank,Lagos,5.797556672101645,10.761299532983193,Temporary,Masters,4.0,158319.0,39579.75,101439.0,11017.0,51340.75,75.0
CUST_004792,LOAN_00004792,38603,50367,60,Good,Fidelity Bank,Kano,12.52555890780791,14.913444219163036,Self-Employed,HND/BSc,7.0,366452.0,52350.28571428572,87791.0,28182.0,67040.0,94.28571428571429
CUST_004793,LOAN_00004793,123370,162460,90,Good,Zenith Bank,Benin City,7.080765563447677,10.47109077531028,Permanent,HND/BSc,1.0,35029.0,35029.0,35029.0,35029.0,45368.0,180.0
CUST_004794,LOAN_00004794,372358,455080,365,Bad,First Bank,Jos,7.963165965039271,3.429296288568094,Permanent,Secondary,0.0,0.0,0.0,0.0,0.0,0.0,0.0
CUST_004795,LOAN_00004795,41021,53245,180,Good,UBA,Calabar,10.36408552549943,3.207527709204991,Permanent,Masters,2.0,70214.0,35107.0,56562.0,13652.0,44334.5,135.0
CUST_004796,LOAN_00004796,38219,49331,365,Bad,Access Bank,Benin City,9.289021463259342,6.844343645907674,Temporary,Masters,2.0,34216.0,17108.0,24693.0,9523.0,20598.5,60.0
CUST_004797,LOAN_00004797,47008,57451,60,Good,Zenith Bank,Lagos,6.861453967361405,5.349405682324859,Permanent,Secondary,2.0,29573.0,14786.5,16924.0,12649.0,18926.0,75.0
CUST_004798,LOAN_00004798,79296,104966,365,Bad,Access Bank,Benin City,8.984478242810411,12.756614485719698,Permanent,HND/BSc,2.0,31703.0,15851.5,21495.0,10208.0,19289.5,60.0
CUST_004799,LOAN_00004799,19262,23674,60,Good,Zenith Bank,Port Harcourt,10.576361959265975,13.137668004432005,Permanent,Masters,4.0,472111.0,118027.75,182874.0,30958.0,159202.5,112.5
CUST_004800,LOAN_00004800,127560,170951,90,Bad,First Bank,Calabar,4.3810145131224285,6.103425255725714,Self-Employed,HND/BSc,1.0,8877.0,8877.0,8877.0,8877.0,11869.0,60.0
CUST_004801,LOAN_00004801,21588,26458,60,Good,First Bank,Benin City,4.100793747301337,6.907737323398712,Permanent,HND/BSc,1.0,53459.0,53459.0,53459.0,53459.0,63909.0,30.0
CUST_004802,LOAN_00004802,188830,234866,90,Good,Fidelity Bank,Lagos,8.122602451656022,5.834963612581376,Permanent,HND/BSc,5.0,348747.0,69749.4,109052.0,44327.0,88480.8,78.0
CUST_004803,LOAN_00004803,60265,73656,60,Good,Fidelity Bank,Lagos,5.186529560231628,13.900590568455168,Contract,Secondary,5.0,169935.0,33987.0,72069.0,13390.0,45169.4,78.0
CUST_004804,LOAN_00004804,93473,107551,90,Good,First Bank,Benin City,9.97909862318243,9.031792015467389,Contract,HND/BSc,5.0,220570.0,44114.0,115797.0,8321.0,56397.4,150.0
CUST_004805,LOAN_00004805,296538,367321,60,Good,Stanbic IBTC,Enugu,5.926472106046908,10.873644528984238,Contract,HND/BSc,2.0,69240.0,34620.0,45732.0,23508.0,43012.0,60.0
CUST_004806,LOAN_00004806,32832,39021,365,Good,First Bank,Kano,7.895659961161039,7.985785040395239,Contract,HND/BSc,3.0,129965.0,43321.666666666664,56191.0,26095.0,56023.0,40.0
CUST_004807,LOAN_00004807,53487,70437,60,Good,GTBank,Kaduna,5.77903843186842,10.572170322054374,Self-Employed,Masters,3.0,251416.0,83805.33333333333,158427.0,17451.0,104243.0,60.0
CUST_004808,LOAN_00004808,23708,29303,60,Good,GTBank,Ibadan,8.93635227174212,7.630264520660833,Self-Employed,Secondary,4.0,174317.0,43579.25,113832.0,15557.0,57162.75,82.5
CUST_004809,LOAN_00004809,36284,48698,365,Bad,Stanbic IBTC,Calabar,5.044481134461121,7.0761412527507055,Self-Employed,Secondary,3.0,139594.0,46531.333333333336,97566.0,18169.0,55769.666666666664,90.0
CUST_004810,LOAN_00004810,23319,26962,90,Good,Union Bank,Kaduna,4.207961675087322,10.613760878081765,Permanent,Secondary,1.0,34911.0,34911.0,34911.0,34911.0,40483.0,30.0
CUST_004811,LOAN_00004811,96537,115490,90,Bad,UBA,Jos,4.460184742960275,10.09274493658787,Self-Employed,Secondary,2.0,99715.0,49857.5,84016.0,15699.0,65790.5,60.0
CUST_004812,LOAN_00004812,31418,37907,30,Good,Union Bank,Jos,12.58832597363779,6.522335450015396,Permanent,Secondary,4.0,152329.0,38082.25,95380.0,14614.0,46943.0,105.0
CUST_004813,LOAN_00004813,26669,35362,365,Good,Access Bank,Lagos,5.280575967498423,4.7921814038336805,Permanent,,2.0,42140.0,21070.0,27648.0,14492.0,26886.5,180.0
CUST_004814,LOAN_00004814,29749,34823,60,Good,Union Bank,Jos,10.376304278231515,7.4229203260576515,Temporary,Secondary,9.0,599316.0,66590.66666666667,137180.0,15591.0,89128.77777777778,73.33333333333333
CUST_004815,LOAN_00004815,21633,28893,30,Good,Zenith Bank,Enugu,4.611335838005436,7.982371669702911,Self-Employed,HND/BSc,3.0,101527.0,33842.333333333336,74237.0,5000.0,43016.0,140.0
CUST_004816,LOAN_00004816,80236,98162,365,Bad,Union Bank,Kano,4.97344317011664,10.544212001095255,Contract,Secondary,5.0,285920.0,57184.0,127030.0,11623.0,69289.8,66.0
CUST_004817,LOAN_00004817,112037,138630,60,Good,Zenith Bank,Jos,8.579886262684013,13.974345163642363,Self-Employed,HND/BSc,1.0,281050.0,281050.0,281050.0,281050.0,382790.0,180.0
CUST_004818,LOAN_00004818,137754,167720,60,Bad,Stanbic IBTC,Port Harcourt,8.183838371389093,3.4342175703951017,Temporary,,2.0,35095.0,17547.5,20568.0,14527.0,24198.5,90.0
CUST_004819,LOAN_00004819,13733,18492,30,Good,GTBank,Kano,12.564222784958826,5.923932150502139,Contract,Secondary,4.0,506055.0,126513.75,236379.0,50029.0,170836.0,127.5
CUST_004820,LOAN_00004820,92910,118458,180,Good,Fidelity Bank,Enugu,12.503519077186636,5.324591307354725,Contract,Masters,1.0,76128.0,76128.0,76128.0,76128.0,99591.0,90.0
CUST_004821,LOAN_00004821,104990,133742,365,Bad,Zenith Bank,Kaduna,11.016477782882186,9.027532904325405,Self-Employed,,3.0,141262.0,47087.333333333336,92296.0,17582.0,63956.666666666664,180.0
CUST_004822,LOAN_00004822,102288,125360,30,Good,GTBank,Kano,9.418916471146147,8.156409684517918,Permanent,HND/BSc,7.0,233758.0,33394.0,70045.0,5560.0,43040.57142857143,72.85714285714286
CUST_004823,LOAN_00004823,58235,74067,60,Good,UBA,Kano,8.0946428565371,11.748451485842262,Permanent,HND/BSc,9.0,340245.0,37805.0,73962.0,5000.0,48804.77777777778,110.0
CUST_004824,LOAN_00004824,232588,289441,60,Good,Access Bank,Kaduna,7.205606808955789,5.9089909505383655,Self-Employed,HND/BSc,1.0,102965.0,102965.0,102965.0,102965.0,133042.0,30.0
CUST_004825,LOAN_00004825,12532,14697,90,Good,UBA,Enugu,12.52378792278,10.133980388997102,Permanent,Masters,0.0,0.0,0.0,0.0,0.0,0.0,0.0
CUST_004826,LOAN_00004826,30716,38777,30,Good,Stanbic IBTC,Jos,9.42617930282217,13.60628716319951,Permanent,Secondary,2.0,68508.0,34254.0,63508.0,5000.0,40046.0,45.0
CUST_004827,LOAN_00004827,76111,94814,90,Good,Union Bank,Lagos,9.21165274917395,13.928132879019657,Permanent,HND/BSc,4.0,363653.0,90913.25,150622.0,12951.0,119075.25,60.0
CUST_004828,LOAN_00004828,25973,30004,180,Good,Union Bank,Calabar,6.0871100959202336,14.505415256700374,Permanent,HND/BSc,1.0,121521.0,121521.0,121521.0,121521.0,152073.0,30.0
CUST_004829,LOAN_00004829,37217,49636,60,Good,First Bank,Kaduna,4.420280360966018,12.279133824959864,Temporary,Secondary,7.0,312367.0,44623.857142857145,145593.0,8703.0,54053.42857142857,102.85714285714286
CUST_004830,LOAN_00004830,162944,196918,365,Bad,First Bank,Kaduna,12.5066972178359,13.87185487510698,Self-Employed,Masters,4.0,109547.0,27386.75,45215.0,10573.0,36148.5,127.5
CUST_004831,LOAN_00004831,33817,41183,60,Good,First Bank,Kaduna,6.823617329601886,5.814370463823291,Contract,HND/BSc,1.0,87043.0,87043.0,87043.0,87043.0,110892.0,30.0
CUST_004832,LOAN_00004832,52730,70327,180,Bad,UBA,Kaduna,7.983301209920128,5.370971332205724,Temporary,HND/BSc,3.0,165296.0,55098.666666666664,64874.0,45592.0,72009.0,60.0
CUST_004833,LOAN_00004833,28424,38009,365,Good,Zenith Bank,Calabar,5.0317594922713615,3.077857005366317,Temporary,HND/BSc,1.0,162696.0,162696.0,162696.0,162696.0,223759.0,180.0
CUST_004834,LOAN_00004834,17401,21853,30,Good,Access Bank,Calabar,11.532318969183628,11.48213228914918,Contract,Secondary,5.0,267558.0,53511.6,195684.0,5759.0,69531.0,90.0
CUST_004835,LOAN_00004835,195037,250758,60,Bad,First Bank,Jos,4.248686495703375,14.249606253764933,Temporary,Secondary,0.0,0.0,0.0,0.0,0.0,0.0,0.0
CUST_004836,LOAN_00004836,103070,134142,60,Bad,Stanbic IBTC,Benin City,11.505916858891869,5.243224140500117,Contract,HND/BSc,0.0,0.0,0.0,0.0,0.0,0.0,0.0
CUST_004837,LOAN_00004837,139270,171802,90,Good,Stanbic IBTC,Benin City,5.262565115091701,10.643322905122544,Permanent,HND/BSc,2.0,123833.0,61916.5,77519.0,46314.0,72186.0,75.0
CUST_004838,LOAN_00004838,68636,78985,30,Good,First Bank,Abuja,11.979077013680367,11.95751711066133,Permanent,Secondary,2.0,41612.0,20806.0,31532.0,10080.0,25242.5,105.0
CUST_004839,LOAN_00004839,42502,54369,180,Bad,Union Bank,Kaduna,10.567953736025416,14.131370821776676,Self-Employed,Secondary,2.0,75659.0,37829.5,53259.0,22400.0,48467.0,105.0
CUST_004840,LOAN_00004840,26933,35062,365,Good,First Bank,Kaduna,5.482032362565746,10.76232268820666,Contract,HND/BSc,1.0,103611.0,103611.0,103611.0,103611.0,141337.0,180.0
CUST_004841,LOAN_00004841,164326,189314,60,Bad,Access Bank,Kano,9.092361935735212,14.643524792985028,Self-Employed,Masters,0.0,0.0,0.0,0.0,0.0,0.0,0.0
CUST_004842,LOAN_00004842,27269,36459,30,Good,First Bank,Benin City,6.813906829196975,7.1360776921505735,Self-Employed,Masters,2.0,137696.0,68848.0,79752.0,57944.0,92693.0,180.0
CUST_004843,LOAN_00004843,21336,25504,90,Good,Access Bank,Jos,5.604097890204251,7.199142405256891,Permanent,Secondary,2.0,35164.0,17582.0,26162.0,9002.0,20664.5,30.0
CUST_004844,LOAN_00004844,150308,187617,90,Good,Stanbic IBTC,Lagos,11.732639794699976,9.516150120172147,Permanent,HND/BSc,4.0,63754.0,15938.5,27005.0,6657.0,18825.25,105.0
CUST_004845,LOAN_00004845,102748,126233,180,Good,First Bank,Abuja,7.631704898565065,7.602022573390885,Contract,Masters,1.0,26404.0,26404.0,26404.0,26404.0,35221.0,180.0
CUST_004846,LOAN_00004846,130403,163143,365,Good,UBA,Abuja,7.586893429288443,3.0171087394503915,Permanent,HND/BSc,2.0,193684.0,96842.0,128824.0,64860.0,115259.0,60.0
CUST_004847,LOAN_00004847,20468,25801,90,Good,Fidelity Bank,Jos,5.52898007325958,11.781264301043848,Contract,PhD,3.0,134103.0,44701.0,56907.0,27200.0,58705.0,100.0
CUST_004848,LOAN_00004848,34549,42644,30,Good,UBA,Lagos,7.447591084772008,12.0206044977418,Contract,PhD,4.0,177750.0,44437.5,71914.0,26661.0,56837.5,142.5
CUST_004849,LOAN_00004849,78172,95255,30,Good,Stanbic IBTC,Kano,11.844551616959652,11.963695256241245,Contract,Secondary,2.0,48895.0,24447.5,43230.0,5665.0,31832.5,45.0
CUST_004850,LOAN_00004850,34500,42500,180,Good,Access Bank,Calabar,7.268158394406723,7.140247999325599,Permanent,Secondary,5.0,341508.0,68301.6,104926.0,41832.0,88484.0,102.0
CUST_004851,LOAN_00004851,21948,26866,365,Good,UBA,Ibadan,12.564432062498092,9.267473679734064,Contract,Secondary,3.0,451379.0,150459.66666666666,304588.0,68631.0,204460.33333333334,130.0
CUST_004852,LOAN_00004852,130277,154892,90,Bad,Access Bank,Benin City,12.516780092875488,7.319682218120033,Self-Employed,Secondary,0.0,0.0,0.0,0.0,0.0,0.0,0.0
CUST_004853,LOAN_00004853,69927,85270,180,Bad,UBA,Kaduna,5.304087933766114,3.192436800367749,Temporary,PhD,2.0,180915.0,90457.5,140040.0,40875.0,118837.5,60.0
CUST_004854,LOAN_00004854,87457,108939,180,Bad,UBA,Jos,5.595801281703804,9.749387295257025,Self-Employed,PhD,4.0,144067.0,36016.75,59706.0,14740.0,47182.0,105.0
CUST_004855,LOAN_00004855,49227,61304,90,Good,Access Bank,Benin City,11.764066632987005,4.485127993008133,Contract,Secondary,1.0,80706.0,80706.0,80706.0,80706.0,100570.0,90.0
CUST_004856,LOAN_00004856,595321,702561,30,Good,Zenith Bank,Kaduna,7.534848270322473,3.9604958890972872,Permanent,HND/BSc,1.0,34936.0,34936.0,34936.0,34936.0,41962.0,180.0
CUST_004857,LOAN_00004857,11885,14538,60,Good,UBA,Ibadan,4.0393658405470845,12.065988824361446,Self-Employed,HND/BSc,1.0,225502.0,225502.0,225502.0,225502.0,282696.0,180.0
CUST_004858,LOAN_00004858,337598,404823,90,Bad,First Bank,Ibadan,6.464846377348339,3.1140744290172675,Temporary,HND/BSc,5.0,288547.0,57709.4,143201.0,8761.0,69935.0,60.0
CUST_004859,LOAN_00004859,12217,15705,90,Good,Fidelity Bank,Calabar,9.37866093876004,14.508101323304714,Permanent,HND/BSc,3.0,143189.0,47729.666666666664,87511.0,25157.0,62468.333333333336,180.0
CUST_004860,LOAN_00004860,69929,81075,30,Good,Stanbic IBTC,Enugu,11.193393693639711,9.183064369350925,Permanent,PhD,5.0,117709.0,23541.8,41013.0,8704.0,29625.2,72.0
CUST_004861,LOAN_00004861,20007,24894,60,Good,Zenith Bank,Ibadan,5.200497553839336,14.796197168473782,Permanent,Secondary,0.0,0.0,0.0,0.0,0.0,0.0,0.0
CUST_004862,LOAN_00004862,147543,175758,60,Bad,Access Bank,Benin City,4.994872279750618,3.695970869672501,Self-Employed,Secondary,2.0,59153.0,29576.5,42398.0,16755.0,38145.0,180.0
CUST_004863,LOAN_00004863,92528,110420,180,Bad,Zenith Bank,Port Harcourt,12.298833882150983,10.00235458639096,Contract,Secondary,1.0,30088.0,30088.0,30088.0,30088.0,35845.0,180.0
CUST_004864,LOAN_00004864,43726,53940,90,Good,GTBank,Port Harcourt,10.760335310403244,7.191924431710934,Permanent,HND/BSc,4.0,301456.0,75364.0,152434.0,35325.0,98987.5,112.5
CUST_004865,LOAN_00004865,122048,163224,60,Good,GTBank,Kaduna,9.308016407002706,13.12178991377143,Self-Employed,HND/BSc,2.0,146530.0,73265.0,83769.0,62761.0,94395.0,135.0
CUST_004866,LOAN_00004866,37746,47012,90,Good,UBA,Kaduna,10.922681109963351,7.334672822811435,Contract,HND/BSc,5.0,165020.0,33004.0,78704.0,10869.0,43997.6,138.0
CUST_004867,LOAN_00004867,85104,106230,60,Good,UBA,Enugu,7.859689251759746,6.125850948688189,Permanent,HND/BSc,2.0,260229.0,130114.5,190005.0,70224.0,168348.5,60.0
CUST_004868,LOAN_00004868,35263,44356,30,Good,First Bank,Port Harcourt,10.826101725782138,13.29063752519896,Permanent,Masters,6.0,331952.0,55325.333333333336,88336.0,24923.0,71429.33333333333,50.0
CUST_004869,LOAN_00004869,168808,215295,90,Bad,Fidelity Bank,Kaduna,7.346226921470822,7.495837099839132,Permanent,HND/BSc,2.0,128116.0,64058.0,101877.0,26239.0,83092.0,180.0
CUST_004870,LOAN_00004870,68779,81060,30,Good,Stanbic IBTC,Ibadan,6.196851152433421,3.2019998383267376,Contract,HND/BSc,5.0,373930.0,74786.0,164220.0,8537.0,90726.8,72.0
CUST_004871,LOAN_00004871,32722,38516,60,Good,Zenith Bank,Kaduna,10.561120791636718,7.683469210072005,Permanent,Masters,2.0,74469.0,37234.5,50791.0,23678.0,44957.5,60.0
CUST_004872,LOAN_00004872,93815,112358,30,Good,GTBank,Abuja,7.777050629415415,10.854267228131302,Contract,Masters,2.0,77399.0,38699.5,54734.0,22665.0,51692.5,120.0
CUST_004873,LOAN_00004873,90778,116594,90,Bad,UBA,Enugu,12.832393938935754,6.052314465676583,Self-Employed,Secondary,1.0,17111.0,17111.0,17111.0,17111.0,20599.0,60.0
CUST_004874,LOAN_00004874,68460,85064,90,Bad,Union Bank,Jos,7.1453666407729095,8.183851109101887,Self-Employed,HND/BSc,3.0,263122.0,87707.33333333333,225498.0,13183.0,102371.33333333333,150.0
CUST_004875,LOAN_00004875,45080,57328,60,Good,Union Bank,Lagos,12.295546784779594,3.680581659386706,Permanent,Masters,1.0,55019.0,55019.0,55019.0,55019.0,75276.0,180.0
CUST_004876,LOAN_00004876,30346,35571,180,Good,Stanbic IBTC,Kano,12.396662937103716,10.057113498167489,Contract,Secondary,4.0,106310.0,26577.5,53847.0,5000.0,32338.5,105.0
CUST_004877,LOAN_00004877,152078,181852,60,Good,Zenith Bank,Lagos,6.176676523582716,12.075539086324724,Self-Employed,HND/BSc,2.0,108514.0,54257.0,94409.0,14105.0,72173.5,135.0
CUST_004878,LOAN_00004878,84336,106634,180,Bad,UBA,Lagos,11.18399063429212,7.959750736813323,Permanent,HND/BSc,2.0,162614.0,81307.0,153812.0,8802.0,101944.0,180.0
CUST_004879,LOAN_00004879,13921,16615,365,Good,UBA,Calabar,7.897670546301086,8.04279159361752,Permanent,Secondary,1.0,124733.0,124733.0,124733.0,124733.0,154734.0,90.0
CUST_004880,LOAN_00004880,116806,138376,180,Bad,GTBank,Jos,12.257722545073133,4.059389983018997,Contract,Secondary,4.0,282462.0,70615.5,118949.0,16412.0,84438.0,75.0
CUST_004881,LOAN_00004881,39192,51885,90,Good,GTBank,Kaduna,8.051118453717148,5.423290374143791,Contract,HND/BSc,3.0,55139.0,18379.666666666668,36914.0,8642.0,23052.0,70.0
CUST_004882,LOAN_00004882,394273,479562,90,Good,UBA,Calabar,10.698733456036294,4.856103637534952,Permanent,Masters,4.0,193046.0,48261.5,76183.0,21305.0,60286.75,37.5
CUST_004883,LOAN_00004883,52565,70700,90,Good,Access Bank,Lagos,8.202706682474181,8.780253223938455,Self-Employed,Masters,10.0,608060.0,60806.0,167024.0,16207.0,77302.2,102.0
CUST_004884,LOAN_00004884,34090,39534,90,Good,UBA,Abuja,6.0502068014157055,9.351066491409002,Contract,,3.0,452485.0,150828.33333333334,342448.0,12642.0,205225.66666666666,120.0
CUST_004885,LOAN_00004885,48327,62975,30,Good,Stanbic IBTC,Kano,5.794151160502176,14.38728157541112,Temporary,Secondary,1.0,207363.0,207363.0,207363.0,207363.0,253262.0,180.0
CUST_004886,LOAN_00004886,91367,109852,365,Bad,UBA,Lagos,7.82888074830711,3.878778051326807,Permanent,Secondary,5.0,473790.0,94758.0,184767.0,32920.0,126982.2,138.0
CUST_004887,LOAN_00004887,44433,55084,365,Good,First Bank,Port Harcourt,10.799451913127935,10.198415677860568,Self-Employed,Masters,2.0,163603.0,81801.5,94587.0,69016.0,106132.5,105.0
CUST_004888,LOAN_00004888,85459,111515,180,Bad,Fidelity Bank,Jos,9.445643366626902,9.317982327938896,Permanent,HND/BSc,3.0,365471.0,121823.66666666667,302236.0,5000.0,148559.66666666666,150.0
CUST_004889,LOAN_00004889,78741,100107,30,Good,First Bank,Jos,10.19766360910489,9.19479717522995,Contract,HND/BSc,1.0,31219.0,31219.0,31219.0,31219.0,40106.0,90.0
CUST_004890,LOAN_00004890,18797,21919,365,Good,First Bank,Jos,6.540937156587482,13.477911448593918,Contract,Secondary,3.0,137025.0,45675.0,65750.0,34788.0,56985.666666666664,100.0
CUST_004891,LOAN_00004891,115820,150781,90,Good,Access Bank,Enugu,8.33291811361845,5.466461648345838,Permanent,Secondary,3.0,271664.0,90554.66666666667,176091.0,22594.0,112780.33333333333,70.0
CUST_004892,LOAN_00004892,31024,36668,60,Good,Access Bank,Enugu,4.399557384723943,3.489279292096457,Self-Employed,HND/BSc,4.0,141156.0,35289.0,50422.0,17589.0,46342.75,90.0
CUST_004893,LOAN_00004893,17348,21068,90,Good,Union Bank,Ibadan,11.357791743623086,11.06725809161031,Permanent,Secondary,1.0,72982.0,72982.0,72982.0,72982.0,84759.0,180.0
CUST_004894,LOAN_00004894,121420,157620,365,Bad,UBA,Benin City,12.909029460158871,7.141889569631761,Contract,,2.0,152418.0,76209.0,102062.0,50356.0,91103.5,180.0
CUST_004895,LOAN_00004895,55076,68054,90,Good,First Bank,Kano,7.661911563622038,3.211078994550295,Permanent,Secondary,0.0,0.0,0.0,0.0,0.0,0.0,0.0
CUST_004896,LOAN_00004896,19663,25930,30,Good,Access Bank,Calabar,4.098672878183891,6.016488087484966,Self-Employed,,2.0,78841.0,39420.5,49745.0,29096.0,51562.0,120.0
CUST_004897,LOAN_00004897,148104,197234,90,Good,GTBank,Kaduna,5.528133755958526,6.711921290601742,Permanent,Masters,7.0,305801.0,43685.857142857145,82646.0,23641.0,57149.57142857143,98.57142857142857
CUST_004898,LOAN_00004898,46520,54469,180,Good,UBA,Lagos,9.87274189975377,10.402060521410904,Self-Employed,HND/BSc,2.0,73228.0,36614.0,43330.0,29898.0,45727.5,180.0
CUST_004899,LOAN_00004899,21936,27176,365,Good,Stanbic IBTC,Benin City,9.508713863834732,5.071029528591265,Self-Employed,Masters,6.0,727236.0,121206.0,252932.0,15137.0,149413.5,105.0
CUST_004900,LOAN_00004900,39437,52342,60,Good,Fidelity Bank,Kaduna,11.090782476269895,7.956652175440777,Self-Employed,HND/BSc,3.0,194646.0,64882.0,108595.0,19677.0,83672.0,50.0
CUST_004901,LOAN_00004901,21445,25364,60,Good,Zenith Bank,Calabar,6.284956098649614,8.789705333013991,Permanent,Secondary,7.0,388545.0,55506.42857142857,125036.0,5000.0,68990.42857142857,111.42857142857143
CUST_004902,LOAN_00004902,40179,53137,60,Good,UBA,Benin City,10.872687239924208,8.510848696369091,Contract,HND/BSc,3.0,159160.0,53053.333333333336,84458.0,10601.0,71782.33333333333,110.0
CUST_004903,LOAN_00004903,44075,58234,60,Good,Zenith Bank,Kaduna,10.19185619371303,14.68728920000138,Permanent,HND/BSc,1.0,22485.0,22485.0,22485.0,22485.0,30512.0,60.0
CUST_004904,LOAN_00004904,51729,62498,90,Good,First Bank,Abuja,6.90533047942459,3.5460508534835533,Self-Employed,HND/BSc,7.0,380269.0,54324.142857142855,115724.0,8105.0,67243.0,81.42857142857143
CUST_004905,LOAN_00004905,12592,16655,30,Good,Fidelity Bank,Enugu,8.909393332512657,14.411618237428792,Self-Employed,HND/BSc,7.0,320645.0,45806.42857142857,97496.0,17120.0,56815.71428571428,102.85714285714286
CUST_004906,LOAN_00004906,201218,240046,30,Good,Zenith Bank,Calabar,5.32546427648494,9.9832465679284,Contract,HND/BSc,3.0,294235.0,98078.33333333333,185777.0,45090.0,125361.66666666667,60.0
CUST_004907,LOAN_00004907,119205,139424,30,Good,First Bank,Kano,8.073080530920244,12.54873257963806,Self-Employed,HND/BSc,1.0,46996.0,46996.0,46996.0,46996.0,62472.0,30.0
CUST_004908,LOAN_00004908,45518,58577,90,Good,GTBank,Port Harcourt,11.930776056000768,8.164711416192905,Permanent,HND/BSc,2.0,132693.0,66346.5,125240.0,7453.0,89972.0,120.0
CUST_004909,LOAN_00004909,85021,103398,30,Good,Zenith Bank,Abuja,7.790722418428517,8.446054575083766,Contract,HND/BSc,3.0,92317.0,30772.333333333332,47743.0,10825.0,37174.0,140.0
CUST_004910,LOAN_00004910,62777,81041,30,Good,Fidelity Bank,Enugu,11.556100358278798,13.551917988189883,Permanent,HND/BSc,4.0,186032.0,46508.0,139027.0,7366.0,56261.75,90.0
CUST_004911,LOAN_00004911,78213,98066,30,Bad,Union Bank,Jos,9.312280287337249,13.751213955502823,Temporary,Masters,3.0,118190.0,39396.666666666664,73356.0,9253.0,48537.333333333336,80.0
CUST_004912,LOAN_00004912,19538,25444,365,Good,UBA,Enugu,5.726890417921212,5.864266577175572,Self-Employed,HND/BSc,3.0,152747.0,50915.666666666664,72136.0,22759.0,69559.66666666667,80.0
CUST_004913,LOAN_00004913,67386,87318,365,Bad,First Bank,Benin City,9.229956202281068,5.390902543015418,Self-Employed,Masters,2.0,74319.0,37159.5,54304.0,20015.0,48129.5,135.0
CUST_004914,LOAN_00004914,90953,121570,60,Bad,UBA,Ibadan,8.55384996241357,8.954822086439414,Temporary,HND/BSc,1.0,12680.0,12680.0,12680.0,12680.0,15129.0,180.0
CUST_004915,LOAN_00004915,14224,17964,90,Good,Fidelity Bank,Abuja,7.587772016767456,13.8033243255323,Permanent,HND/BSc,0.0,0.0,0.0,0.0,0.0,0.0,0.0
CUST_004916,LOAN_00004916,119181,155939,180,Bad,Access Bank,Jos,5.076673955644633,6.868261120874116,Temporary,HND/BSc,5.0,268586.0,53717.2,89767.0,19525.0,65223.8,78.0
CUST_004917,LOAN_00004917,53057,71109,90,Good,First Bank,Benin City,7.750377974625069,10.824175384069576,Permanent,Secondary,7.0,215851.0,30835.85714285714,63841.0,9983.0,39083.857142857145,72.85714285714286
CUST_004918,LOAN_00004918,11157,13297,60,Bad,Zenith Bank,Calabar,4.654861386156644,11.497820252887212,Self-Employed,,1.0,21128.0,21128.0,21128.0,21128.0,28134.0,90.0
CUST_004919,LOAN_00004919,42070,55720,60,Good,First Bank,Kano,4.888921462588761,12.34409597872987,Self-Employed,Secondary,2.0,258420.0,129210.0,227757.0,30663.0,176889.5,105.0
CUST_004920,LOAN_00004920,51355,63101,90,Good,UBA,Enugu,7.743248796394444,9.767093495051558,Permanent,HND/BSc,3.0,119046.0,39682.0,51644.0,29638.0,52621.333333333336,40.0
CUST_004921,LOAN_00004921,66689,79078,30,Bad,GTBank,Calabar,6.748433337716174,7.829462139347635,Permanent,Secondary,5.0,360833.0,72166.6,195058.0,9071.0,95795.6,54.0
CUST_004922,LOAN_00004922,320322,428799,60,Good,First Bank,Jos,12.329898932760011,14.604191865587676,Permanent,Secondary,2.0,40963.0,20481.5,24696.0,16267.0,26168.5,105.0
CUST_004923,LOAN_00004923,108909,141792,30,Bad,Zenith Bank,Benin City,7.381352248422434,10.335969039634232,Temporary,Masters,0.0,0.0,0.0,0.0,0.0,0.0,0.0
CUST_004924,LOAN_00004924,42320,50397,30,Good,Access Bank,Ibadan,10.820723098648902,11.74278253959925,Permanent,HND/BSc,2.0,214434.0,107217.0,188826.0,25608.0,146610.5,90.0
CUST_004925,LOAN_00004925,213824,252235,90,Good,Union Bank,Enugu,8.772227737296184,7.13979414835054,Contract,Masters,2.0,300168.0,150084.0,234567.0,65601.0,199410.5,120.0
CUST_004926,LOAN_00004926,83063,101120,365,Bad,Stanbic IBTC,Kano,10.336771017781018,11.039390172036962,Self-Employed,Secondary,9.0,399058.0,44339.77777777778,118009.0,20304.0,57669.333333333336,106.66666666666667
CUST_004927,LOAN_00004927,30428,36107,30,Good,GTBank,Ibadan,6.341043847138593,6.093571945969512,Permanent,Secondary,0.0,0.0,0.0,0.0,0.0,0.0,0.0
CUST_004928,LOAN_00004928,97177,124731,60,Bad,Union Bank,Kaduna,12.477144755544964,5.941163010343634,Contract,Secondary,6.0,269963.0,44993.833333333336,74832.0,10161.0,56064.166666666664,80.0
CUST_004929,LOAN_00004929,229198,285835,90,Good,Access Bank,Benin City,8.770796472229815,11.576666421713115,Contract,HND/BSc,4.0,170521.0,42630.25,59736.0,26656.0,54540.75,90.0
CUST_004930,LOAN_00004930,67276,80146,90,Good,First Bank,Calabar,11.481916641567247,9.25673683515522,Permanent,Masters,3.0,86307.0,28769.0,46557.0,19253.0,34363.666666666664,90.0
CUST_004931,LOAN_00004931,370120,499461,60,Bad,UBA,Enugu,7.285411241285021,11.199319325068675,Self-Employed,HND/BSc,3.0,119944.0,39981.333333333336,81515.0,12146.0,50047.666666666664,140.0
CUST_004932,LOAN_00004932,73353,88242,90,Good,Fidelity Bank,Enugu,4.901902141454721,6.2332618889771005,Permanent,HND/BSc,3.0,114943.0,38314.333333333336,61467.0,11456.0,47922.0,110.0
CUST_004933,LOAN_00004933,96930,127627,60,Bad,UBA,Jos,10.063404829487638,10.184680092680765,Permanent,,6.0,546644.0,91107.33333333333,411498.0,6852.0,117972.83333333333,110.0
CUST_004934,LOAN_00004934,103115,127334,90,Bad,Union Bank,Kano,4.069836835036821,8.32720379643735,Contract,Secondary,1.0,39541.0,39541.0,39541.0,39541.0,47414.0,90.0
CUST_004935,LOAN_00004935,13364,15712,30,Good,Zenith Bank,Port Harcourt,8.277636789089573,10.163523442146335,Contract,HND/BSc,1.0,13567.0,13567.0,13567.0,13567.0,15663.0,90.0
CUST_004936,LOAN_00004936,148867,200333,365,Bad,UBA,Kaduna,5.735217123998133,6.490556786930632,Temporary,HND/BSc,1.0,64774.0,64774.0,64774.0,64774.0,84710.0,90.0
CUST_004937,LOAN_00004937,107107,141881,60,Bad,GTBank,Ibadan,9.64637953991826,11.585411563789489,Self-Employed,Secondary,2.0,89923.0,44961.5,82829.0,7094.0,58441.0,180.0
CUST_004938,LOAN_00004938,10000,12682,180,Good,UBA,Abuja,12.81477885824067,12.671152393913587,Contract,Secondary,5.0,346023.0,69204.6,192027.0,28257.0,84234.4,132.0
CUST_004939,LOAN_00004939,28840,38048,60,Good,Zenith Bank,Abuja,8.179626156885814,6.118997686292683,Permanent,Secondary,1.0,16333.0,16333.0,16333.0,16333.0,22318.0,90.0
CUST_004940,LOAN_00004940,69007,80592,60,Good,Stanbic IBTC,Enugu,11.357484308731,6.607446718267704,Permanent,Masters,5.0,248216.0,49643.2,82502.0,25912.0,64018.0,102.0
CUST_004941,LOAN_00004941,257730,319308,60,Good,First Bank,Jos,8.57005768256009,10.933851236629115,Permanent,HND/BSc,1.0,6426.0,6426.0,6426.0,6426.0,8155.0,180.0
CUST_004942,LOAN_00004942,62738,73763,90,Good,Fidelity Bank,Lagos,8.462560279936216,11.347022091642527,Contract,Masters,3.0,167452.0,55817.333333333336,95931.0,5173.0,74239.66666666667,120.0
CUST_004943,LOAN_00004943,66294,82943,180,Bad,Union Bank,Enugu,12.373811438609,11.4491962127694,Self-Employed,HND/BSc,1.0,67072.0,67072.0,67072.0,67072.0,90298.0,60.0
CUST_004944,LOAN_00004944,132154,155161,30,Good,First Bank,Abuja,12.009692818720133,11.19238205731004,Permanent,HND/BSc,7.0,287550.0,41078.57142857143,98964.0,5000.0,51993.71428571428,47.142857142857146
CUST_004945,LOAN_00004945,40495,53508,90,Good,UBA,Abuja,11.07220418669177,7.713692603430466,Permanent,Masters,1.0,47453.0,47453.0,47453.0,47453.0,64056.0,180.0
CUST_004946,LOAN_00004946,43627,56267,60,Good,Access Bank,Kaduna,6.666301779851057,7.73824409284414,Contract,PhD,1.0,20900.0,20900.0,20900.0,20900.0,27828.0,180.0
CUST_004947,LOAN_00004947,54700,71382,90,Good,First Bank,Calabar,8.905075741515464,6.057811483732577,Permanent,Secondary,3.0,28206.0,9402.0,12971.0,7452.0,11501.333333333334,130.0
CUST_004948,LOAN_00004948,65953,83869,60,Bad,Stanbic IBTC,Lagos,6.015075099751165,4.882004398756356,Self-Employed,HND/BSc,5.0,243829.0,48765.8,84296.0,36416.0,62620.4,66.0
CUST_004949,LOAN_00004949,44653,53795,180,Good,UBA,Enugu,7.995250282418858,11.310928552762867,Contract,Masters,7.0,252170.0,36024.28571428572,66868.0,8872.0,45538.71428571428,60.0
CUST_004950,LOAN_00004950,700503,864203,90,Bad,Fidelity Bank,Kaduna,8.357917591838117,4.118265431667754,Contract,,5.0,315541.0,63108.2,137546.0,23722.0,80764.0,90.0
CUST_004951,LOAN_00004951,296969,384315,365,Bad,Zenith Bank,Jos,11.484760361523978,14.253507441441378,Permanent,,2.0,178008.0,89004.0,141062.0,36946.0,106462.5,60.0
CUST_004952,LOAN_00004952,46003,60105,180,Bad,Stanbic IBTC,Kaduna,12.064255287924938,12.920235644057415,Temporary,HND/BSc,0.0,0.0,0.0,0.0,0.0,0.0,0.0
CUST_004953,LOAN_00004953,66183,82373,90,Good,UBA,Enugu,7.7315805615683,13.290068879487071,Permanent,Secondary,7.0,274276.0,39182.28571428572,65998.0,9306.0,50411.142857142855,98.57142857142857
CUST_004954,LOAN_00004954,37281,47992,90,Good,Stanbic IBTC,Benin City,4.159340005659135,13.880025775382284,Self-Employed,Secondary,0.0,0.0,0.0,0.0,0.0,0.0,0.0
CUST_004955,LOAN_00004955,33938,40676,30,Good,First Bank,Port Harcourt,11.755964558104193,7.9032596486788815,Permanent,PhD,1.0,8866.0,8866.0,8866.0,8866.0,12332.0,180.0
CUST_004956,LOAN_00004956,26635,33758,30,Bad,Fidelity Bank,Enugu,5.568508106512246,13.160408680204812,Self-Employed,HND/BSc,4.0,226135.0,56533.75,159178.0,9960.0,76162.5,120.0
CUST_004957,LOAN_00004957,48000,62342,30,Good,Zenith Bank,Kano,9.596937675013542,4.896735603499792,Self-Employed,Secondary,5.0,221534.0,44306.8,102084.0,5108.0,60401.8,66.0
CUST_004958,LOAN_00004958,103695,138209,180,Bad,UBA,Abuja,4.224738103907181,3.259701535298828,Permanent,PhD,5.0,251292.0,50258.4,96041.0,15844.0,63538.0,102.0
CUST_004959,LOAN_00004959,30642,41233,90,Bad,GTBank,Lagos,7.595558277345079,12.418696735966202,Self-Employed,Secondary,3.0,156594.0,52198.0,124219.0,5000.0,61980.0,100.0
CUST_004960,LOAN_00004960,104400,134702,365,Good,Union Bank,Lagos,12.873642719038148,3.897559775963272,Self-Employed,Masters,1.0,17819.0,17819.0,17819.0,17819.0,24360.0,90.0
CUST_004961,LOAN_00004961,29460,35692,30,Good,Zenith Bank,Calabar,4.906242409934228,14.86229600791106,Permanent,HND/BSc,2.0,65072.0,32536.0,60072.0,5000.0,40326.5,30.0
CUST_004962,LOAN_00004962,141785,164545,365,Bad,GTBank,Port Harcourt,7.813238367996781,11.097557155218672,Permanent,Secondary,8.0,374800.0,46850.0,170563.0,13833.0,60329.25,86.25
CUST_004963,LOAN_00004963,16542,20533,60,Good,Stanbic IBTC,Kano,6.76434955170957,12.041396522905266,Contract,HND/BSc,3.0,151079.0,50359.666666666664,66217.0,36004.0,62335.666666666664,80.0
CUST_004964,LOAN_00004964,67953,86446,30,Bad,Access Bank,Abuja,12.14579311049438,5.949646275334391,Self-Employed,Secondary,9.0,298983.0,33220.333333333336,72170.0,11633.0,42369.11111111111,83.33333333333333
CUST_004965,LOAN_00004965,76499,99836,60,Bad,Zenith Bank,Lagos,11.824060971166196,11.086384727036258,Self-Employed,HND/BSc,1.0,32309.0,32309.0,32309.0,32309.0,42992.0,30.0
CUST_004966,LOAN_00004966,75527,91610,90,Bad,Stanbic IBTC,Kano,6.139288842756059,3.5186392470594865,Self-Employed,HND/BSc,7.0,468432.0,66918.85714285714,151826.0,7289.0,85453.28571428571,68.57142857142857
CUST_004967,LOAN_00004967,25794,30368,60,Good,GTBank,Kaduna,4.73069008345388,13.053908639083213,Self-Employed,Secondary,3.0,65957.0,21985.666666666668,46985.0,9017.0,27819.333333333332,90.0
CUST_004968,LOAN_00004968,89250,112632,90,Bad,First Bank,Calabar,9.644245546550057,5.035489116378869,Self-Employed,,6.0,218378.0,36396.333333333336,81060.0,5000.0,47114.166666666664,115.0
CUST_004969,LOAN_00004969,49017,61250,90,Good,First Bank,Enugu,7.027318406953388,11.368296802005249,Contract,HND/BSc,6.0,637484.0,106247.33333333333,366603.0,21893.0,134979.66666666666,80.0
CUST_004970,LOAN_00004970,91356,115920,60,Bad,Access Bank,Enugu,10.048759515454568,5.69376601479274,Permanent,Secondary,3.0,135168.0,45056.0,49806.0,40937.0,55418.333333333336,90.0
CUST_004971,LOAN_00004971,44182,54036,90,Good,Union Bank,Benin City,4.28907780461033,3.821438033112513,Temporary,Secondary,1.0,140646.0,140646.0,140646.0,140646.0,175731.0,60.0
CUST_004972,LOAN_00004972,21773,28850,60,Good,Zenith Bank,Abuja,5.200593116597405,8.777924142592731,Permanent,Secondary,8.0,723955.0,90494.375,373378.0,18456.0,115734.25,63.75
CUST_004973,LOAN_00004973,92761,118962,30,Bad,Zenith Bank,Kano,10.177350094953791,5.031434523273473,Permanent,,1.0,19618.0,19618.0,19618.0,19618.0,26070.0,60.0
CUST_004974,LOAN_00004974,96901,119427,60,Bad,Zenith Bank,Ibadan,5.91133589772248,11.753327859918596,Self-Employed,Secondary,0.0,0.0,0.0,0.0,0.0,0.0,0.0
CUST_004975,LOAN_00004975,14417,18890,90,Good,Union Bank,Lagos,11.718289081861611,5.850790120601818,Contract,HND/BSc,5.0,173935.0,34787.0,97361.0,12346.0,47434.4,78.0
CUST_004976,LOAN_00004976,95315,116183,60,Good,Stanbic IBTC,Jos,4.527317989391219,7.109670674829946,Permanent,Masters,9.0,646509.0,71834.33333333333,241451.0,10909.0,94177.55555555556,146.66666666666666
CUST_004977,LOAN_00004977,44285,53069,30,Good,Fidelity Bank,Jos,5.939337845070172,9.809271015173676,Permanent,HND/BSc,8.0,435461.0,54432.625,88213.0,10616.0,69189.375,75.0
CUST_004978,LOAN_00004978,53033,70505,90,Good,Fidelity Bank,Enugu,12.987042236365616,6.419619330927739,Contract,HND/BSc,3.0,355944.0,118648.0,161281.0,76302.0,152680.33333333334,110.0
CUST_004979,LOAN_00004979,82500,100769,90,Bad,Access Bank,Ibadan,7.897684923281133,7.53585739451954,Temporary,Masters,1.0,65235.0,65235.0,65235.0,65235.0,88028.0,30.0
CUST_004980,LOAN_00004980,123236,153713,30,Good,Zenith Bank,Jos,10.326690971901792,12.78746125248464,Contract,Masters,1.0,97518.0,97518.0,97518.0,97518.0,133689.0,90.0
CUST_004981,LOAN_00004981,60008,74357,60,Good,Stanbic IBTC,Port Harcourt,5.643967439713123,5.150518194732308,Contract,Secondary,7.0,312343.0,44620.42857142857,98685.0,5000.0,55388.142857142855,111.42857142857143
CUST_004982,LOAN_00004982,45829,61623,60,Good,First Bank,Port Harcourt,9.48881861486984,3.986419073783204,Permanent,HND/BSc,0.0,0.0,0.0,0.0,0.0,0.0,0.0
CUST_004983,LOAN_00004983,45184,57686,90,Good,GTBank,Abuja,10.534954615324766,6.940293421596231,Permanent,PhD,1.0,66993.0,66993.0,66993.0,66993.0,89014.0,60.0
CUST_004984,LOAN_00004984,21497,27512,30,Good,Stanbic IBTC,Ibadan,6.830289722798595,8.092521204166538,Permanent,HND/BSc,2.0,57996.0,28998.0,50470.0,7526.0,37506.5,45.0
CUST_004985,LOAN_00004985,87813,118440,60,Good,Union Bank,Port Harcourt,11.4600740077829,9.511911385638813,Permanent,Masters,1.0,67244.0,67244.0,67244.0,67244.0,92079.0,30.0
CUST_004986,LOAN_00004986,40931,54871,90,Good,Fidelity Bank,Port Harcourt,9.43075820625055,7.469084354100085,Contract,,3.0,144017.0,48005.666666666664,71535.0,22102.0,56894.666666666664,50.0
CUST_004987,LOAN_00004987,38961,51148,60,Good,Fidelity Bank,Enugu,7.502107086535272,12.47894040267366,Permanent,HND/BSc,2.0,70348.0,35174.0,45849.0,24499.0,45813.5,75.0
CUST_004988,LOAN_00004988,93510,121024,60,Good,First Bank,Jos,9.018781540088426,3.471833852021679,Permanent,Secondary,2.0,55324.0,27662.0,30685.0,24639.0,32705.5,60.0
CUST_004989,LOAN_00004989,75218,93407,60,Bad,First Bank,Abuja,9.190847626923318,8.181210458382695,Self-Employed,Secondary,1.0,34670.0,34670.0,34670.0,34670.0,47653.0,60.0
CUST_004990,LOAN_00004990,34858,43257,180,Bad,Union Bank,Kano,5.489817634244794,7.587070975876855,Self-Employed,HND/BSc,1.0,6124.0,6124.0,6124.0,6124.0,8140.0,90.0
CUST_004991,LOAN_00004991,100824,126816,60,Bad,GTBank,Kaduna,7.624591328802696,10.770941889682309,Temporary,Secondary,2.0,117157.0,58578.5,67952.0,49205.0,76646.0,105.0
CUST_004992,LOAN_00004992,52202,66676,365,Good,First Bank,Lagos,7.090875292175438,14.595315022768752,Contract,,3.0,257896.0,85965.33333333333,172663.0,12150.0,107581.66666666667,100.0
CUST_004993,LOAN_00004993,22671,29370,60,Good,Access Bank,Lagos,7.608124503212135,9.124504879546349,Permanent,HND/BSc,3.0,161927.0,53975.666666666664,64555.0,37968.0,69680.66666666667,80.0
CUST_004994,LOAN_00004994,31717,38103,180,Good,GTBank,Calabar,10.849995296367322,14.842522163300648,Self-Employed,HND/BSc,5.0,312795.0,62559.0,102665.0,17875.0,83044.8,96.0
CUST_004995,LOAN_00004995,62726,81029,30,Good,First Bank,Kaduna,8.342845667200054,6.62699273895837,Permanent,Masters,1.0,21888.0,21888.0,21888.0,21888.0,27895.0,90.0
CUST_004996,LOAN_00004996,31633,37032,60,Good,UBA,Kaduna,12.46284537915338,3.370417590509532,Self-Employed,HND/BSc,2.0,37650.0,18825.0,18886.0,18764.0,23361.5,120.0
CUST_004997,LOAN_00004997,66963,87668,180,Bad,Stanbic IBTC,Lagos,6.6430877202259255,4.987958009716953,Self-Employed,HND/BSc,1.0,7950.0,7950.0,7950.0,7950.0,10843.0,30.0
CUST_004998,LOAN_00004998,83072,96795,90,Bad,First Bank,Lagos,7.741332204564361,7.741498617294807,Self-Employed,Secondary,3.0,179868.0,59956.0,94158.0,17272.0,71275.33333333333,70.0
CUST_004999,LOAN_00004999,71135,88389,30,Bad,Access Bank,Kano,11.082611294311372,6.796006910262626,Temporary,HND/BSc,2.0,122085.0,61042.5,72642.0,49443.0,76792.5,120.0
CUST_005000,LOAN_00005000,68225,90978,90,Bad,Zenith Bank,Ibadan,8.914221339886751,4.164649571800532,Self-Employed,Masters,3.0,334545.0,111515.0,205831.0,32775.0,140076.33333333334,70.0
